record_id,source_label,relative_path,partition,development_fold,mae,rmse,pearson,cosine,mp4_motion_start,npy_motion_start,motion_start_difference,mp4_motion_end,npy_motion_end,motion_end_difference,mp4_pose_present_frames,npy_pose_present_frames,pose_presence_difference,mp4_left_hand_present_frames,npy_left_hand_present_frames,left_hand_presence_difference,mp4_right_hand_present_frames,npy_right_hand_present_frames,right_hand_presence_difference,mp4_trajectory_motion_mean_l2,npy_trajectory_motion_mean_l2,mp4_trajectory_motion_p95_l2,npy_trajectory_motion_p95_l2,mp4_trajectory_motion_max_l2,npy_trajectory_motion_max_l2
8cccecb0392957ec,HELLO,Transactional Filipino Sign Language Dataset/Transactional Filipino Sign Language Dataset/recorded_data/HELLO/HELLO_11.mp4,development,3,0.066321905,0.153490016,0.980695922,0.983785686,9,9,0,59,74,15,75,75,0,61,62,1,0,0,0,0.870339180,0.984724575,3.097070064,6.161964289,12.403641216,12.227917914
ecf9c0bae346ffec,HELLO,Transactional Filipino Sign Language Dataset/Transactional Filipino Sign Language Dataset/recorded_data/HELLO/HELLO_15.mp4,development,2,0.050417853,0.197486906,0.967333497,0.973307926,0,0,0,73,73,0,75,75,0,70,69,-1,0,0,0,1.779963011,1.625751368,6.944280401,5.762445625,10.772698794,11.019888458
27fbd9fafbbe1785,HELLO,Transactional Filipino Sign Language Dataset/Transactional Filipino Sign Language Dataset/recorded_data/HELLO/HELLO_16.mp4,development,2,0.087555172,0.220142314,0.947542736,0.958764870,25,25,0,74,63,-11,75,75,0,56,55,-1,0,0,0,0.973825377,0.521856411,2.441248609,1.122690247,11.986229314,2.336863715
d6a2c561c7524f61,HELLO,Transactional Filipino Sign Language Dataset/Transactional Filipino Sign Language Dataset/recorded_data/HELLO/HELLO_17.mp4,development,1,0.094440089,0.222981356,0.948181034,0.959821912,19,18,-1,56,43,-13,75,75,0,53,55,2,0,0,0,0.562947565,0.690710974,1.564462920,2.809364106,5.130521389,6.407730102
9fb7ce796aacdce8,HELLO,Transactional Filipino Sign Language Dataset/Transactional Filipino Sign Language Dataset/recorded_data/HELLO/HELLO_18.mp4,sealed_test,,0.071325228,0.301643449,0.926207925,0.947775464,10,8,-2,54,54,0,75,75,0,39,40,1,0,0,0,1.777711948,2.581107242,6.395594403,11.406095831,16.100218712,30.907759411
9fe5d089948f2162,HELLO,Transactional Filipino Sign Language Dataset/Transactional Filipino Sign Language Dataset/recorded_data/HELLO/HELLO_19.mp4,development,3,0.138708803,0.629353887,0.744760725,0.805394706,9,9,0,67,73,6,75,75,0,65,66,1,0,0,0,1.603335196,4.414926659,5.095358016,15.684281835,9.383833263,63.085214125
cb64c7cc335acaf8,HELLO,Transactional Filipino Sign Language Dataset/Transactional Filipino Sign Language Dataset/recorded_data/HELLO/HELLO_21.mp4,development,3,0.149303569,0.362389589,0.802703632,0.854893120,17,13,-4,46,71,25,75,75,0,47,50,3,0,0,0,0.581466300,1.783796900,1.315482140,4.872004696,1.836759575,11.535452704
10ce86236a40de14,HELLO,Transactional Filipino Sign Language Dataset/Transactional Filipino Sign Language Dataset/recorded_data/HELLO/HELLO_23.mp4,development,3,0.051348880,0.124862697,0.990915393,0.991961155,12,12,0,55,70,15,75,75,0,61,61,0,0,0,0,0.721428480,0.757696309,2.277221592,2.889146863,10.678373350,8.635769584
38cab487727fb23a,HELLO,Transactional Filipino Sign Language Dataset/Transactional Filipino Sign Language Dataset/recorded_data/HELLO/HELLO_24.mp4,development,1,0.018659449,0.042809088,0.997885780,0.998447681,7,7,0,74,74,0,75,75,0,75,75,0,0,0,0,0.935701830,1.009566315,2.298609991,2.477205908,2.481810648,2.715659296
7e6b8b2c9a0eb1cb,HELLO,Transactional Filipino Sign Language Dataset/Transactional Filipino Sign Language Dataset/recorded_data/HELLO/HELLO_26.mp4,development,2,0.037796785,0.094718068,0.992216999,0.993433989,10,10,0,74,74,0,75,75,0,75,75,0,0,0,0,0.693247915,0.727161846,1.604647817,1.473323173,1.654116325,1.893446912
e6ed227a776de510,HELLO,Transactional Filipino Sign Language Dataset/Transactional Filipino Sign Language Dataset/recorded_data/HELLO/HELLO_28.mp4,development,0,0.031215795,0.068917695,0.997088611,0.997730380,10,10,0,72,72,0,75,75,0,63,63,0,0,0,0,1.257628582,1.220233690,5.296335391,5.225315052,9.939888289,10.036798160
b7c6e9d86395af27,HELLO,Transactional Filipino Sign Language Dataset/Transactional Filipino Sign Language Dataset/recorded_data/HELLO/HELLO_30.mp4,sealed_test,,0.047587387,0.152472890,0.978139054,0.983985730,7,9,2,69,68,-1,75,75,0,55,55,0,0,0,0,1.745333130,1.438340816,8.772062582,5.905122107,10.766764204,11.005005689
c63333e6aa6cc7b9,HELLO,Transactional Filipino Sign Language Dataset/Transactional Filipino Sign Language Dataset/recorded_data/HELLO/HELLO_31.mp4,development,2,0.063861408,0.177863625,0.966785278,0.975761338,16,13,-3,62,68,6,75,75,0,60,59,-1,0,0,0,0.617196152,0.732827765,1.524165717,1.706001642,2.369185928,6.629242175
353d6b425c535fd3,HELLO,Transactional Filipino Sign Language Dataset/Transactional Filipino Sign Language Dataset/recorded_data/HELLO/HELLO_36.mp4,development,0,0.017498430,0.040951397,0.997881923,0.998346113,0,0,0,74,74,0,75,75,0,75,75,0,0,0,0,1.007391179,0.959217318,2.267686530,2.155623885,2.441411110,2.325441188
a31308a9d77e972d,HELLO,Transactional Filipino Sign Language Dataset/Transactional Filipino Sign Language Dataset/recorded_data/HELLO/HELLO_38.mp4,development,1,0.019384627,0.037667407,0.998695736,0.998652657,10,10,0,67,67,0,75,75,0,75,75,0,0,0,0,0.765520442,0.759846750,1.778706728,1.748201028,3.131104505,2.398888654
5bd07b798bffba22,HELLO,Transactional Filipino Sign Language Dataset/Transactional Filipino Sign Language Dataset/recorded_data/HELLO/HELLO_40.mp4,development,0,0.023633724,0.051831996,0.996855288,0.997581868,17,17,0,74,74,0,75,75,0,54,54,0,0,0,0,1.213560982,1.235194616,2.412847842,2.797618386,6.896942822,7.969993681
d5c1e0bcb5afc977,HELLO,Transactional Filipino Sign Language Dataset/Transactional Filipino Sign Language Dataset/recorded_data/HELLO/HELLO_42.mp4,development,1,0.032768657,0.084253187,0.995584846,0.996263774,7,7,0,74,74,0,75,75,0,75,75,0,0,0,0,0.897700570,0.974788182,1.993040781,2.289718675,2.438725770,2.650434300
cac572c15e111810,HELLO,Transactional Filipino Sign Language Dataset/Transactional Filipino Sign Language Dataset/recorded_data/HELLO/HELLO_44.mp4,development,0,0.025936489,0.053133320,0.998371577,0.998739035,4,4,0,70,70,0,75,75,0,75,74,-1,0,0,0,1.160444634,1.099966795,2.829936003,2.834763460,3.499859431,3.455212401
699f83d5b7405011,HELLO,Transactional Filipino Sign Language Dataset/Transactional Filipino Sign Language Dataset/recorded_data/HELLO/HELLO_48.mp4,sealed_test,,0.022845225,0.040303815,0.998558304,0.998874024,0,0,0,73,73,0,75,75,0,75,75,0,0,0,0,0.726215491,0.688312060,1.543142260,1.675247788,2.202807312,2.170865988
c116b3e0fe7c9a5a,THANK_YOU,Transactional Filipino Sign Language Dataset/Transactional Filipino Sign Language Dataset/recorded_data/THANK_YOU/THANK_YOU_10.mp4,development,3,0.803302138,1.713322985,0.754104203,0.816054018,13,14,1,73,43,-30,75,75,0,59,58,-1,56,58,2,5.743076860,2.572068934,15.251014950,9.036117301,25.978034768,16.145624833
8d5b74a5e075dd00,THANK_YOU,Transactional Filipino Sign Language Dataset/Transactional Filipino Sign Language Dataset/recorded_data/THANK_YOU/THANK_YOU_11.mp4,development,1,0.178209532,0.672463099,0.905820067,0.933093859,6,7,1,57,57,0,75,75,0,45,44,-1,39,42,3,3.239251530,3.836792378,11.671582427,16.531268149,30.661186075,31.777419771
902aab229548beda,THANK_YOU,Transactional Filipino Sign Language Dataset/Transactional Filipino Sign Language Dataset/recorded_data/THANK_YOU/THANK_YOU_12.mp4,development,1,0.092402653,0.237689162,0.993569380,0.995409866,17,17,0,74,74,0,75,75,0,75,75,0,72,72,0,4.391558152,4.589336122,16.300701903,16.321728277,26.771796149,32.877860782
e68d9286cc9d821e,THANK_YOU,Transactional Filipino Sign Language Dataset/Transactional Filipino Sign Language Dataset/recorded_data/THANK_YOU/THANK_YOU_15.mp4,development,2,0.181566017,0.423379126,0.956371918,0.971587954,0,5,5,68,73,5,75,75,0,75,75,0,75,75,0,1.827855928,1.781486584,7.485838992,7.047398190,9.384768593,11.033242740
2da84bdae3189fbb,THANK_YOU,Transactional Filipino Sign Language Dataset/Transactional Filipino Sign Language Dataset/recorded_data/THANK_YOU/THANK_YOU_16.mp4,development,0,0.099969548,0.185113700,0.996560655,0.997719171,7,7,0,69,69,0,75,75,0,66,66,0,64,64,0,2.679462390,2.426082181,9.429737916,8.589214547,16.259447627,12.544977822
1634734e49a272a8,THANK_YOU,Transactional Filipino Sign Language Dataset/Transactional Filipino Sign Language Dataset/recorded_data/THANK_YOU/THANK_YOU_19.mp4,development,0,0.133187326,0.415504458,0.935627945,0.955733461,0,0,0,74,74,0,75,75,0,75,75,0,64,62,-2,4.439377943,4.854442581,15.223274648,19.259153791,26.669211962,28.705637423
7e4662d5cc20a117,THANK_YOU,Transactional Filipino Sign Language Dataset/Transactional Filipino Sign Language Dataset/recorded_data/THANK_YOU/THANK_YOU_2.mp4,development,0,0.048056769,0.113191908,0.996568714,0.997538615,15,15,0,74,74,0,75,75,0,54,54,0,55,55,0,3.718226959,3.490652746,19.752768133,18.953761050,34.356026656,30.491669141
d22110acbc74c314,THANK_YOU,Transactional Filipino Sign Language Dataset/Transactional Filipino Sign Language Dataset/recorded_data/THANK_YOU/THANK_YOU_21.mp4,development,3,0.157130838,0.388745851,0.973884070,0.981762247,13,12,-1,74,74,0,75,75,0,75,75,0,75,75,0,4.905558971,4.387097225,13.559935104,14.600725286,20.152159530,23.070707180
94920a3c558c7c5e,THANK_YOU,Transactional Filipino Sign Language Dataset/Transactional Filipino Sign Language Dataset/recorded_data/THANK_YOU/THANK_YOU_23.mp4,sealed_test,,0.114241417,0.261215536,0.991783870,0.994498198,11,11,0,74,74,0,75,75,0,61,62,1,62,62,0,5.254599135,5.197538495,14.755319286,15.688930809,28.009162272,23.902497066
7e00eb8e68caeec7,THANK_YOU,Transactional Filipino Sign Language Dataset/Transactional Filipino Sign Language Dataset/recorded_data/THANK_YOU/THANK_YOU_25.mp4,development,0,0.073456489,0.323257578,0.982220717,0.987729022,10,10,0,74,74,0,75,75,0,75,75,0,75,75,0,5.397077430,4.710150166,15.355773799,15.188626438,33.315384846,24.923627871
2780e0cc5c9e0fb5,THANK_YOU,Transactional Filipino Sign Language Dataset/Transactional Filipino Sign Language Dataset/recorded_data/THANK_YOU/THANK_YOU_27.mp4,sealed_test,,0.088516551,0.200760572,0.987188051,0.991036010,14,14,0,74,74,0,75,75,0,59,58,-1,56,57,1,4.959250502,4.801649946,13.682571603,12.761858566,16.021176551,15.090524160
a8a77458a193fa19,THANK_YOU,Transactional Filipino Sign Language Dataset/Transactional Filipino Sign Language Dataset/recorded_data/THANK_YOU/THANK_YOU_29.mp4,development,0,0.504432545,1.061665783,0.640348655,0.739448734,9,0,-9,74,74,0,75,75,0,75,75,0,67,71,4,5.028397406,5.348713224,14.923751555,16.081776486,22.194321209,20.116448733
0ae3bad0bbcb0a07,THANK_YOU,Transactional Filipino Sign Language Dataset/Transactional Filipino Sign Language Dataset/recorded_data/THANK_YOU/THANK_YOU_3.mp4,development,3,0.339560003,0.903914962,0.889942032,0.918402872,9,9,0,60,62,2,75,75,0,63,63,0,57,58,1,6.521326731,6.578408260,22.506319119,22.116898717,25.842442177,46.568955971
9733179cfac993ef,THANK_YOU,Transactional Filipino Sign Language Dataset/Transactional Filipino Sign Language Dataset/recorded_data/THANK_YOU/THANK_YOU_31.mp4,development,2,0.042183690,0.077796265,0.997249220,0.998035087,10,10,0,70,70,0,75,75,0,75,75,0,75,75,0,1.823071077,1.787816486,4.581284130,4.420915402,6.426723422,6.139138325
0aec5f415b76871b,THANK_YOU,Transactional Filipino Sign Language Dataset/Transactional Filipino Sign Language Dataset/recorded_data/THANK_YOU/THANK_YOU_35.mp4,development,2,0.099418907,0.250087942,0.992283052,0.994735416,8,8,0,69,69,0,75,75,0,75,75,0,75,75,0,7.222623193,6.327022961,21.961911047,20.023670949,34.162379714,35.620443946
59e38042ead0b269,THANK_YOU,Transactional Filipino Sign Language Dataset/Transactional Filipino Sign Language Dataset/recorded_data/THANK_YOU/THANK_YOU_37.mp4,sealed_test,,0.065483026,0.129656884,0.993869301,0.996126150,13,13,0,74,74,0,75,75,0,75,75,0,75,75,0,3.440339817,3.123253668,9.023401533,8.081188619,14.944009953,13.677846181
d1b17cc21df29240,THANK_YOU,Transactional Filipino Sign Language Dataset/Transactional Filipino Sign Language Dataset/recorded_data/THANK_YOU/THANK_YOU_39.mp4,development,2,0.053591675,0.108218576,0.997968533,0.998577357,4,4,0,74,74,0,75,75,0,69,69,0,69,69,0,3.786567139,3.710983945,11.103240994,10.636198884,12.428115596,13.045237081
ed4e143c0bab34ec,THANK_YOU,Transactional Filipino Sign Language Dataset/Transactional Filipino Sign Language Dataset/recorded_data/THANK_YOU/THANK_YOU_4.mp4,development,3,0.221607774,0.556198712,0.975037359,0.982213922,15,15,0,74,73,-1,75,75,0,58,58,0,55,56,1,5.703700011,4.223586085,23.104362786,14.757161632,30.494900325,20.113598349
187a73d43a51cded,THANK_YOU,Transactional Filipino Sign Language Dataset/Transactional Filipino Sign Language Dataset/recorded_data/THANK_YOU/THANK_YOU_40.mp4,development,1,0.091097981,0.222193950,0.990245388,0.993295980,13,13,0,51,51,0,75,75,0,38,38,0,38,38,0,3.076883832,2.922096828,9.759157488,8.108325169,15.503595457,15.551257326
90eb93462b5e8e53,THANK_YOU,Transactional Filipino Sign Language Dataset/Transactional Filipino Sign Language Dataset/recorded_data/THANK_YOU/THANK_YOU_41.mp4,development,1,0.705300608,1.470261017,0.733104884,0.802137613,0,9,9,72,72,0,75,75,0,74,73,-1,71,72,1,9.242862560,6.593940296,31.050922364,23.234594944,36.253424080,24.559324738
fd9042647ea9e524,THANK_YOU,Transactional Filipino Sign Language Dataset/Transactional Filipino Sign Language Dataset/recorded_data/THANK_YOU/THANK_YOU_5.mp4,sealed_test,,0.357193059,1.254439351,0.825592881,0.868772252,11,11,0,69,69,0,75,75,0,51,53,2,42,49,7,10.363493175,9.789829868,40.254391440,32.044835956,68.319462029,49.804612327
a7a1ac7edaf65228,THANK_YOU,Transactional Filipino Sign Language Dataset/Transactional Filipino Sign Language Dataset/recorded_data/THANK_YOU/THANK_YOU_6.mp4,development,3,0.177599046,0.403865564,0.983941282,0.988094503,9,8,-1,62,62,0,75,75,0,63,63,0,63,63,0,4.858781986,4.841874930,17.207440828,12.568830894,21.069680273,28.037927158
891f73f66683211f,THANK_YOU,Transactional Filipino Sign Language Dataset/Transactional Filipino Sign Language Dataset/recorded_data/THANK_YOU/THANK_YOU_7.mp4,development,2,0.306737838,1.555421729,0.699089989,0.764585252,12,12,0,70,70,0,75,75,0,55,52,-3,53,52,-1,9.863877461,5.999628285,34.653816579,23.427373976,68.324071970,39.484186759
fb64b2268a82158e,THANK_YOU,Transactional Filipino Sign Language Dataset/Transactional Filipino Sign Language Dataset/recorded_data/THANK_YOU/THANK_YOU_8.mp4,development,1,0.322232337,0.947263801,0.942942131,0.957280574,8,8,0,74,74,0,75,75,0,61,60,-1,61,56,-5,7.039440094,8.864802795,18.524341782,33.300435019,54.831630880,76.306343957
3d3d5c060921d9f6,YES,Transactional Filipino Sign Language Dataset/Transactional Filipino Sign Language Dataset/recorded_data/YES/YES_1.mp4,sealed_test,,0.055132079,0.113959450,0.992769769,0.995235054,0,0,0,67,67,0,75,75,0,75,75,0,0,0,0,1.670068036,1.612598165,3.091360052,3.048648840,7.184597307,6.281717757
149500f4c7eed7ad,YES,Transactional Filipino Sign Language Dataset/Transactional Filipino Sign Language Dataset/recorded_data/YES/YES_10.mp4,development,2,0.105868835,0.450527396,0.910994713,0.936469047,9,12,3,74,74,0,75,75,0,62,61,-1,0,0,0,2.912204343,1.500647671,15.511853731,3.430703478,32.097301249,11.365326240
4a078739588f65a5,YES,Transactional Filipino Sign Language Dataset/Transactional Filipino Sign Language Dataset/recorded_data/YES/YES_11.mp4,development,0,0.051898648,0.112379332,0.990765916,0.994647101,9,9,0,73,73,0,75,75,0,75,75,0,0,0,0,1.393461457,1.474646828,2.899534585,2.993811936,3.156419165,3.941943290
c99d1f2068f7a9b5,YES,Transactional Filipino Sign Language Dataset/Transactional Filipino Sign Language Dataset/recorded_data/YES/YES_12.mp4,development,1,0.164657602,0.806491505,0.668540525,0.788033371,8,6,-2,74,74,0,75,75,0,64,64,0,3,4,1,3.937413410,4.215920621,24.689785436,13.878298530,38.722297910,52.243271797
2083cf9e01330c64,YES,Transactional Filipino Sign Language Dataset/Transactional Filipino Sign Language Dataset/recorded_data/YES/YES_13.mp4,development,0,0.126732615,0.737922867,0.702134249,0.824106753,7,7,0,65,65,0,75,75,0,75,75,0,1,0,-1,4.177909244,1.034366877,15.760267860,2.594436322,71.603536974,3.657985575
4ebb81ee0eba3583,YES,Transactional Filipino Sign Language Dataset/Transactional Filipino Sign Language Dataset/recorded_data/YES/YES_15.mp4,sealed_test,,0.083978368,0.210073014,0.976697771,0.986260183,0,0,0,74,74,0,75,75,0,75,75,0,0,0,0,1.632636541,1.386384679,3.157874433,3.002956648,3.346082200,3.101057495
e4257613e0b4e59a,YES,Transactional Filipino Sign Language Dataset/Transactional Filipino Sign Language Dataset/recorded_data/YES/YES_16.mp4,development,3,0.068308143,0.176518390,0.985493416,0.990050788,6,7,1,74,74,0,75,75,0,67,66,-1,0,0,0,2.385765356,1.997678510,5.769470877,5.264719039,12.542758625,8.053582041
b699378492239605,YES,Transactional Filipino Sign Language Dataset/Transactional Filipino Sign Language Dataset/recorded_data/YES/YES_17.mp4,development,2,0.033141545,0.072496740,0.997267580,0.998587552,0,0,0,74,74,0,75,75,0,75,75,0,0,0,0,1.843260719,1.745086684,4.666042416,4.521077939,16.431325008,13.329771471
e9d29e8c1489a156,YES,Transactional Filipino Sign Language Dataset/Transactional Filipino Sign Language Dataset/recorded_data/YES/YES_18.mp4,development,1,0.018897369,0.038862760,0.999128938,0.999529635,7,7,0,73,73,0,75,75,0,66,66,0,0,0,0,2.351085428,2.341232182,7.290000166,7.172626105,8.539678094,8.510032183
e378ae8ccfb4eb39,YES,Transactional Filipino Sign Language Dataset/Transactional Filipino Sign Language Dataset/recorded_data/YES/YES_2.mp4,development,3,0.111315529,0.306885927,0.913498929,0.947611862,8,9,1,66,71,5,75,75,0,58,58,0,0,0,0,1.726000568,2.330832287,3.782060958,9.503961634,11.797127941,16.906563738
156ae91ff3e5ba3b,YES,Transactional Filipino Sign Language Dataset/Transactional Filipino Sign Language Dataset/recorded_data/YES/YES_20.mp4,development,0,0.016513233,0.031676275,0.998639529,0.999216788,16,16,0,74,74,0,75,75,0,75,75,0,0,0,0,0.714909412,0.744875344,1.514134204,1.644707805,2.136683062,2.199290717
466f27bb22a6cd5e,YES,Transactional Filipino Sign Language Dataset/Transactional Filipino Sign Language Dataset/recorded_data/YES/YES_21.mp4,development,2,0.058316081,0.137958202,0.991977338,0.995241980,2,2,0,74,74,0,75,75,0,75,75,0,0,0,0,1.781214897,1.802225968,2.980835393,3.407573107,4.009106597,4.251790002
2c7f77596f74e43b,YES,Transactional Filipino Sign Language Dataset/Transactional Filipino Sign Language Dataset/recorded_data/YES/YES_22.mp4,development,1,0.065290838,0.151104845,0.989388955,0.993560375,6,6,0,62,61,-1,75,75,0,75,75,0,0,0,0,1.000126900,0.891233344,1.791723265,1.539367223,2.216444353,2.011918808
dee6fd70e27f85d2,YES,Transactional Filipino Sign Language Dataset/Transactional Filipino Sign Language Dataset/recorded_data/YES/YES_25.mp4,development,1,0.021015664,0.051236057,0.997447141,0.998626497,5,5,0,74,74,0,75,75,0,75,73,-2,0,0,0,2.864200518,2.872703288,7.064213201,6.880098921,9.931646060,9.886984771
0a7d7e07df949f89,YES,Transactional Filipino Sign Language Dataset/Transactional Filipino Sign Language Dataset/recorded_data/YES/YES_26.mp4,development,0,0.020458910,0.051264480,0.997270997,0.998519066,7,7,0,74,74,0,75,75,0,66,66,0,0,0,0,2.766433579,2.837111978,6.135383877,6.556315321,7.763343834,7.972060005
e5414dc5def01997,YES,Transactional Filipino Sign Language Dataset/Transactional Filipino Sign Language Dataset/recorded_data/YES/YES_29.mp4,development,0,0.041010249,0.097650269,0.990446371,0.994305252,11,9,-2,74,74,0,75,75,0,75,75,0,0,0,0,0.976532604,1.092545992,1.879264125,2.310795666,3.116531545,2.624607633
d1d9756e717b82a8,YES,Transactional Filipino Sign Language Dataset/Transactional Filipino Sign Language Dataset/recorded_data/YES/YES_3.mp4,sealed_test,,0.020750091,0.036029219,0.998217848,0.999000649,2,2,0,74,74,0,75,75,0,71,71,0,0,0,0,1.239962197,1.248124847,2.169507181,2.345254267,5.642992199,5.319810232
6e79df37dbe0f146,YES,Transactional Filipino Sign Language Dataset/Transactional Filipino Sign Language Dataset/recorded_data/YES/YES_30.mp4,development,1,0.045672377,0.113694668,0.983750969,0.989468221,19,18,-1,74,74,0,75,75,0,54,55,1,0,0,0,1.703058641,1.666396338,3.386237606,3.499589759,8.288332331,9.128564823
2bd5d149990e0806,YES,Transactional Filipino Sign Language Dataset/Transactional Filipino Sign Language Dataset/recorded_data/YES/YES_33.mp4,development,2,0.032163049,0.105233674,0.992870291,0.995592269,6,6,0,74,74,0,75,75,0,75,74,-1,0,0,0,2.672496642,2.449126999,8.305017896,6.463423563,13.665928877,10.785843751
abf2577078e05cc5,YES,Transactional Filipino Sign Language Dataset/Transactional Filipino Sign Language Dataset/recorded_data/YES/YES_37.mp4,development,3,0.067635041,0.175165642,0.974396019,0.982925116,5,4,-1,70,70,0,75,75,0,68,69,1,0,0,0,2.301427097,2.479705035,7.523448409,9.914771437,10.809850217,11.400115802
1b2af7085110e252,YES,Transactional Filipino Sign Language Dataset/Transactional Filipino Sign Language Dataset/recorded_data/YES/YES_38.mp4,development,3,0.061229935,0.202496556,0.969445758,0.981733545,8,8,0,74,74,0,75,75,0,64,65,1,0,0,0,3.717189452,3.397843963,11.664193924,8.134578469,14.810968458,14.737918811
6c903758982fe7a1,YES,Transactional Filipino Sign Language Dataset/Transactional Filipino Sign Language Dataset/recorded_data/YES/YES_4.mp4,sealed_test,,0.019016112,0.036144406,0.998422977,0.999162563,0,0,0,74,74,0,75,75,0,75,75,0,0,0,0,1.034275596,1.031083635,2.284845290,2.138462930,3.486491279,3.784680460
d4d3d16cf213a85e,YES,Transactional Filipino Sign Language Dataset/Transactional Filipino Sign Language Dataset/recorded_data/YES/YES_40.mp4,development,1,0.027326190,0.059682085,0.996817754,0.998198783,6,6,0,74,74,0,75,75,0,67,67,0,0,0,0,1.725128314,1.773827267,4.583326996,4.913604658,8.615097967,10.711557136
de111a30bf1d2524,YES,Transactional Filipino Sign Language Dataset/Transactional Filipino Sign Language Dataset/recorded_data/YES/YES_7.mp4,development,2,0.057695236,0.114399675,0.987417591,0.993106570,0,5,5,73,73,0,75,75,0,75,75,0,0,0,0,0.827233646,0.876610791,2.133043050,2.104979962,2.252300199,2.637907587
e93b4dedfb721faa,YES,Transactional Filipino Sign Language Dataset/Transactional Filipino Sign Language Dataset/recorded_data/YES/YES_8.mp4,development,3,0.056187285,0.119190050,0.987823048,0.993151987,9,11,2,74,74,0,75,75,0,75,75,0,0,0,0,0.775569017,0.907353261,1.970022727,2.191902264,2.324032732,2.581400752
5c3287f23b1f49dc,YES,Transactional Filipino Sign Language Dataset/Transactional Filipino Sign Language Dataset/recorded_data/YES/YES_9.mp4,development,0,0.037661604,0.084459459,0.996655651,0.997703779,3,3,0,74,74,0,75,75,0,75,75,0,0,0,0,1.480537375,1.402262926,3.187323186,3.336089649,3.847569335,4.033577974
63d96ff068e98890,NO,Transactional Filipino Sign Language Dataset/Transactional Filipino Sign Language Dataset/recorded_data/NO/NO_10.mp4,sealed_test,,0.016860646,0.030499695,0.999377675,0.999527816,5,5,0,71,71,0,75,75,0,75,75,0,0,0,0,0.768584479,0.763920396,1.530926795,1.555039461,1.705067699,1.691165082
29792887cfe5c467,NO,Transactional Filipino Sign Language Dataset/Transactional Filipino Sign Language Dataset/recorded_data/NO/NO_11.mp4,development,2,0.157787169,1.117318503,0.643202981,0.772599227,5,5,0,58,57,-1,75,75,0,66,66,0,1,2,1,5.212524146,3.244087624,32.665954428,19.907862764,70.888852419,35.716811210
a1cfd05017749ffa,NO,Transactional Filipino Sign Language Dataset/Transactional Filipino Sign Language Dataset/recorded_data/NO/NO_12.mp4,development,0,0.036022896,0.079924477,0.994538635,0.997058775,9,9,0,69,71,2,75,75,0,75,75,0,0,0,0,0.968593031,0.994043800,1.562301233,1.519245196,2.072181445,1.729653536
42ef29403348b921,NO,Transactional Filipino Sign Language Dataset/Transactional Filipino Sign Language Dataset/recorded_data/NO/NO_13.mp4,development,2,0.012606091,0.028052895,0.999424155,0.999682536,7,7,0,74,74,0,75,75,0,75,75,0,0,0,0,0.657298198,0.622776188,1.842656193,1.818448780,2.258339832,2.495044555
51f6393d388f70d4,NO,Transactional Filipino Sign Language Dataset/Transactional Filipino Sign Language Dataset/recorded_data/NO/NO_14.mp4,development,1,0.034600205,0.090375147,0.993130710,0.996294953,9,9,0,52,55,3,75,75,0,64,64,0,0,0,0,0.892330570,1.150380909,1.766511849,3.507633561,17.140626444,22.260347632
39f42283612dbbb7,NO,Transactional Filipino Sign Language Dataset/Transactional Filipino Sign Language Dataset/recorded_data/NO/NO_16.mp4,development,2,0.024897148,0.055124520,0.997574002,0.998626758,8,8,0,74,74,0,75,75,0,65,65,0,0,0,0,2.211060141,2.240962988,10.304008919,10.329318390,17.660933117,20.147586109
ffbf03eac812f1a3,NO,Transactional Filipino Sign Language Dataset/Transactional Filipino Sign Language Dataset/recorded_data/NO/NO_17.mp4,development,2,0.019962079,0.040980390,0.997312414,0.998634517,5,5,0,74,74,0,75,75,0,75,75,0,0,0,0,0.611869443,0.564599357,1.388435343,1.384269935,1.629276948,1.596564276
8ad6f3225b656e3f,NO,Transactional Filipino Sign Language Dataset/Transactional Filipino Sign Language Dataset/recorded_data/NO/NO_18.mp4,development,3,0.020880264,0.054425664,0.996633849,0.998147557,9,9,0,74,74,0,75,75,0,64,64,0,0,0,0,1.415759574,1.588692948,6.368929487,8.397755707,14.488688804,13.920232349
0ec6d4e047b128be,NO,Transactional Filipino Sign Language Dataset/Transactional Filipino Sign Language Dataset/recorded_data/NO/NO_19.mp4,development,3,0.018127877,0.033940547,0.998085775,0.999003455,5,5,0,72,72,0,75,75,0,75,75,0,0,0,0,0.744607636,0.672485371,1.399053046,1.433986643,1.496569949,1.504914978
fc8eb9430507cfd8,NO,Transactional Filipino Sign Language Dataset/Transactional Filipino Sign Language Dataset/recorded_data/NO/NO_20.mp4,development,0,0.041866077,0.175850392,0.979775158,0.986781361,12,12,0,58,58,0,75,75,0,61,61,0,0,0,0,1.984720951,1.450208107,9.382818052,5.612170010,31.177533352,21.929112736
cbf3d5fe664e7cc1,NO,Transactional Filipino Sign Language Dataset/Transactional Filipino Sign Language Dataset/recorded_data/NO/NO_21.mp4,development,1,0.046376969,0.112907941,0.989689847,0.993965805,5,5,0,72,72,0,75,75,0,75,75,0,0,0,0,0.469475918,0.425928328,0.988481105,0.919230781,1.265455217,1.393742160
7cc742b037ecc126,NO,Transactional Filipino Sign Language Dataset/Transactional Filipino Sign Language Dataset/recorded_data/NO/NO_22.mp4,development,1,0.043426853,0.089829032,0.990578811,0.994514943,10,11,1,71,71,0,75,75,0,63,62,-1,0,0,0,0.945282579,0.985783490,3.921200148,4.737263357,11.591109446,12.493842478
91725194d5428bc0,NO,Transactional Filipino Sign Language Dataset/Transactional Filipino Sign Language Dataset/recorded_data/NO/NO_23.mp4,development,0,0.025000201,0.054461509,0.998354253,0.999092300,4,4,0,68,68,0,75,75,0,60,60,0,0,0,0,1.451082746,1.428566438,5.075780096,4.876468424,10.851749244,10.154849697
7bfaef4974a35768,NO,Transactional Filipino Sign Language Dataset/Transactional Filipino Sign Language Dataset/recorded_data/NO/NO_25.mp4,development,1,0.012200968,0.021887204,0.999547794,0.999752961,11,11,0,63,63,0,75,75,0,62,62,0,0,0,0,0.796548308,0.784671041,1.757361809,1.723052064,10.554537142,10.637647575
7df123df0c233253,NO,Transactional Filipino Sign Language Dataset/Transactional Filipino Sign Language Dataset/recorded_data/NO/NO_27.mp4,sealed_test,,0.020709641,0.057047049,0.997555687,0.998402954,10,10,0,74,74,0,75,75,0,63,63,0,0,0,0,1.037170470,1.060675619,3.284389193,3.193849162,7.857184477,7.693369971
964f45aa856169b6,NO,Transactional Filipino Sign Language Dataset/Transactional Filipino Sign Language Dataset/recorded_data/NO/NO_28.mp4,development,3,0.018989332,0.040758671,0.998639223,0.999120931,1,1,0,71,71,0,75,75,0,75,75,0,0,0,0,0.743211286,0.796644118,1.410544944,1.676395037,1.879410310,2.573265616
3b69fd7a4736a8ca,NO,Transactional Filipino Sign Language Dataset/Transactional Filipino Sign Language Dataset/recorded_data/NO/NO_29.mp4,sealed_test,,0.011644359,0.029766971,0.998970570,0.999358114,0,0,0,74,74,0,75,75,0,75,75,0,0,0,0,0.862031225,0.845506909,1.921498237,1.812126240,2.104930923,2.191543847
bb38516d8852fe82,NO,Transactional Filipino Sign Language Dataset/Transactional Filipino Sign Language Dataset/recorded_data/NO/NO_30.mp4,sealed_test,,0.032045453,0.220217238,0.936557423,0.957609224,16,16,0,74,74,0,75,75,0,57,57,0,0,1,1,0.926014818,1.539419367,2.200728490,2.916853258,9.595180129,22.242008727
ab2899666f863531,NO,Transactional Filipino Sign Language Dataset/Transactional Filipino Sign Language Dataset/recorded_data/NO/NO_31.mp4,development,3,0.018007481,0.032048619,0.999264317,0.999575001,7,7,0,74,74,0,75,75,0,75,75,0,0,0,0,0.820014282,0.822868322,1.287491427,1.382607251,1.444883959,1.434196396
253a91cb664f1a19,NO,Transactional Filipino Sign Language Dataset/Transactional Filipino Sign Language Dataset/recorded_data/NO/NO_32.mp4,sealed_test,,0.031614261,0.054438143,0.997563513,0.998486956,0,0,0,74,74,0,75,75,0,75,75,0,0,0,0,0.911500084,0.879644347,1.570115976,1.545945714,1.704075887,1.576426543
776264169db35dab,NO,Transactional Filipino Sign Language Dataset/Transactional Filipino Sign Language Dataset/recorded_data/NO/NO_33.mp4,development,3,0.021324882,0.043977489,0.999136169,0.999517468,0,0,0,74,74,0,75,75,0,75,75,0,0,0,0,1.365443418,1.319549276,3.082028517,2.883472005,3.942220841,4.149725359
1e884b4b17e51174,NO,Transactional Filipino Sign Language Dataset/Transactional Filipino Sign Language Dataset/recorded_data/NO/NO_34.mp4,development,3,0.027708009,0.051782719,0.998386652,0.999068572,0,0,0,71,71,0,75,75,0,75,75,0,0,0,0,1.110193411,1.133072467,2.254680565,2.751587810,2.843834704,3.102476904
d575cfb435569b39,NO,Transactional Filipino Sign Language Dataset/Transactional Filipino Sign Language Dataset/recorded_data/NO/NO_37.mp4,development,0,0.023115011,0.048648256,0.998981702,0.999379950,3,3,0,74,74,0,75,75,0,75,75,0,0,0,0,0.780339150,0.729363718,1.730160967,1.619969962,1.942334708,1.813009340
d7531b121e9abdad,NO,Transactional Filipino Sign Language Dataset/Transactional Filipino Sign Language Dataset/recorded_data/NO/NO_38.mp4,development,2,0.026248102,0.064134536,0.997004126,0.998215417,4,4,0,74,74,0,75,75,0,75,75,0,0,0,0,1.040590064,1.013354277,1.920023926,2.046669577,2.461490057,2.309834588
ca1a7f07ccf97019,NO,Transactional Filipino Sign Language Dataset/Transactional Filipino Sign Language Dataset/recorded_data/NO/NO_39.mp4,development,2,0.048965024,0.138285748,0.981745942,0.987764133,3,4,1,74,74,0,75,75,0,70,69,-1,0,0,0,1.197272256,0.954332465,3.118922669,2.214247921,12.847957354,7.092973618
2c4c2be2f549784a,NO,Transactional Filipino Sign Language Dataset/Transactional Filipino Sign Language Dataset/recorded_data/NO/NO_4.mp4,development,1,0.016365544,0.037341139,0.998506767,0.999041785,13,13,0,73,73,0,75,75,0,60,60,0,0,0,0,1.250995952,1.242641315,6.274249179,6.488765103,14.133401734,13.784549718
aca5f41e7f372cf4,NO,Transactional Filipino Sign Language Dataset/Transactional Filipino Sign Language Dataset/recorded_data/NO/NO_40.mp4,development,2,0.027114331,0.053749469,0.996425489,0.997867276,9,9,0,59,59,0,75,75,0,46,46,0,0,0,0,1.229463143,1.160853361,2.926588093,2.912328253,11.328486971,10.345077049
a216eccc294aa8b9,NO,Transactional Filipino Sign Language Dataset/Transactional Filipino Sign Language Dataset/recorded_data/NO/NO_41.mp4,development,1,0.046753735,0.113940399,0.988754718,0.993732590,11,11,0,73,73,0,75,75,0,62,62,0,0,0,0,1.192623255,1.100203087,1.763057655,1.351346927,7.221071250,7.286467925
f1cfac429c0da4d4,NO,Transactional Filipino Sign Language Dataset/Transactional Filipino Sign Language Dataset/recorded_data/NO/NO_42.mp4,development,3,0.059711419,0.157234249,0.982311232,0.990080069,9,9,0,74,74,0,75,75,0,64,64,0,0,0,0,1.416086407,1.312342118,3.175196328,2.836771538,6.686064325,6.336386574
02b350a095a9c064,NO,Transactional Filipino Sign Language Dataset/Transactional Filipino Sign Language Dataset/recorded_data/NO/NO_5.mp4,development,1,0.021354896,0.040705553,0.998441267,0.999137738,4,4,0,74,74,0,75,75,0,75,75,0,0,0,0,0.729594470,0.707164462,1.652339535,1.653833093,1.761951054,1.897299808
ae14d04186487231,NO,Transactional Filipino Sign Language Dataset/Transactional Filipino Sign Language Dataset/recorded_data/NO/NO_7.mp4,development,0,0.048792227,0.096535565,0.988472483,0.993311888,4,4,0,59,66,7,75,75,0,69,69,0,0,0,0,0.935833231,0.894829181,2.384072709,2.567224057,11.651910516,8.140208914
acdf548776f5c289,NO,Transactional Filipino Sign Language Dataset/Transactional Filipino Sign Language Dataset/recorded_data/NO/NO_8.mp4,development,0,0.043301642,0.091848056,0.993288851,0.995837971,2,2,0,74,74,0,75,75,0,71,71,0,0,0,0,1.344133574,1.237760273,3.123314250,2.865345280,6.009263503,6.029832196
7ebacb02e214d4de,NO,Transactional Filipino Sign Language Dataset/Transactional Filipino Sign Language Dataset/recorded_data/NO/NO_9.mp4,development,0,0.028439449,0.050611684,0.997678279,0.998370275,0,0,0,74,74,0,75,75,0,75,75,0,0,0,0,0.572265981,0.589316216,1.101792109,1.136467127,1.312219222,1.292826141
edb01c49dfea0840,PLEASE,Transactional Filipino Sign Language Dataset/Transactional Filipino Sign Language Dataset/recorded_data/PLEASE/PLEASE_11.mp4,development,2,0.038127380,0.107599154,0.996337450,0.997266815,9,9,0,74,74,0,75,75,0,63,63,0,1,1,0,3.290483410,3.246779840,7.308396776,7.456648750,24.121729850,24.370590420
16441f76b610d884,PLEASE,Transactional Filipino Sign Language Dataset/Transactional Filipino Sign Language Dataset/recorded_data/PLEASE/PLEASE_12.mp4,development,3,0.026995600,0.071904977,0.998118774,0.998618347,8,8,0,74,74,0,75,75,0,65,65,0,0,0,0,2.775457164,2.863868643,6.267110722,6.407358492,9.158703449,10.704625125
1002246df8345c76,PLEASE,Transactional Filipino Sign Language Dataset/Transactional Filipino Sign Language Dataset/recorded_data/PLEASE/PLEASE_13.mp4,development,3,0.144466634,0.485378303,0.910467855,0.933039465,0,7,7,74,74,0,75,75,0,75,75,0,0,1,1,1.951013792,2.594268590,4.025068918,5.092079096,4.458655024,41.150418133
ea7e1dc2ad9799fb,PLEASE,Transactional Filipino Sign Language Dataset/Transactional Filipino Sign Language Dataset/recorded_data/PLEASE/PLEASE_15.mp4,development,3,0.037693625,0.107596633,0.996095669,0.997200871,5,5,0,74,74,0,75,75,0,75,75,0,0,0,0,2.056240054,1.955185079,3.630180289,3.677101284,5.058416685,4.642974894
f2378634c6edf3ff,PLEASE,Transactional Filipino Sign Language Dataset/Transactional Filipino Sign Language Dataset/recorded_data/PLEASE/PLEASE_16.mp4,sealed_test,,0.049524610,0.125918576,0.994678025,0.996037461,12,12,0,74,74,0,75,75,0,61,63,2,0,0,0,2.119448780,2.247318092,4.139560235,4.746547174,8.056659562,11.512617331
aff43e62aba2c017,PLEASE,Transactional Filipino Sign Language Dataset/Transactional Filipino Sign Language Dataset/recorded_data/PLEASE/PLEASE_21.mp4,development,3,0.031738575,0.088381638,0.997175973,0.997973873,0,0,0,74,74,0,75,75,0,75,75,0,0,0,0,1.849769504,1.985857696,3.671463355,4.092774608,5.992842466,11.540211018
0d4ffe9fbe8df01e,PLEASE,Transactional Filipino Sign Language Dataset/Transactional Filipino Sign Language Dataset/recorded_data/PLEASE/PLEASE_22.mp4,development,0,0.030432795,0.070471732,0.998228592,0.998743437,5,6,1,74,74,0,75,75,0,68,67,-1,0,0,0,2.298781335,2.222434104,4.257194330,4.689063897,16.290981976,15.898152763
254b757935ff4ea7,PLEASE,Transactional Filipino Sign Language Dataset/Transactional Filipino Sign Language Dataset/recorded_data/PLEASE/PLEASE_29.mp4,development,0,0.021388660,0.048854043,0.998746320,0.999010658,1,1,0,74,74,0,75,75,0,75,75,0,0,0,0,1.286961654,1.240240851,2.144171647,2.205961935,2.925232121,2.961371128
dcc6ceb96c5db259,PLEASE,Transactional Filipino Sign Language Dataset/Transactional Filipino Sign Language Dataset/recorded_data/PLEASE/PLEASE_31.mp4,development,1,0.019948630,0.042701698,0.999173466,0.999424978,6,6,0,74,74,0,75,75,0,75,75,0,0,0,0,0.965528435,0.923836049,2.001376552,1.888433493,2.125557704,2.016196769
d25f057cf485d72c,PLEASE,Transactional Filipino Sign Language Dataset/Transactional Filipino Sign Language Dataset/recorded_data/PLEASE/PLEASE_32.mp4,development,1,0.020227152,0.042969451,0.999074992,0.999360776,4,4,0,74,74,0,75,75,0,75,75,0,0,0,0,0.799956417,0.721849430,1.305890579,1.122191652,1.537132805,1.691635736
0e6810d6ae5f7394,PLEASE,Transactional Filipino Sign Language Dataset/Transactional Filipino Sign Language Dataset/recorded_data/PLEASE/PLEASE_33.mp4,development,1,0.037982035,0.074878552,0.998345602,0.998827160,5,5,0,74,74,0,75,75,0,75,75,0,0,0,0,2.634667845,2.857280056,4.750053931,5.445948589,7.362772635,8.261389832
3c3da14882b141f6,PLEASE,Transactional Filipino Sign Language Dataset/Transactional Filipino Sign Language Dataset/recorded_data/PLEASE/PLEASE_34.mp4,development,2,0.035254217,0.075030400,0.998042606,0.998653232,11,11,0,74,74,0,75,75,0,62,62,0,0,0,0,3.549266493,3.514359313,9.967961808,9.341507320,12.664987278,12.452584547
03fe48afca62b269,PLEASE,Transactional Filipino Sign Language Dataset/Transactional Filipino Sign Language Dataset/recorded_data/PLEASE/PLEASE_5.mp4,development,2,0.023999609,0.056426764,0.998549904,0.998950902,2,2,0,74,74,0,75,75,0,75,75,0,0,0,0,2.409717017,2.402299599,4.362385562,4.101227883,6.187207275,5.240875572
8d88ecf27a169731,PLEASE,Transactional Filipino Sign Language Dataset/Transactional Filipino Sign Language Dataset/recorded_data/PLEASE/PLEASE_6.mp4,sealed_test,,0.043344606,0.092607412,0.996042653,0.997125687,2,2,0,74,74,0,75,75,0,71,71,0,0,0,0,2.470828406,2.479090542,5.014417671,5.496316798,14.878707274,16.425036836
9796902ae420c467,PLEASE,Transactional Filipino Sign Language Dataset/Transactional Filipino Sign Language Dataset/recorded_data/PLEASE/PLEASE_7.mp4,sealed_test,,0.066520313,0.184220308,0.988664773,0.991992185,3,3,0,74,74,0,75,75,0,75,75,0,0,0,0,1.293044396,1.357787069,2.257463051,2.499274748,2.858843853,2.982075071
4697892f68d5288f,PLEASE,Transactional Filipino Sign Language Dataset/Transactional Filipino Sign Language Dataset/recorded_data/PLEASE/PLEASE_8.mp4,development,1,0.036396087,0.090121067,0.996684717,0.997681112,3,3,0,74,74,0,75,75,0,75,75,0,0,0,0,0.981407927,0.964512920,2.129730453,2.205242369,3.332690291,3.407449454
a37725137912fcd5,PLEASE,Transactional Filipino Sign Language Dataset/Transactional Filipino Sign Language Dataset/recorded_data/PLEASE/PLEASE_9.mp4,development,0,0.024920055,0.064223102,0.998806870,0.999117596,0,0,0,74,74,0,75,75,0,75,75,0,0,0,0,2.683722378,2.698666878,5.639144199,6.221819062,7.136783535,7.388581077
7fa8369a3b2df8d7,HOW_MUCH,Transactional Filipino Sign Language Dataset/Transactional Filipino Sign Language Dataset/recorded_data/HOW_MUCH/HOW_MUCH_1.mp4,development,3,0.208073989,0.740930413,0.815520285,0.881875690,8,10,2,71,73,2,75,75,0,55,57,2,0,0,0,4.854036542,3.986888561,19.158164759,12.713072442,27.562152020,20.181188022
130f72014cf01cf5,HOW_MUCH,Transactional Filipino Sign Language Dataset/Transactional Filipino Sign Language Dataset/recorded_data/HOW_MUCH/HOW_MUCH_10.mp4,development,1,0.093220353,0.260465478,0.979384257,0.986468587,6,6,0,43,41,-2,75,75,0,40,39,-1,0,0,0,2.042728890,1.709728661,7.308629459,5.417455796,13.622558432,10.733549759
6d375f0943e30a76,HOW_MUCH,Transactional Filipino Sign Language Dataset/Transactional Filipino Sign Language Dataset/recorded_data/HOW_MUCH/HOW_MUCH_18.mp4,development,3,0.374611453,0.971770165,0.920681154,0.948857839,11,15,4,37,43,6,75,75,0,60,57,-3,0,0,0,5.370005954,3.137561888,18.402912340,8.441267683,29.472806417,17.492219423
07ab422e3dba6b2c,HOW_MUCH,Transactional Filipino Sign Language Dataset/Transactional Filipino Sign Language Dataset/recorded_data/HOW_MUCH/HOW_MUCH_19.mp4,development,3,0.209736398,0.728540488,0.879975209,0.924217040,6,0,-6,73,74,1,75,75,0,71,70,-1,0,3,3,4.144037580,3.908041032,10.070092379,13.289344849,41.698922235,33.916167581
909c1114e4300263,HOW_MUCH,Transactional Filipino Sign Language Dataset/Transactional Filipino Sign Language Dataset/recorded_data/HOW_MUCH/HOW_MUCH_23.mp4,development,2,0.175924956,0.492102132,0.909254294,0.943453716,13,12,-1,72,72,0,75,75,0,61,62,1,0,0,0,3.599412858,3.220160890,9.853063367,11.277499953,29.990991773,13.515628644
2d1ec98aa062d826,HOW_MUCH,Transactional Filipino Sign Language Dataset/Transactional Filipino Sign Language Dataset/recorded_data/HOW_MUCH/HOW_MUCH_27.mp4,sealed_test,,0.360186597,1.075513988,0.719288595,0.817299283,10,10,0,57,45,-12,75,75,0,73,71,-2,0,0,0,7.659060938,3.084491948,26.460065788,6.860191280,41.943285998,9.716050976
403702798f8f6152,HOW_MUCH,Transactional Filipino Sign Language Dataset/Transactional Filipino Sign Language Dataset/recorded_data/HOW_MUCH/HOW_MUCH_3.mp4,development,2,0.067602763,0.441125779,0.965573178,0.975195892,10,10,0,57,57,0,75,75,0,41,42,1,0,0,0,3.880404906,5.495790191,23.039123419,35.637370861,32.630923981,54.764856840
0cf1ae5e52bd96af,HOW_MUCH,Transactional Filipino Sign Language Dataset/Transactional Filipino Sign Language Dataset/recorded_data/HOW_MUCH/HOW_MUCH_33.mp4,development,1,0.159583489,0.450180454,0.937031091,0.961053772,6,0,-6,74,74,0,75,75,0,75,75,0,0,0,0,4.795774529,3.186531106,13.719424749,6.296689113,18.887694168,7.074683927
ecc26aa9a9609aa4,HOW_MUCH,Transactional Filipino Sign Language Dataset/Transactional Filipino Sign Language Dataset/recorded_data/HOW_MUCH/HOW_MUCH_35.mp4,sealed_test,,0.141837581,0.608582702,0.904011077,0.933012089,20,20,0,70,70,0,75,75,0,56,59,3,0,0,0,5.045586701,3.499522555,12.750296102,9.275994558,28.621258012,11.527035366
ad053780f904eda8,HOW_MUCH,Transactional Filipino Sign Language Dataset/Transactional Filipino Sign Language Dataset/recorded_data/HOW_MUCH/HOW_MUCH_41.mp4,development,0,0.141616386,0.452714653,0.842008267,0.901465670,14,11,-3,74,74,0,75,75,0,62,62,0,0,0,0,2.879596140,3.297676506,6.619889620,7.890781996,9.083741423,15.382730629
eb02f2e5ee526fcb,HOW_MUCH,Transactional Filipino Sign Language Dataset/Transactional Filipino Sign Language Dataset/recorded_data/HOW_MUCH/HOW_MUCH_43.mp4,development,2,0.046624231,0.112201203,0.994982394,0.996996112,12,12,0,74,74,0,75,75,0,75,75,0,0,0,0,2.341827736,2.091213816,8.920242673,8.571064313,12.825218708,10.992084893
bae51dca96053913,HOW_MUCH,Transactional Filipino Sign Language Dataset/Transactional Filipino Sign Language Dataset/recorded_data/HOW_MUCH/HOW_MUCH_44.mp4,development,0,0.117955533,0.338202774,0.950710540,0.971271516,19,19,0,65,61,-4,75,75,0,54,54,0,0,0,0,2.056742567,1.731158244,7.658201525,5.009119229,21.288558411,18.106637244
400a60f38c2ed908,CASH,Transactional Filipino Sign Language Dataset/Transactional Filipino Sign Language Dataset/recorded_data/CASH/CASH_10.mp4,development,0,0.491295490,1.696988052,0.831697953,0.869019871,0,8,8,71,71,0,75,75,0,66,67,1,69,69,0,16.954122494,8.243711984,64.205820521,31.054976423,88.184654188,43.456922925
131224d5f681c6dc,CASH,Transactional Filipino Sign Language Dataset/Transactional Filipino Sign Language Dataset/recorded_data/CASH/CASH_13.mp4,development,2,0.325796571,0.936573043,0.850461396,0.893045963,0,2,2,74,74,0,75,75,0,75,75,0,75,72,-3,5.967460535,6.408816173,22.182643883,26.096956917,39.422118648,39.412040199
4b381c75b6e0d4c3,CASH,Transactional Filipino Sign Language Dataset/Transactional Filipino Sign Language Dataset/recorded_data/CASH/CASH_14.mp4,development,1,0.282912204,0.998518411,0.885709231,0.917746029,12,11,-1,69,71,2,75,75,0,61,62,1,53,59,6,8.356457618,6.381797916,30.032475128,22.365133066,50.695796448,27.999772755
0d70e5aa47b37d08,CASH,Transactional Filipino Sign Language Dataset/Transactional Filipino Sign Language Dataset/recorded_data/CASH/CASH_15.mp4,sealed_test,,0.222703704,0.759618182,0.934445526,0.950739943,7,7,0,74,74,0,75,75,0,64,65,1,66,65,-1,6.677609345,6.500164154,23.600843980,19.958760059,45.176720138,47.374860884
35a1cdf1cf2f1b93,CASH,Transactional Filipino Sign Language Dataset/Transactional Filipino Sign Language Dataset/recorded_data/CASH/CASH_16.mp4,development,3,0.207988793,0.637077203,0.955120855,0.964115358,11,11,0,68,68,0,75,75,0,62,61,-1,56,57,1,8.878239032,6.255375917,28.671719517,13.814989804,30.217617948,27.635159580
12a031135fc5e646,CASH,Transactional Filipino Sign Language Dataset/Transactional Filipino Sign Language Dataset/recorded_data/CASH/CASH_17.mp4,development,0,0.362561842,1.018715071,0.714747875,0.788817740,0,0,0,43,43,0,75,75,0,38,39,1,34,30,-4,5.515803263,5.069736886,18.296062335,19.950071065,27.862845706,28.395483664
6066c3af8c466333,CASH,Transactional Filipino Sign Language Dataset/Transactional Filipino Sign Language Dataset/recorded_data/CASH/CASH_18.mp4,development,3,0.402060524,1.079983380,0.619681902,0.704526389,17,10,-7,53,56,3,75,75,0,29,29,0,37,42,5,5.220631032,4.906730001,12.529713822,18.925126096,35.612609561,26.906045644
726aef7ba354a4b0,CASH,Transactional Filipino Sign Language Dataset/Transactional Filipino Sign Language Dataset/recorded_data/CASH/CASH_19.mp4,development,2,0.138384469,0.517150633,0.902258846,0.936332325,6,5,-1,74,74,0,75,75,0,66,67,1,63,61,-2,4.948655274,4.835767123,20.697984571,18.227221058,30.272524688,27.878899467
2617b7a94b78d83a,CASH,Transactional Filipino Sign Language Dataset/Transactional Filipino Sign Language Dataset/recorded_data/CASH/CASH_2.mp4,sealed_test,,0.150253178,0.479048939,0.964646522,0.970238306,16,18,2,49,43,-6,75,75,0,54,53,-1,59,59,0,4.282801155,1.935637792,21.006368086,5.807352720,29.525823587,16.709549598
26c5166e15050701,CASH,Transactional Filipino Sign Language Dataset/Transactional Filipino Sign Language Dataset/recorded_data/CASH/CASH_21.mp4,development,3,0.272106991,0.927087253,0.829682281,0.876046333,10,10,0,57,57,0,75,75,0,43,43,0,38,40,2,8.798954185,9.785125642,31.230638859,34.143222751,43.682911642,42.806458418
752aa4cde7867528,CASH,Transactional Filipino Sign Language Dataset/Transactional Filipino Sign Language Dataset/recorded_data/CASH/CASH_25.mp4,development,3,0.272711408,0.864408037,0.927867507,0.945437000,0,0,0,65,67,2,75,75,0,75,75,0,70,75,5,5.039349262,2.921270119,15.020026986,9.005911096,34.741706654,17.286112794
8d65e7050dda7425,CASH,Transactional Filipino Sign Language Dataset/Transactional Filipino Sign Language Dataset/recorded_data/CASH/CASH_27.mp4,development,0,0.444153105,1.163646861,0.849674341,0.865019559,5,1,-4,74,74,0,75,75,0,75,75,0,71,75,4,10.021222100,12.355159004,29.094725370,37.816460851,35.449904992,41.384836958
82e8b11af7a2d05f,CASH,Transactional Filipino Sign Language Dataset/Transactional Filipino Sign Language Dataset/recorded_data/CASH/CASH_29.mp4,sealed_test,,0.482425835,1.083661996,0.630010109,0.719354841,4,0,-4,74,66,-8,75,75,0,74,71,-3,68,66,-2,7.892323205,6.816382576,25.280573322,19.815690713,36.063790410,27.211659481
be2346b2754704ca,CASH,Transactional Filipino Sign Language Dataset/Transactional Filipino Sign Language Dataset/recorded_data/CASH/CASH_3.mp4,development,1,0.392435556,1.284916466,0.759472741,0.795962170,3,3,0,68,72,4,75,75,0,68,68,0,62,67,5,7.844538427,7.111763771,29.869281449,23.452925884,44.030933504,29.317235936
0f696cf229e4ac13,CASH,Transactional Filipino Sign Language Dataset/Transactional Filipino Sign Language Dataset/recorded_data/CASH/CASH_30.mp4,sealed_test,,0.227892811,0.944634678,0.875882282,0.905148641,16,16,0,65,65,0,75,75,0,42,43,1,33,34,1,10.192250233,7.791742263,35.678458582,29.830704393,43.609471985,35.459446492
41a42d622880cc7c,CASH,Transactional Filipino Sign Language Dataset/Transactional Filipino Sign Language Dataset/recorded_data/CASH/CASH_31.mp4,development,3,0.325791494,0.937054319,0.890008768,0.920270305,15,14,-1,74,74,0,75,75,0,59,59,0,59,58,-1,9.380724362,6.030057956,25.153897939,19.010142013,73.225876118,33.907420694
c84bc32dd8fe1481,CASH,Transactional Filipino Sign Language Dataset/Transactional Filipino Sign Language Dataset/recorded_data/CASH/CASH_33.mp4,development,2,0.297588351,0.866222381,0.895278429,0.931400876,4,4,0,74,74,0,75,75,0,67,66,-1,69,69,0,6.920781849,5.485420768,28.046808519,19.023221603,45.388704276,21.346493196
a8635bc4a0f8a9b8,CASH,Transactional Filipino Sign Language Dataset/Transactional Filipino Sign Language Dataset/recorded_data/CASH/CASH_35.mp4,development,1,0.398035373,0.945528842,0.800573026,0.842446683,4,5,1,74,74,0,75,75,0,74,74,0,59,50,-9,7.647140444,4.199761191,19.436163128,10.457813309,37.356178791,23.812696163
89b66e69754242b7,CASH,Transactional Filipino Sign Language Dataset/Transactional Filipino Sign Language Dataset/recorded_data/CASH/CASH_37.mp4,development,1,0.185151690,0.729088680,0.871280316,0.908392841,0,3,3,74,74,0,75,75,0,75,75,0,75,75,0,5.414268422,5.481034527,24.782381125,32.660648906,32.014279848,36.240943668
bee6655eb4318c10,CASH,Transactional Filipino Sign Language Dataset/Transactional Filipino Sign Language Dataset/recorded_data/CASH/CASH_38.mp4,development,1,0.183798844,0.683626269,0.907270063,0.928985260,21,19,-2,62,62,0,75,75,0,30,31,1,41,41,0,4.314855649,4.461746086,17.688760575,20.314020756,26.610188870,30.228106165
b9f69f2ff5cf4c86,CASH,Transactional Filipino Sign Language Dataset/Transactional Filipino Sign Language Dataset/recorded_data/CASH/CASH_4.mp4,development,2,0.393289923,1.246377232,0.846970228,0.862908786,4,4,0,67,66,-1,75,75,0,55,56,1,54,63,9,10.700887827,7.967860328,42.907370516,21.482974521,63.683977110,41.126639772
56ed47e7b719feed,CASH,Transactional Filipino Sign Language Dataset/Transactional Filipino Sign Language Dataset/recorded_data/CASH/CASH_5.mp4,development,2,0.211768356,0.600644352,0.932881166,0.952547753,8,8,0,74,74,0,75,75,0,63,61,-2,65,64,-1,7.788688327,6.984260254,19.924597690,18.550517428,37.758040928,36.098169094
3859bedd251696d4,CASH,Transactional Filipino Sign Language Dataset/Transactional Filipino Sign Language Dataset/recorded_data/CASH/CASH_6.mp4,development,0,0.206888516,0.570794519,0.937683854,0.952806952,15,15,0,71,71,0,75,75,0,47,45,-2,53,55,2,5.877479923,5.816201030,17.043640891,22.260071465,28.578521329,28.665170397
2312b99962553731,CASH,Transactional Filipino Sign Language Dataset/Transactional Filipino Sign Language Dataset/recorded_data/CASH/CASH_7.mp4,development,2,0.164100891,0.618005733,0.906698540,0.938801260,8,8,0,74,74,0,75,75,0,63,64,1,64,63,-1,6.596149416,6.226063565,24.866117816,14.753833179,51.695217632,35.139479413
d1a6e38ef7d48065,CASH,Transactional Filipino Sign Language Dataset/Transactional Filipino Sign Language Dataset/recorded_data/CASH/CASH_8.mp4,development,1,0.170628426,0.668373611,0.888420298,0.921614206,10,11,1,74,74,0,75,75,0,63,62,-1,61,59,-2,5.474714479,6.504515296,22.601651767,24.333261680,31.642942909,35.416271334
ad49650ab4312fbf,CASH,Transactional Filipino Sign Language Dataset/Transactional Filipino Sign Language Dataset/recorded_data/CASH/CASH_9.mp4,development,0,0.290992168,1.139479077,0.861727179,0.892563764,16,15,-1,67,67,0,75,75,0,44,47,3,47,46,-1,11.427277873,8.097626455,36.323894394,25.726262921,68.425091701,31.160587859
88790b1bc48a44d9,CARD,Transactional Filipino Sign Language Dataset/Transactional Filipino Sign Language Dataset/recorded_data/CARD/CARD_1.mp4,development,2,0.027509139,0.057002693,0.996615117,0.997310556,25,25,0,74,74,0,75,75,0,63,63,0,19,19,0,2.531733522,2.441185708,4.556828724,4.155666341,24.905621405,22.294181057
fe4ea5a753a96d2b,CARD,Transactional Filipino Sign Language Dataset/Transactional Filipino Sign Language Dataset/recorded_data/CARD/CARD_10.mp4,development,1,0.127354711,0.433240221,0.931662767,0.951497589,10,10,0,74,74,0,75,75,0,59,56,-3,0,0,0,4.473318787,3.717204671,10.934193123,14.897474032,23.791224599,17.957992357
c61821ae2f616cdf,CARD,Transactional Filipino Sign Language Dataset/Transactional Filipino Sign Language Dataset/recorded_data/CARD/CARD_11.mp4,sealed_test,,0.032609464,0.069158015,0.996946392,0.997813548,8,8,0,74,74,0,75,75,0,64,65,1,22,22,0,3.044085125,2.852834400,8.632405141,7.638942743,10.701845786,10.887326410
4540591da76ada4f,CARD,Transactional Filipino Sign Language Dataset/Transactional Filipino Sign Language Dataset/recorded_data/CARD/CARD_12.mp4,development,0,0.119050467,0.353823994,0.944997968,0.959426326,11,13,2,71,71,0,75,75,0,63,63,0,15,15,0,3.436374629,2.933152654,13.196904554,9.620933841,17.938335187,20.378041882
bd53586d203f2089,CARD,Transactional Filipino Sign Language Dataset/Transactional Filipino Sign Language Dataset/recorded_data/CARD/CARD_13.mp4,development,2,0.173087591,0.662650510,0.875779022,0.912203693,6,4,-2,74,74,0,75,75,0,65,67,2,31,30,-1,4.253125493,6.172691027,17.782050047,29.014026225,40.025797541,49.117127421
b11edf506d00d066,CARD,Transactional Filipino Sign Language Dataset/Transactional Filipino Sign Language Dataset/recorded_data/CARD/CARD_14.mp4,development,1,0.087116401,0.355836638,0.944469216,0.961743677,9,8,-1,70,70,0,75,75,0,64,65,1,28,26,-2,3.423303018,4.435655136,13.854327271,24.516939308,36.892431691,44.637523980
223672c90eea9716,CARD,Transactional Filipino Sign Language Dataset/Transactional Filipino Sign Language Dataset/recorded_data/CARD/CARD_17.mp4,development,3,0.102239198,0.419440055,0.966068050,0.975096675,6,6,0,74,74,0,75,75,0,60,59,-1,41,40,-1,5.726864770,5.792106873,18.698911589,15.638856598,36.312763609,46.200679301
1df28f9ed76a6190,CARD,Transactional Filipino Sign Language Dataset/Transactional Filipino Sign Language Dataset/recorded_data/CARD/CARD_18.mp4,development,3,0.158700942,0.361568188,0.990627597,0.992777915,3,3,0,74,74,0,75,75,0,69,70,1,74,74,0,6.817315724,7.243904633,16.576076058,18.914525634,33.204535349,35.891400537
ef961210f3cdfb66,CARD,Transactional Filipino Sign Language Dataset/Transactional Filipino Sign Language Dataset/recorded_data/CARD/CARD_19.mp4,development,0,0.048858980,0.129874480,0.994570418,0.996045562,11,11,0,74,74,0,75,75,0,60,59,-1,62,62,0,3.996999524,3.975789762,9.912357569,9.899514652,11.894839315,17.173034304
17e40d2dc48dfcd0,CARD,Transactional Filipino Sign Language Dataset/Transactional Filipino Sign Language Dataset/recorded_data/CARD/CARD_2.mp4,development,0,0.053058142,0.138974881,0.981849874,0.985991156,14,15,1,74,74,0,75,75,0,58,58,0,12,11,-1,2.755327585,2.499856335,8.305025543,8.604488106,16.659045279,12.681309996
c68c58c66af37027,CARD,Transactional Filipino Sign Language Dataset/Transactional Filipino Sign Language Dataset/recorded_data/CARD/CARD_20.mp4,development,3,0.241497929,0.732108293,0.814519246,0.860777046,11,11,0,72,65,-7,75,75,0,62,62,0,25,22,-3,4.885697161,4.077370415,13.308115987,15.759634302,32.143521878,23.454328549
4a85a86266929f93,CARD,Transactional Filipino Sign Language Dataset/Transactional Filipino Sign Language Dataset/recorded_data/CARD/CARD_21.mp4,development,2,0.042756907,0.109351019,0.993602865,0.995810555,3,3,0,74,74,0,75,75,0,75,75,0,24,23,-1,3.219686874,3.107382271,10.159576552,9.013403607,19.131426424,15.019636849
6a52b834dc31fef3,CARD,Transactional Filipino Sign Language Dataset/Transactional Filipino Sign Language Dataset/recorded_data/CARD/CARD_22.mp4,development,1,0.066874943,0.235191062,0.975490854,0.982531538,15,15,0,74,74,0,75,75,0,57,57,0,21,21,0,4.479823922,3.528726447,16.076472744,12.465015081,26.774445663,19.341221907
116add84da847a9f,CARD,Transactional Filipino Sign Language Dataset/Transactional Filipino Sign Language Dataset/recorded_data/CARD/CARD_23.mp4,development,2,0.064682184,0.155734888,0.993772703,0.995481500,10,10,0,74,74,0,75,75,0,58,60,2,24,24,0,5.042626738,4.773742663,20.018212039,20.274774261,29.944365213,30.708949850
27bd737fc265d96b,CARD,Transactional Filipino Sign Language Dataset/Transactional Filipino Sign Language Dataset/recorded_data/CARD/CARD_24.mp4,sealed_test,,0.161142531,0.511964923,0.905716576,0.931859432,9,9,0,68,66,-2,75,75,0,52,52,0,23,23,0,5.079860807,4.795933194,17.665664179,18.150973582,24.150072171,33.475729333
226e2e7de00e9c33,CARD,Transactional Filipino Sign Language Dataset/Transactional Filipino Sign Language Dataset/recorded_data/CARD/CARD_25.mp4,development,3,0.089159442,0.246388004,0.969138981,0.978841566,10,11,1,54,54,0,75,75,0,38,38,0,10,10,0,3.431685855,3.178735347,10.240338332,8.471193909,22.251654003,15.399202638
dc331575ed1eac02,CARD,Transactional Filipino Sign Language Dataset/Transactional Filipino Sign Language Dataset/recorded_data/CARD/CARD_26.mp4,development,3,0.108583820,0.263330867,0.961683659,0.973431095,12,10,-2,55,55,0,75,75,0,43,44,1,11,12,1,2.788630935,3.084605328,6.675371568,10.310952962,13.260436402,16.830118031
c4913418d20f7819,CARD,Transactional Filipino Sign Language Dataset/Transactional Filipino Sign Language Dataset/recorded_data/CARD/CARD_27.mp4,development,0,0.545991649,1.262577604,0.596042822,0.715838783,21,15,-6,70,63,-7,75,75,0,48,50,2,20,22,2,3.824300719,4.936661614,14.718494004,16.324688291,23.984986946,21.224122877
626341442b3f1950,CARD,Transactional Filipino Sign Language Dataset/Transactional Filipino Sign Language Dataset/recorded_data/CARD/CARD_28.mp4,development,2,0.146607654,0.591892997,0.911214597,0.939430778,12,11,-1,72,72,0,75,75,0,55,57,2,16,18,2,4.868323838,5.794162700,18.073963694,18.011052642,20.142414985,36.581646256
0a595778d6e5c778,CARD,Transactional Filipino Sign Language Dataset/Transactional Filipino Sign Language Dataset/recorded_data/CARD/CARD_29.mp4,development,0,0.106212506,0.342723891,0.956418280,0.965620073,8,10,2,74,73,-1,75,75,0,63,61,-2,21,21,0,4.036621783,2.294938702,14.535822861,5.994337404,22.790901424,11.320255226
edd6987b4ebbdbce,CARD,Transactional Filipino Sign Language Dataset/Transactional Filipino Sign Language Dataset/recorded_data/CARD/CARD_30.mp4,development,1,0.191824352,0.436973756,0.928566026,0.940410777,14,14,0,69,63,-6,75,75,0,56,56,0,16,16,0,3.819998190,4.134900284,15.100513808,13.806867385,28.205104932,27.894287109
edd0f4c130ed1422,CARD,Transactional Filipino Sign Language Dataset/Transactional Filipino Sign Language Dataset/recorded_data/CARD/CARD_33.mp4,development,3,0.057387219,0.146313557,0.984629405,0.988565291,11,11,0,73,74,1,75,75,0,62,62,0,24,24,0,2.938097489,2.907668683,6.124525260,6.834299746,13.067705829,8.444286981
8fd30395a9e42c06,CARD,Transactional Filipino Sign Language Dataset/Transactional Filipino Sign Language Dataset/recorded_data/CARD/CARD_34.mp4,development,0,0.093880360,0.423730936,0.890278514,0.917859711,13,12,-1,74,74,0,75,75,0,59,60,1,27,29,2,2.385427330,4.075515751,6.988119987,19.596274419,8.740635831,34.424782262
97d1c67d000a3451,CARD,Transactional Filipino Sign Language Dataset/Transactional Filipino Sign Language Dataset/recorded_data/CARD/CARD_37.mp4,development,1,0.126756975,0.482750949,0.860317646,0.908294424,20,21,1,73,73,0,75,75,0,71,72,1,24,24,0,3.070618934,2.096989241,8.670763924,5.135346439,27.037180373,15.428943272
9d8565c5c0ad9905,CARD,Transactional Filipino Sign Language Dataset/Transactional Filipino Sign Language Dataset/recorded_data/CARD/CARD_38.mp4,development,1,0.183948567,0.458926620,0.928406120,0.950347685,13,13,0,65,70,5,75,75,0,59,59,0,18,18,0,3.435084855,2.958214594,10.736672410,8.213474987,15.023570520,13.483405068
f3fb9de7fde85541,CARD,Transactional Filipino Sign Language Dataset/Transactional Filipino Sign Language Dataset/recorded_data/CARD/CARD_39.mp4,development,3,0.078315979,0.213099293,0.991787013,0.993929385,12,12,0,61,61,0,75,75,0,61,61,0,23,23,0,3.720471117,3.375530217,12.354771802,12.380898450,34.101312555,28.337282283
66ade7d63d389019,CARD,Transactional Filipino Sign Language Dataset/Transactional Filipino Sign Language Dataset/recorded_data/CARD/CARD_4.mp4,sealed_test,,0.027778995,0.067839337,0.997306313,0.997908075,7,7,0,62,62,0,75,75,0,51,51,0,13,13,0,2.737203118,2.685625369,9.063391439,9.175894713,16.691985191,15.458501867
66f8a8ce946a8053,CARD,Transactional Filipino Sign Language Dataset/Transactional Filipino Sign Language Dataset/recorded_data/CARD/CARD_40.mp4,development,0,0.152322696,0.384742133,0.943698191,0.959328332,7,7,0,63,67,4,75,75,0,65,65,0,28,29,1,3.151711141,3.320735295,9.397032433,9.802395879,16.686642989,13.452835132
feef532c941c4cdb,CARD,Transactional Filipino Sign Language Dataset/Transactional Filipino Sign Language Dataset/recorded_data/CARD/CARD_41.mp4,development,2,0.073716094,0.231300428,0.972709732,0.978997247,12,12,0,74,74,0,75,75,0,60,60,0,30,31,1,3.910268428,3.704871271,11.224381677,11.780474317,32.532671644,18.708026484
a6603cb63cd87749,CARD,Transactional Filipino Sign Language Dataset/Transactional Filipino Sign Language Dataset/recorded_data/CARD/CARD_42.mp4,development,3,0.222456524,0.542168768,0.839261186,0.874208045,9,9,0,74,65,-9,75,75,0,64,64,0,25,25,0,2.839970156,2.675181280,6.816606796,9.190782323,11.786020393,14.333776567
39b2263821d2d7a0,CARD,Transactional Filipino Sign Language Dataset/Transactional Filipino Sign Language Dataset/recorded_data/CARD/CARD_43.mp4,development,1,0.070477309,0.252262007,0.967864475,0.979933079,8,8,0,70,70,0,75,75,0,68,68,0,24,24,0,3.253652613,3.102513000,11.496832362,11.344214770,16.241491237,24.322344585
2bb2a0f8c04697ce,CARD,Transactional Filipino Sign Language Dataset/Transactional Filipino Sign Language Dataset/recorded_data/CARD/CARD_44.mp4,development,2,0.101488710,0.301056957,0.971833304,0.980959710,0,0,0,74,74,0,75,75,0,71,73,2,29,29,0,4.471344745,4.417333509,13.601362799,13.292155032,27.889446408,26.254380188
0447f4e0816c8359,CARD,Transactional Filipino Sign Language Dataset/Transactional Filipino Sign Language Dataset/recorded_data/CARD/CARD_8.mp4,sealed_test,,0.265090406,0.806835318,0.811449468,0.835299321,15,9,-6,73,70,-3,75,75,0,60,59,-1,0,0,0,2.832036271,4.081725392,8.299031397,13.382390398,10.107511517,37.074488595
089b79f315ce05d5,CARD,Transactional Filipino Sign Language Dataset/Transactional Filipino Sign Language Dataset/recorded_data/CARD/CARD_9.mp4,sealed_test,,0.087691330,0.288494700,0.977115293,0.983363084,8,8,0,74,74,0,75,75,0,65,65,0,0,0,0,4.717691587,5.029418251,13.656770318,14.927012155,24.056473124,33.510466436
58d4df5aee7ba15c,RECEIPT,Transactional Filipino Sign Language Dataset/Transactional Filipino Sign Language Dataset/recorded_data/RECEIPT/RECEIPT_10.mp4,development,0,0.057239590,0.108874699,0.994703777,0.994827532,16,16,0,57,57,0,75,75,0,57,57,0,57,57,0,1.320587257,1.137143226,3.613159622,3.291171732,8.531512069,8.241174521
606ba67355d2f898,RECEIPT,Transactional Filipino Sign Language Dataset/Transactional Filipino Sign Language Dataset/recorded_data/RECEIPT/RECEIPT_11.mp4,development,1,0.063224396,0.104586916,0.992052347,0.994365502,7,7,0,52,69,17,75,75,0,75,75,0,75,75,0,0.491310060,0.588436006,1.012101889,1.216083631,1.206802747,1.458464788
ab3e52f8971402fc,RECEIPT,Transactional Filipino Sign Language Dataset/Transactional Filipino Sign Language Dataset/recorded_data/RECEIPT/RECEIPT_12.mp4,development,0,0.259087988,0.768025762,0.768171879,0.822372439,10,10,0,70,49,-21,75,75,0,62,62,0,61,60,-1,3.293150833,2.230755514,17.070052762,14.411828945,46.512470521,21.076540970
0347ce5790ed5376,RECEIPT,Transactional Filipino Sign Language Dataset/Transactional Filipino Sign Language Dataset/recorded_data/RECEIPT/RECEIPT_14.mp4,development,1,0.073698582,0.153443875,0.988455908,0.992368256,14,13,-1,74,74,0,75,75,0,59,60,1,59,59,0,1.413223267,1.390311831,3.655872525,2.859867044,13.521707841,10.643602710
663c022f986c9cbd,RECEIPT,Transactional Filipino Sign Language Dataset/Transactional Filipino Sign Language Dataset/recorded_data/RECEIPT/RECEIPT_15.mp4,development,1,0.028845182,0.049400486,0.998080736,0.998698024,0,0,0,70,70,0,75,75,0,75,75,0,75,75,0,1.286532687,1.329860836,2.578864161,2.433924868,2.963740719,3.500009275
7d654e09493d4ac0,RECEIPT,Transactional Filipino Sign Language Dataset/Transactional Filipino Sign Language Dataset/recorded_data/RECEIPT/RECEIPT_16.mp4,development,0,0.027152502,0.049130766,0.997931819,0.998542539,10,10,0,72,72,0,75,75,0,63,63,0,63,63,0,1.145610017,1.082414657,2.938599670,2.834431734,10.801136394,10.280671366
a1f96ea07e099789,RECEIPT,Transactional Filipino Sign Language Dataset/Transactional Filipino Sign Language Dataset/recorded_data/RECEIPT/RECEIPT_17.mp4,development,0,0.042124537,0.071312481,0.997042016,0.998013837,0,0,0,74,74,0,75,75,0,75,75,0,75,75,0,0.799768881,0.765692283,1.606307629,1.481616058,2.368905509,2.530985404
31b6c67b6a623bc4,RECEIPT,Transactional Filipino Sign Language Dataset/Transactional Filipino Sign Language Dataset/recorded_data/RECEIPT/RECEIPT_18.mp4,sealed_test,,0.044826765,0.099944137,0.995226863,0.996862328,13,13,0,74,74,0,75,75,0,60,60,0,59,59,0,1.516313602,1.400191892,6.124027133,5.706130379,13.964743687,12.619444071
82a980a7cd80baaf,RECEIPT,Transactional Filipino Sign Language Dataset/Transactional Filipino Sign Language Dataset/recorded_data/RECEIPT/RECEIPT_19.mp4,development,0,0.053904754,0.099470535,0.994751299,0.996525496,5,2,-3,69,69,0,75,75,0,75,75,0,75,75,0,0.768724401,0.793603369,1.568420990,1.734290053,2.060379681,2.126977714
3fb84fce836559f4,RECEIPT,Transactional Filipino Sign Language Dataset/Transactional Filipino Sign Language Dataset/recorded_data/RECEIPT/RECEIPT_2.mp4,sealed_test,,0.030619413,0.050702659,0.998248371,0.998469744,11,11,0,70,70,0,75,75,0,55,55,0,53,53,0,2.330390414,2.271506475,11.137212859,10.360437813,16.866198681,16.899558765
883f52f418a50b1d,RECEIPT,Transactional Filipino Sign Language Dataset/Transactional Filipino Sign Language Dataset/recorded_data/RECEIPT/RECEIPT_20.mp4,sealed_test,,0.120984070,0.484025531,0.842404770,0.878581241,20,20,0,57,69,12,75,75,0,53,52,-1,52,53,1,1.589244761,2.439602591,7.257974620,3.390703146,17.325247475,41.573526120
9f52f3c29e2a6ba6,RECEIPT,Transactional Filipino Sign Language Dataset/Transactional Filipino Sign Language Dataset/recorded_data/RECEIPT/RECEIPT_21.mp4,development,3,0.033477859,0.056901909,0.997445767,0.998135491,2,2,0,74,74,0,75,75,0,75,75,0,75,75,0,1.018174060,0.955313031,2.189246599,2.040920442,2.690324077,2.310780832
bf42dd0b107a2a03,RECEIPT,Transactional Filipino Sign Language Dataset/Transactional Filipino Sign Language Dataset/recorded_data/RECEIPT/RECEIPT_23.mp4,development,2,0.044361094,0.081204908,0.995748713,0.997086493,9,8,-1,72,72,0,75,75,0,75,75,0,75,75,0,1.359206242,1.438906899,3.370301185,3.890392706,5.176397959,4.726754825
91240bff01f37e85,RECEIPT,Transactional Filipino Sign Language Dataset/Transactional Filipino Sign Language Dataset/recorded_data/RECEIPT/RECEIPT_25.mp4,development,1,0.026633203,0.062887537,0.997709412,0.998453179,0,0,0,73,73,0,75,75,0,75,75,0,75,74,-1,1.287209288,1.319941551,2.948658482,2.927402825,3.046954148,3.104660967
e0b6ead608d96027,RECEIPT,Transactional Filipino Sign Language Dataset/Transactional Filipino Sign Language Dataset/recorded_data/RECEIPT/RECEIPT_27.mp4,development,1,0.064150800,0.117155250,0.988147908,0.989667352,8,8,0,72,74,2,75,75,0,65,65,0,63,65,2,1.749314635,1.801652576,3.779943029,6.346271835,11.912497394,10.121985883
f0fc069d1ead37fd,RECEIPT,Transactional Filipino Sign Language Dataset/Transactional Filipino Sign Language Dataset/recorded_data/RECEIPT/RECEIPT_29.mp4,development,2,0.035361364,0.059515143,0.995314922,0.996175149,17,8,-9,74,74,0,75,75,0,75,75,0,75,75,0,0.552808531,0.620079632,1.004644910,1.240510042,1.339611062,1.700616616
0b36866fa25f9522,RECEIPT,Transactional Filipino Sign Language Dataset/Transactional Filipino Sign Language Dataset/recorded_data/RECEIPT/RECEIPT_31.mp4,development,3,0.037231218,0.061666429,0.996860272,0.997232546,13,13,0,72,73,1,75,75,0,75,75,0,75,75,0,1.531559568,1.525957451,3.037318179,3.167825521,3.829468326,3.790909288
3c6e8693acc4086e,RECEIPT,Transactional Filipino Sign Language Dataset/Transactional Filipino Sign Language Dataset/recorded_data/RECEIPT/RECEIPT_32.mp4,development,2,0.074885417,0.365474990,0.918162838,0.927963311,21,21,0,72,73,1,75,75,0,47,47,0,47,48,1,3.610607230,2.971923319,13.770295209,13.137367696,40.788028340,22.570470925
a5b149d9e91710cf,RECEIPT,Transactional Filipino Sign Language Dataset/Transactional Filipino Sign Language Dataset/recorded_data/RECEIPT/RECEIPT_33.mp4,development,2,0.027132018,0.049919209,0.998427571,0.998841006,7,7,0,74,74,0,75,75,0,75,75,0,75,75,0,1.861462869,1.809107747,4.108235704,3.797689294,4.705723295,4.716965109
19c8de5bdb65163d,RECEIPT,Transactional Filipino Sign Language Dataset/Transactional Filipino Sign Language Dataset/recorded_data/RECEIPT/RECEIPT_35.mp4,development,3,0.027266579,0.053887669,0.997719938,0.998435781,0,0,0,74,74,0,75,75,0,75,75,0,75,75,0,0.889312636,0.891311772,2.011584380,2.053033614,2.672907030,2.956393287
695d701fbc9d9217,RECEIPT,Transactional Filipino Sign Language Dataset/Transactional Filipino Sign Language Dataset/recorded_data/RECEIPT/RECEIPT_36.mp4,development,3,0.112446127,0.436413068,0.912348852,0.929168879,18,18,0,65,67,2,75,75,0,42,42,0,43,44,1,3.220725272,4.507345622,18.172438925,28.925114260,41.288407352,45.018743501
3d575d0a6845f67d,RECEIPT,Transactional Filipino Sign Language Dataset/Transactional Filipino Sign Language Dataset/recorded_data/RECEIPT/RECEIPT_39.mp4,development,3,0.041785486,0.083971910,0.996545905,0.997148929,13,13,0,65,65,0,75,75,0,60,60,0,59,59,0,2.442994650,2.276022481,11.184288522,10.698005483,22.971062600,20.463968594
e06dc0af33de4a12,RECEIPT,Transactional Filipino Sign Language Dataset/Transactional Filipino Sign Language Dataset/recorded_data/RECEIPT/RECEIPT_40.mp4,development,1,0.041169841,0.080966807,0.996988709,0.997437307,14,14,0,56,56,0,75,75,0,37,37,0,38,38,0,2.384662331,2.354253127,9.765917554,9.497628459,25.101785263,24.659673474
acf0dcd7d562fc5b,RECEIPT,Transactional Filipino Sign Language Dataset/Transactional Filipino Sign Language Dataset/recorded_data/RECEIPT/RECEIPT_5.mp4,development,0,0.043065548,0.164602752,0.980166829,0.982956894,6,6,0,74,74,0,75,75,0,65,66,1,67,66,-1,2.439343143,2.367625128,12.859723918,7.777653793,20.544380995,28.902651082
5315bd4b9c52d1e8,RECEIPT,Transactional Filipino Sign Language Dataset/Transactional Filipino Sign Language Dataset/recorded_data/RECEIPT/RECEIPT_6.mp4,sealed_test,,0.050998081,0.080058986,0.995114823,0.995287217,2,2,0,8,8,0,75,75,0,75,75,0,75,75,0,0.042959823,0.026115974,0.106594707,0.056125937,0.106594777,0.056125972
0691ee799725a5b4,RECEIPT,Transactional Filipino Sign Language Dataset/Transactional Filipino Sign Language Dataset/recorded_data/RECEIPT/RECEIPT_7.mp4,development,2,0.028732826,0.057043577,0.998104688,0.998483729,11,11,0,74,74,0,75,75,0,62,62,0,62,62,0,1.396166937,1.395182663,6.402264832,6.339583107,11.950735754,12.068817246
10f72b3de0081a0f,RECEIPT,Transactional Filipino Sign Language Dataset/Transactional Filipino Sign Language Dataset/recorded_data/RECEIPT/RECEIPT_8.mp4,development,3,0.090463197,0.422445451,0.953805601,0.959780758,22,22,0,58,58,0,75,75,0,56,56,0,56,54,-2,2.997902566,3.033055399,14.289645644,17.457535115,34.412467975,28.367806222
da9a7c0266f3e157,RECEIPT,Transactional Filipino Sign Language Dataset/Transactional Filipino Sign Language Dataset/recorded_data/RECEIPT/RECEIPT_9.mp4,development,2,0.047731265,0.101129202,0.994891515,0.995559451,14,14,0,66,66,0,75,75,0,48,47,-1,48,48,0,1.174896991,1.143716668,3.516655054,5.258217169,14.218269866,13.529159512
52b326cb42cac4f0,WAIT,Transactional Filipino Sign Language Dataset/Transactional Filipino Sign Language Dataset/recorded_data/WAIT/WAIT_10.mp4,development,0,0.082776396,0.352873054,0.949914731,0.968224730,5,2,-3,33,33,0,75,75,0,68,70,2,0,0,0,0.907979153,1.729707985,3.435893710,3.924508798,13.566028984,27.353567504
9c2f23344055109f,WAIT,Transactional Filipino Sign Language Dataset/Transactional Filipino Sign Language Dataset/recorded_data/WAIT/WAIT_11.mp4,development,3,0.028790663,0.089028375,0.994845067,0.996641549,15,16,1,68,68,0,75,75,0,58,57,-1,0,0,0,1.411457766,1.190745999,4.133488099,2.789652051,22.268228024,18.760294494
8bcfacde8a0e05de,WAIT,Transactional Filipino Sign Language Dataset/Transactional Filipino Sign Language Dataset/recorded_data/WAIT/WAIT_12.mp4,development,1,0.019079775,0.044451672,0.998603170,0.999104907,3,3,0,73,73,0,75,75,0,75,75,0,0,0,0,0.584400446,0.588336334,1.370104236,1.449735432,1.823818412,1.900561973
db07ee693b126fc5,WAIT,Transactional Filipino Sign Language Dataset/Transactional Filipino Sign Language Dataset/recorded_data/WAIT/WAIT_13.mp4,development,3,1.699810735,4.440606314,0.123296978,0.330882421,12,59,47,53,65,12,75,75,0,75,75,0,22,0,-22,9.142608127,0.025350504,38.885535418,0.043167548,62.079851810,0.043167683
c50759685c280d08,WAIT,Transactional Filipino Sign Language Dataset/Transactional Filipino Sign Language Dataset/recorded_data/WAIT/WAIT_14.mp4,development,1,0.352733678,1.535442020,0.535637068,0.658957031,5,5,0,26,40,14,75,75,0,64,64,0,0,1,1,3.266535211,7.933768635,14.088961965,34.211587559,17.779863722,93.453279743
758eabcf0ecbe23f,WAIT,Transactional Filipino Sign Language Dataset/Transactional Filipino Sign Language Dataset/recorded_data/WAIT/WAIT_15.mp4,sealed_test,,0.029216667,0.069903485,0.994170621,0.996738785,0,0,0,53,53,0,75,75,0,75,75,0,0,0,0,0.699964205,0.591574626,1.329552550,1.235078566,4.323652708,1.351443606
d2d29fee7a8c108b,WAIT,Transactional Filipino Sign Language Dataset/Transactional Filipino Sign Language Dataset/recorded_data/WAIT/WAIT_16.mp4,development,2,0.043158667,0.099457741,0.991312075,0.994967860,7,7,0,48,48,0,75,75,0,65,64,-1,0,0,0,1.225492724,1.158856015,3.442493604,3.267771694,15.021459981,15.176355754
87357edaa3165a03,WAIT,Transactional Filipino Sign Language Dataset/Transactional Filipino Sign Language Dataset/recorded_data/WAIT/WAIT_17.mp4,development,2,0.036198942,0.082047759,0.994913900,0.996999942,1,1,0,7,7,0,75,75,0,75,75,0,0,0,0,0.022791115,0.016531523,0.035820011,0.030327704,0.035820130,0.030327767
a590198b7000a454,WAIT,Transactional Filipino Sign Language Dataset/Transactional Filipino Sign Language Dataset/recorded_data/WAIT/WAIT_18.mp4,development,2,0.033192786,0.090687351,0.992941488,0.995596004,13,13,0,26,26,0,75,75,0,60,60,0,0,0,0,0.674185768,0.564587903,3.996059605,3.396897152,4.899102023,4.163644800
da9441053dd06c5c,WAIT,Transactional Filipino Sign Language Dataset/Transactional Filipino Sign Language Dataset/recorded_data/WAIT/WAIT_19.mp4,development,0,0.025889044,0.049837890,0.998780644,0.999274159,0,2,2,5,8,3,75,75,0,75,75,0,0,0,0,0.022093845,0.009758194,0.064070669,0.013833952,0.064070725,0.013834001
9b3f2806e866c410,WAIT,Transactional Filipino Sign Language Dataset/Transactional Filipino Sign Language Dataset/recorded_data/WAIT/WAIT_2.mp4,development,2,0.033825268,0.088425359,0.994031848,0.996633534,12,12,0,49,49,0,75,75,0,61,61,0,0,0,0,0.794974196,0.739524192,1.612506972,1.575218303,12.243605301,11.958106153
14c79b9822f76f9b,WAIT,Transactional Filipino Sign Language Dataset/Transactional Filipino Sign Language Dataset/recorded_data/WAIT/WAIT_21.mp4,development,0,0.075970751,0.186036340,0.989815892,0.993899994,0,31,31,4,37,33,75,75,0,75,75,0,0,0,0,0.066974921,0.004735046,0.224184899,0.006506136,0.224184981,0.006506190
76810371e72044e6,WAIT,Transactional Filipino Sign Language Dataset/Transactional Filipino Sign Language Dataset/recorded_data/WAIT/WAIT_22.mp4,development,1,0.071370923,0.185083609,0.988901559,0.992995198,10,10,0,64,63,-1,75,75,0,50,49,-1,0,0,0,2.839321613,2.313601878,11.622237770,8.227905791,24.639502166,22.473183718
7bf602133022acf9,WAIT,Transactional Filipino Sign Language Dataset/Transactional Filipino Sign Language Dataset/recorded_data/WAIT/WAIT_25.mp4,development,0,0.033259551,0.070324253,0.995475788,0.997390418,0,36,36,4,42,38,75,75,0,75,75,0,0,0,0,0.040391009,0.009526093,0.120500556,0.018272913,0.120500647,0.018272935
41d73e5ab76a8960,WAIT,Transactional Filipino Sign Language Dataset/Transactional Filipino Sign Language Dataset/recorded_data/WAIT/WAIT_26.mp4,development,2,0.023693492,0.087642688,0.993979428,0.996477921,17,17,0,71,71,0,75,75,0,50,50,0,0,0,0,1.497727874,1.281057726,7.274351582,5.197554588,18.221214869,17.019337587
11117f5d0e6d6ad0,WAIT,Transactional Filipino Sign Language Dataset/Transactional Filipino Sign Language Dataset/recorded_data/WAIT/WAIT_29.mp4,development,3,0.019992237,0.038929897,0.998610065,0.999110329,15,38,23,21,44,23,75,75,0,75,75,0,0,0,0,0.009025320,0.011696543,0.014996345,0.025021525,0.014996383,0.025021587
7215a746072d5b3c,WAIT,Transactional Filipino Sign Language Dataset/Transactional Filipino Sign Language Dataset/recorded_data/WAIT/WAIT_3.mp4,development,3,0.132668247,0.346201003,0.981454227,0.989028069,9,3,-6,74,74,0,75,75,0,75,75,0,0,0,0,2.452781958,2.064271245,6.040319371,7.484917421,7.463554292,12.547654793
e1d8da09104b89cd,WAIT,Transactional Filipino Sign Language Dataset/Transactional Filipino Sign Language Dataset/recorded_data/WAIT/WAIT_30.mp4,development,3,0.024863915,0.048405063,0.998102650,0.998783927,19,19,0,74,74,0,75,75,0,51,51,0,0,0,0,0.679368593,0.738981510,4.303381005,4.404126629,7.485091948,7.958807176
13484a9499630d04,WAIT,Transactional Filipino Sign Language Dataset/Transactional Filipino Sign Language Dataset/recorded_data/WAIT/WAIT_31.mp4,development,0,0.022291914,0.041951151,0.998481642,0.999110841,0,0,0,73,73,0,75,75,0,74,74,0,0,0,0,1.318425600,1.364666205,2.353744253,2.515009523,16.725882435,18.294516692
8576b33ef9dc51bb,WAIT,Transactional Filipino Sign Language Dataset/Transactional Filipino Sign Language Dataset/recorded_data/WAIT/WAIT_33.mp4,development,1,0.032582364,0.071627821,0.999239681,0.999496894,0,45,45,4,51,47,75,75,0,75,75,0,0,0,0,0.049993727,0.026558211,0.144773439,0.044650733,0.144773472,0.044650775
90074e3327187849,WAIT,Transactional Filipino Sign Language Dataset/Transactional Filipino Sign Language Dataset/recorded_data/WAIT/WAIT_34.mp4,sealed_test,,0.066025502,0.178332227,0.992695637,0.995289267,18,18,0,45,45,0,75,75,0,55,55,0,0,0,0,1.588512658,1.665026709,7.562918462,7.858390573,14.389235833,13.789112829
fe257317d32325a0,WAIT,Transactional Filipino Sign Language Dataset/Transactional Filipino Sign Language Dataset/recorded_data/WAIT/WAIT_35.mp4,development,1,0.022414281,0.043853572,0.999685233,0.999799882,0,4,4,4,10,6,75,75,0,75,75,0,0,0,0,0.022924446,0.012780373,0.060566498,0.019866261,0.060566583,0.019866305
8a344bb3b5e2abd8,WAIT,Transactional Filipino Sign Language Dataset/Transactional Filipino Sign Language Dataset/recorded_data/WAIT/WAIT_36.mp4,sealed_test,,0.019529289,0.039104228,0.999025821,0.999319013,19,19,0,32,32,0,75,75,0,54,54,0,0,0,0,0.655711371,0.673230973,4.209722038,4.336212769,5.162481638,5.317436910
3c7dad129d95be56,WAIT,Transactional Filipino Sign Language Dataset/Transactional Filipino Sign Language Dataset/recorded_data/WAIT/WAIT_37.mp4,development,0,0.046433246,0.102440310,0.994586098,0.996625219,57,57,0,63,63,0,75,75,0,75,75,0,0,0,0,0.028919651,0.026342075,0.070790941,0.069621391,0.070791035,0.069621424
5bc6f9422b4be736,WAIT,Transactional Filipino Sign Language Dataset/Transactional Filipino Sign Language Dataset/recorded_data/WAIT/WAIT_38.mp4,development,3,0.103500591,0.275098182,0.926717294,0.955298392,13,13,0,41,26,-15,75,75,0,60,60,0,0,0,0,0.630430481,0.579648908,2.623467412,4.076498620,11.160540896,4.998727999
ea1dba0a9a627193,WAIT,Transactional Filipino Sign Language Dataset/Transactional Filipino Sign Language Dataset/recorded_data/WAIT/WAIT_39.mp4,sealed_test,,0.053402914,0.116094682,0.997239967,0.998442787,0,4,4,10,10,0,75,75,0,75,75,0,0,0,0,0.093818757,0.048963969,0.220457163,0.072927384,0.220457345,0.072927513
3f926c4e5e8de2f4,WAIT,Transactional Filipino Sign Language Dataset/Transactional Filipino Sign Language Dataset/recorded_data/WAIT/WAIT_7.mp4,development,2,0.082011913,0.214528778,0.993404889,0.996191921,0,0,0,66,65,-1,75,75,0,75,75,0,0,0,0,1.649428960,0.407034161,6.171676358,1.024530384,8.412158992,1.429442023
8c412a233288a20d,WAIT,Transactional Filipino Sign Language Dataset/Transactional Filipino Sign Language Dataset/recorded_data/WAIT/WAIT_8.mp4,development,2,0.076572693,0.211549868,0.972684001,0.984728772,5,4,-1,29,65,36,75,75,0,68,69,1,0,0,0,0.584044665,0.697735263,1.397880991,2.868989748,6.949694129,10.427114070
ec2a2d0054017533,WAIT,Transactional Filipino Sign Language Dataset/Transactional Filipino Sign Language Dataset/recorded_data/WAIT/WAIT_9.mp4,development,1,0.014325042,0.026996160,0.999357981,0.999627359,0,0,0,4,6,2,75,75,0,75,75,0,0,0,0,0.024369085,0.008243445,0.050423888,0.012899126,0.050423972,0.012899177
8becfcb5a1b8edb0,HOW_MANY,Transactional Filipino Sign Language Dataset/Transactional Filipino Sign Language Dataset/recorded_data/HOW_MANY/HOW_MANY_1.mp4,development,0,0.081763771,0.215276154,0.988296702,0.992778827,10,10,0,72,72,0,75,75,0,63,63,0,0,0,0,4.085067015,4.860156068,7.621625353,15.717927627,14.729414405,16.704816774
02d5800d6f3ed7b3,HOW_MANY,Transactional Filipino Sign Language Dataset/Transactional Filipino Sign Language Dataset/recorded_data/HOW_MANY/HOW_MANY_10.mp4,development,3,0.161381282,0.579239273,0.906022063,0.939634594,2,2,0,65,61,-4,75,75,0,59,59,0,0,0,0,4.287282719,2.763534475,9.171303262,6.445533891,31.299713411,6.537940469
d25986b48952f53c,HOW_MANY,Transactional Filipino Sign Language Dataset/Transactional Filipino Sign Language Dataset/recorded_data/HOW_MANY/HOW_MANY_11.mp4,development,3,0.120068812,0.413160060,0.951313070,0.964584867,10,9,-1,63,65,2,75,75,0,59,61,2,0,0,0,3.143409850,3.254325080,8.114044882,10.276346736,17.264698900,13.615997912
cd8afdec5e8a4732,HOW_MANY,Transactional Filipino Sign Language Dataset/Transactional Filipino Sign Language Dataset/recorded_data/HOW_MANY/HOW_MANY_12.mp4,sealed_test,,0.123375430,0.384359539,0.952742764,0.964923199,12,12,0,59,61,2,75,75,0,58,58,0,0,0,0,3.730723226,3.431640344,11.555852023,10.464071924,18.354808603,17.150782076
866a9ddeccde5944,HOW_MANY,Transactional Filipino Sign Language Dataset/Transactional Filipino Sign Language Dataset/recorded_data/HOW_MANY/HOW_MANY_15.mp4,development,2,0.126661055,0.621808646,0.919145808,0.948456390,10,10,0,74,74,0,75,75,0,56,56,0,0,0,0,2.953501501,3.005347366,11.876937672,16.145838901,35.592142668,38.078541369
27375d33a40e6e5a,HOW_MANY,Transactional Filipino Sign Language Dataset/Transactional Filipino Sign Language Dataset/recorded_data/HOW_MANY/HOW_MANY_16.mp4,development,3,0.315948959,1.112071836,0.787577124,0.852721370,10,11,1,39,39,0,75,75,0,57,57,0,2,0,-2,4.251407530,2.863278875,16.386898669,10.690998758,22.414583938,12.263130271
957ad1ff0dec4021,HOW_MANY,Transactional Filipino Sign Language Dataset/Transactional Filipino Sign Language Dataset/recorded_data/HOW_MANY/HOW_MANY_21.mp4,development,2,0.356502822,1.106500178,0.775859268,0.844793926,13,13,0,57,57,0,75,75,0,38,39,1,11,11,0,8.421971130,6.265438691,29.342269068,22.345537851,52.633687829,35.125284953
c548bfa8acc883c0,HOW_MANY,Transactional Filipino Sign Language Dataset/Transactional Filipino Sign Language Dataset/recorded_data/HOW_MANY/HOW_MANY_22.mp4,development,0,0.423359516,1.118116964,0.788935108,0.853543344,17,17,0,61,61,0,75,75,0,42,46,4,12,14,2,5.280390628,6.325917851,13.910729488,14.492676381,22.859670797,22.477678663
a635464d82291c3a,HOW_MANY,Transactional Filipino Sign Language Dataset/Transactional Filipino Sign Language Dataset/recorded_data/HOW_MANY/HOW_MANY_25.mp4,development,2,0.363958676,1.173837485,0.814911825,0.874316273,12,12,0,65,67,2,75,75,0,54,58,4,3,4,1,8.715764111,12.951723990,24.508736182,44.914962111,46.186548569,56.238102683
e145fc8ebdb3e3da,HOW_MANY,Transactional Filipino Sign Language Dataset/Transactional Filipino Sign Language Dataset/recorded_data/HOW_MANY/HOW_MANY_27.mp4,development,0,0.046751499,0.148907224,0.994483946,0.996511937,9,9,0,58,58,0,75,75,0,44,44,0,0,0,0,4.284991480,3.457413119,14.905741390,11.282389849,33.532949688,30.804248532
c53b68ac462e627c,HOW_MANY,Transactional Filipino Sign Language Dataset/Transactional Filipino Sign Language Dataset/recorded_data/HOW_MANY/HOW_MANY_28.mp4,development,2,0.183196555,0.615101056,0.944810727,0.964981821,9,9,0,74,74,0,75,75,0,64,63,-1,0,0,0,5.163973070,2.617421815,19.715356743,10.116961313,46.460169958,13.556324005
ccb20fa0e031f55c,HOW_MANY,Transactional Filipino Sign Language Dataset/Transactional Filipino Sign Language Dataset/recorded_data/HOW_MANY/HOW_MANY_29.mp4,sealed_test,,0.392189117,1.170874664,0.721031661,0.793810199,11,12,1,63,46,-17,75,75,0,61,57,-4,0,0,0,3.783489216,4.286824889,9.972141727,12.605651247,26.579705419,45.383368074
6cb6d85503537565,HOW_MANY,Transactional Filipino Sign Language Dataset/Transactional Filipino Sign Language Dataset/recorded_data/HOW_MANY/HOW_MANY_30.mp4,development,1,0.191518094,0.564068116,0.940216942,0.957240729,19,19,0,56,55,-1,75,75,0,54,48,-6,0,0,0,4.447007728,3.091235239,14.618120739,8.592915700,39.005672260,9.269279147
1775ab9cf157e257,HOW_MANY,Transactional Filipino Sign Language Dataset/Transactional Filipino Sign Language Dataset/recorded_data/HOW_MANY/HOW_MANY_42.mp4,development,1,0.189711979,0.595261680,0.846851514,0.875099618,13,12,-1,59,58,-1,75,75,0,35,40,5,5,6,1,5.900107823,5.303375163,25.361432226,18.351679658,42.943909189,25.517401015
fc909d07c387348b,HOW_MANY,Transactional Filipino Sign Language Dataset/Transactional Filipino Sign Language Dataset/recorded_data/HOW_MANY/HOW_MANY_43.mp4,development,1,0.419240193,1.083384469,0.544105104,0.657366209,12,12,0,48,62,14,75,75,0,39,39,0,0,0,0,2.268758491,3.210169860,9.284882651,14.124576179,19.253938775,19.374432961
42a741604b4e75c8,HOW_MANY,Transactional Filipino Sign Language Dataset/Transactional Filipino Sign Language Dataset/recorded_data/HOW_MANY/HOW_MANY_44.mp4,development,1,0.067933999,0.220667388,0.986256871,0.990347603,13,13,0,70,70,0,75,75,0,51,51,0,1,0,-1,3.408757972,3.219082989,13.917018644,11.599200765,15.757238523,19.522006042
b0bc78916e204473,HOW_MANY,Transactional Filipino Sign Language Dataset/Transactional Filipino Sign Language Dataset/recorded_data/HOW_MANY/HOW_MANY_6.mp4,development,1,0.225628110,0.606837664,0.857811764,0.902592773,12,11,-1,53,72,19,75,75,0,54,57,3,0,0,0,2.775525621,3.169846391,7.309341950,7.627181304,25.450014623,11.236230231
8b8306595209b92f,HOW_MANY,Transactional Filipino Sign Language Dataset/Transactional Filipino Sign Language Dataset/recorded_data/HOW_MANY/HOW_MANY_7.mp4,development,3,0.111299131,0.440558507,0.925084161,0.949704846,8,8,0,74,74,0,75,75,0,65,63,-2,2,2,0,4.307134147,4.859287740,14.420101295,17.499088749,27.118970311,22.485114069
892bb8ac4d7104c1,HOW_MANY,Transactional Filipino Sign Language Dataset/Transactional Filipino Sign Language Dataset/recorded_data/HOW_MANY/HOW_MANY_8.mp4,development,0,0.072050695,0.215662274,0.980617532,0.987080700,9,9,0,74,74,0,75,75,0,63,65,2,0,0,0,3.042200029,3.238681042,7.346069590,8.439813857,10.574326870,11.256175612
bb5f747cd4342837,HOW_MANY,Transactional Filipino Sign Language Dataset/Transactional Filipino Sign Language Dataset/recorded_data/HOW_MANY/HOW_MANY_9.mp4,sealed_test,,0.127516898,0.382676405,0.958931620,0.973102426,5,6,1,74,65,-9,75,75,0,67,63,-4,0,0,0,4.316548139,3.536461361,14.902004827,7.268645676,25.873148393,25.461677958
6304d2c864443bb3,AGAIN,Transactional Filipino Sign Language Dataset/Transactional Filipino Sign Language Dataset/recorded_data/AGAIN/AGAIN_1.mp4,development,2,0.405597088,0.912975869,0.879312597,0.899670535,12,12,0,56,62,6,75,75,0,42,40,-2,36,37,1,5.734884702,5.909980794,21.827121697,17.148524635,37.399257746,35.962897456
2a139053221be861,AGAIN,Transactional Filipino Sign Language Dataset/Transactional Filipino Sign Language Dataset/recorded_data/AGAIN/AGAIN_11.mp4,development,2,0.402416764,1.369506838,0.691520164,0.765063326,2,2,0,74,74,0,75,75,0,74,74,0,29,32,3,10.579618193,7.839558247,44.408906590,33.011516621,47.598491698,36.278720054
3f9e593beb915e78,AGAIN,Transactional Filipino Sign Language Dataset/Transactional Filipino Sign Language Dataset/recorded_data/AGAIN/AGAIN_12.mp4,development,3,0.493996983,1.040586976,0.781856062,0.830965810,9,0,-9,71,70,-1,75,75,0,75,74,-1,50,51,1,6.096428232,6.515747075,16.475403252,18.014761586,20.274345609,25.735036379
38f7b3ded6c59696,AGAIN,Transactional Filipino Sign Language Dataset/Transactional Filipino Sign Language Dataset/recorded_data/AGAIN/AGAIN_13.mp4,development,2,0.149378747,0.459036643,0.963195399,0.976920921,0,0,0,71,66,-5,75,75,0,75,75,0,65,74,9,2.016357805,1.314791505,4.580703291,3.292212608,24.782144072,3.518715260
88ebc093265a2dd0,AGAIN,Transactional Filipino Sign Language Dataset/Transactional Filipino Sign Language Dataset/recorded_data/AGAIN/AGAIN_14.mp4,development,3,0.181021844,0.668969199,0.914241004,0.939706394,11,11,0,74,74,0,75,75,0,57,57,0,26,18,-8,7.259791300,5.898755246,27.753515327,27.229250978,33.599957529,35.904757355
16554f9626d0022a,AGAIN,Transactional Filipino Sign Language Dataset/Transactional Filipino Sign Language Dataset/recorded_data/AGAIN/AGAIN_15.mp4,development,3,0.426897391,1.055535689,0.898560318,0.933666559,1,0,-1,74,74,0,75,75,0,59,52,-7,70,68,-2,6.256313950,5.759441295,21.850671420,22.621434946,36.125247822,36.180579827
240f2e729c694c5e,AGAIN,Transactional Filipino Sign Language Dataset/Transactional Filipino Sign Language Dataset/recorded_data/AGAIN/AGAIN_16.mp4,development,1,0.630923018,1.749809235,0.783780153,0.852997671,14,13,-1,66,59,-7,75,75,0,51,53,2,50,50,0,6.053418109,7.724495596,28.705075206,40.285028553,52.176606402,45.015650485
2fe5e500ac956d6f,AGAIN,Transactional Filipino Sign Language Dataset/Transactional Filipino Sign Language Dataset/recorded_data/AGAIN/AGAIN_17.mp4,development,0,0.868745658,1.878849007,0.895246350,0.914804863,8,0,-8,68,68,0,75,75,0,72,68,-4,72,67,-5,11.645093592,12.115685629,26.910684968,36.149373146,37.062737178,41.630862712
33965e62cb875df3,AGAIN,Transactional Filipino Sign Language Dataset/Transactional Filipino Sign Language Dataset/recorded_data/AGAIN/AGAIN_18.mp4,development,2,0.680876243,1.779794697,0.895878387,0.917008642,14,15,1,74,74,0,75,75,0,45,48,3,49,42,-7,14.129164965,12.108444164,47.507204127,39.714366898,56.051509994,67.280481929
1b5c1a34857766d3,AGAIN,Transactional Filipino Sign Language Dataset/Transactional Filipino Sign Language Dataset/recorded_data/AGAIN/AGAIN_19.mp4,sealed_test,,0.115492958,0.258000717,0.994191351,0.995964689,11,11,0,68,68,0,75,75,0,61,62,1,62,59,-3,2.904020891,3.054024358,6.901689848,7.806446111,25.674105556,25.526623602
8f5346c45862359b,AGAIN,Transactional Filipino Sign Language Dataset/Transactional Filipino Sign Language Dataset/recorded_data/AGAIN/AGAIN_2.mp4,development,0,0.319443501,1.128017307,0.818435232,0.859244660,18,18,0,72,74,2,75,75,0,45,45,0,32,32,0,6.069164607,4.282887034,22.145738957,15.237743373,46.063937041,31.705088235
611f95cc43bbfb06,AGAIN,Transactional Filipino Sign Language Dataset/Transactional Filipino Sign Language Dataset/recorded_data/AGAIN/AGAIN_20.mp4,sealed_test,,0.103143716,0.237089812,0.996292910,0.997253815,10,10,0,74,74,0,75,75,0,62,62,0,63,63,0,3.522640204,3.562019249,7.334105992,7.653352410,26.330909700,23.237505991
63ef69bf003a0214,AGAIN,Transactional Filipino Sign Language Dataset/Transactional Filipino Sign Language Dataset/recorded_data/AGAIN/AGAIN_21.mp4,development,1,1.319910551,2.472679725,0.802458926,0.829938301,6,0,-6,56,74,18,75,75,0,46,32,-14,63,69,6,12.965953304,9.656698077,29.677618029,32.952770207,48.310129682,37.196767284
1dce9aad12264cfa,AGAIN,Transactional Filipino Sign Language Dataset/Transactional Filipino Sign Language Dataset/recorded_data/AGAIN/AGAIN_22.mp4,sealed_test,,0.967683554,1.741932637,0.821153540,0.843702743,15,15,0,74,51,-23,75,75,0,30,23,-7,57,55,-2,10.001955022,5.605521983,26.060871597,14.271103889,39.654796322,27.796019872
ed05b327cd2e664f,AGAIN,Transactional Filipino Sign Language Dataset/Transactional Filipino Sign Language Dataset/recorded_data/AGAIN/AGAIN_23.mp4,development,3,0.133619872,0.287740887,0.993957480,0.995522939,12,12,0,74,74,0,75,75,0,59,60,1,60,60,0,6.360106307,5.798145577,22.240453565,17.803072864,37.312526795,37.112863525
67d2056438cc926a,AGAIN,Transactional Filipino Sign Language Dataset/Transactional Filipino Sign Language Dataset/recorded_data/AGAIN/AGAIN_25.mp4,development,1,0.245710646,0.658282617,0.881254227,0.928381473,1,2,1,67,61,-6,75,75,0,61,60,-1,65,59,-6,4.101738229,3.899594989,20.345060689,14.859880512,28.690133135,21.420301954
ab47de44aaaa8415,AGAIN,Transactional Filipino Sign Language Dataset/Transactional Filipino Sign Language Dataset/recorded_data/AGAIN/AGAIN_27.mp4,development,0,0.508220222,1.662204140,0.727181316,0.784306274,16,16,0,74,74,0,75,75,0,57,57,0,28,22,-6,11.462677963,6.987942018,41.014295783,36.490018547,55.994293660,44.655574071
65018a6ac4e8eb58,AGAIN,Transactional Filipino Sign Language Dataset/Transactional Filipino Sign Language Dataset/recorded_data/AGAIN/AGAIN_29.mp4,development,3,0.203576072,0.536710633,0.978793637,0.984660926,24,23,-1,72,72,0,75,75,0,49,50,1,47,49,2,7.118846732,7.470820885,26.538416916,23.250655022,87.941649837,60.478266591
87199da4136fc8e6,AGAIN,Transactional Filipino Sign Language Dataset/Transactional Filipino Sign Language Dataset/recorded_data/AGAIN/AGAIN_31.mp4,development,0,0.530407435,1.187727920,0.857049283,0.879369453,0,0,0,63,74,11,75,75,0,75,75,0,45,56,11,9.568384507,7.715437609,25.893700480,27.430613622,42.199284565,35.468794372
20abca3de6d880f8,AGAIN,Transactional Filipino Sign Language Dataset/Transactional Filipino Sign Language Dataset/recorded_data/AGAIN/AGAIN_33.mp4,development,0,1.157800022,2.578608078,0.349009785,0.477225507,9,8,-1,74,74,0,75,75,0,50,14,-36,58,62,4,11.134592918,10.393681351,34.223322029,34.414905756,51.293142617,40.815483829
d02ddd1cef47f811,AGAIN,Transactional Filipino Sign Language Dataset/Transactional Filipino Sign Language Dataset/recorded_data/AGAIN/AGAIN_34.mp4,development,1,0.422648799,1.197171535,0.760955311,0.831268965,18,17,-1,65,67,2,75,75,0,26,34,8,27,28,1,9.218402298,7.353379507,39.777246599,22.885988895,45.310866728,36.327716802
e3d2e8a50bf5d955,AGAIN,Transactional Filipino Sign Language Dataset/Transactional Filipino Sign Language Dataset/recorded_data/AGAIN/AGAIN_35.mp4,development,1,0.316512768,0.893112066,0.854712458,0.904933793,32,31,-1,74,74,0,75,75,0,40,41,1,29,27,-2,6.372363352,7.660365014,20.031217635,25.050862450,21.437719894,25.807465415
6d4def48dd32e099,AGAIN,Transactional Filipino Sign Language Dataset/Transactional Filipino Sign Language Dataset/recorded_data/AGAIN/AGAIN_37.mp4,development,0,0.242714511,0.541051837,0.963404609,0.974265660,10,10,0,74,74,0,75,75,0,75,75,0,73,62,-11,4.088680552,3.700246688,8.265775487,6.727388272,12.742697821,26.471624775
ca48804cd1079c0c,AGAIN,Transactional Filipino Sign Language Dataset/Transactional Filipino Sign Language Dataset/recorded_data/AGAIN/AGAIN_39.mp4,sealed_test,,0.164928834,0.602522781,0.936584043,0.949262685,0,0,0,73,73,0,75,75,0,74,73,-1,73,74,1,5.076253424,4.269596467,9.405535794,9.614418402,49.025149815,18.480436582
5e62ab901a8cfdbc,AGAIN,Transactional Filipino Sign Language Dataset/Transactional Filipino Sign Language Dataset/recorded_data/AGAIN/AGAIN_4.mp4,development,1,0.194563153,0.493725039,0.969705898,0.976059966,13,13,0,69,70,1,75,75,0,43,40,-3,43,42,-1,6.463421457,5.807443902,25.059737461,20.740727207,30.200152226,28.874678347
3102962afc3804ba,AGAIN,Transactional Filipino Sign Language Dataset/Transactional Filipino Sign Language Dataset/recorded_data/AGAIN/AGAIN_41.mp4,development,2,0.481023298,1.275585842,0.793465325,0.820727159,8,8,0,74,74,0,75,75,0,62,63,1,62,59,-3,8.449674109,6.770843379,23.658975644,18.980904681,30.787260634,30.059242156
5121b84811fdee21,AGAIN,Transactional Filipino Sign Language Dataset/Transactional Filipino Sign Language Dataset/recorded_data/AGAIN/AGAIN_42.mp4,development,3,0.509193914,1.006407207,0.895317188,0.906083758,21,21,0,55,60,5,75,75,0,22,23,1,35,40,5,4.296994707,5.247223302,11.595270294,12.128574615,12.362503176,17.042498297
88b2b1dba4d5c5e6,AGAIN,Transactional Filipino Sign Language Dataset/Transactional Filipino Sign Language Dataset/recorded_data/AGAIN/AGAIN_43.mp4,development,0,0.351762652,1.068994000,0.926098124,0.939505192,0,0,0,74,74,0,75,75,0,74,75,1,63,65,2,10.483198356,9.107627426,26.832703097,23.961701354,36.686812787,31.061946678
2345018dec32fc60,AGAIN,Transactional Filipino Sign Language Dataset/Transactional Filipino Sign Language Dataset/recorded_data/AGAIN/AGAIN_44.mp4,development,1,0.347634951,0.772813422,0.921907835,0.935332234,28,31,3,74,74,0,75,75,0,37,39,2,51,53,2,5.478917500,4.641772008,14.370100448,9.382080046,23.275056307,15.737060284
116ffd2f75cf05e9,AGAIN,Transactional Filipino Sign Language Dataset/Transactional Filipino Sign Language Dataset/recorded_data/AGAIN/AGAIN_5.mp4,development,2,0.819670314,2.256499801,0.627729926,0.705465809,0,0,0,74,74,0,75,75,0,60,61,1,55,44,-11,9.167264390,6.152451124,39.261748753,22.376965023,47.781305673,29.416416291
af61bb7c2e29f6c0,AGAIN,Transactional Filipino Sign Language Dataset/Transactional Filipino Sign Language Dataset/recorded_data/AGAIN/AGAIN_6.mp4,development,2,0.894607556,2.131158789,0.678997104,0.734182368,10,11,1,63,69,6,75,75,0,51,50,-1,65,59,-6,12.663565428,13.230202151,35.017472118,42.133420976,45.334558490,48.275865747
34fd2fb4a07fcf3b,AGAIN,Transactional Filipino Sign Language Dataset/Transactional Filipino Sign Language Dataset/recorded_data/AGAIN/AGAIN_8.mp4,development,3,0.412630029,2.119393584,0.612378476,0.691598223,6,7,1,74,74,0,75,75,0,66,65,-1,52,52,0,13.856165311,7.633977939,62.077414247,22.898930661,122.685781012,36.331162793
a1da26117099171c,AGAIN,Transactional Filipino Sign Language Dataset/Transactional Filipino Sign Language Dataset/recorded_data/AGAIN/AGAIN_9.mp4,sealed_test,,0.713213016,2.251980631,0.655138587,0.715112242,6,8,2,74,74,0,75,75,0,65,62,-3,32,29,-3,16.824736812,13.670288625,56.334732047,48.245763388,94.140726135,115.051567209
6f119b6d319a1817,PROBLEM,Transactional Filipino Sign Language Dataset/Transactional Filipino Sign Language Dataset/recorded_data/PROBLEM/PROBLEM_10.mp4,development,1,0.043883902,0.076287723,0.997298232,0.997571624,28,28,0,64,64,0,75,75,0,45,45,0,40,40,0,2.053943370,1.964645363,5.676014794,5.604706963,10.506911317,9.634089542
19ca5370d31c23a3,PROBLEM,Transactional Filipino Sign Language Dataset/Transactional Filipino Sign Language Dataset/recorded_data/PROBLEM/PROBLEM_11.mp4,development,0,0.134015842,0.515338135,0.947302104,0.957099610,13,13,0,74,74,0,75,75,0,47,46,-1,44,45,1,8.739911973,8.066880793,22.316556349,17.880461229,30.291339744,25.570528448
520cd9a4d0f55a73,PROBLEM,Transactional Filipino Sign Language Dataset/Transactional Filipino Sign Language Dataset/recorded_data/PROBLEM/PROBLEM_12.mp4,sealed_test,,0.472172988,1.058199843,0.788227491,0.829170558,6,9,3,74,74,0,75,75,0,52,56,4,53,54,1,9.591441687,7.968292769,26.839735630,13.650920758,29.705906106,20.048714137
33d22bb110a054be,PROBLEM,Transactional Filipino Sign Language Dataset/Transactional Filipino Sign Language Dataset/recorded_data/PROBLEM/PROBLEM_13.mp4,sealed_test,,0.363371933,1.092279352,0.851027125,0.882170192,5,6,1,74,74,0,75,75,0,48,48,0,55,52,-3,12.496805235,11.385647346,36.728601536,36.406045754,41.571013683,45.645676304
630a7d107fe7deb7,PROBLEM,Transactional Filipino Sign Language Dataset/Transactional Filipino Sign Language Dataset/recorded_data/PROBLEM/PROBLEM_15.mp4,development,0,0.107427694,0.207957312,0.982337739,0.987534453,8,7,-1,74,74,0,75,75,0,69,72,3,64,66,2,5.066352928,5.149522781,9.894814478,9.229716064,12.304450183,16.600676122
b9e4161459612c15,PROBLEM,Transactional Filipino Sign Language Dataset/Transactional Filipino Sign Language Dataset/recorded_data/PROBLEM/PROBLEM_16.mp4,development,2,0.043244767,0.085890577,0.995856010,0.996963860,15,15,0,74,74,0,75,75,0,46,50,4,54,56,2,3.895715684,3.921624919,7.731031927,7.349924744,9.309931188,10.450250213
064aedb458ae2778,PROBLEM,Transactional Filipino Sign Language Dataset/Transactional Filipino Sign Language Dataset/recorded_data/PROBLEM/PROBLEM_17.mp4,development,1,0.049348261,0.098084731,0.997213660,0.998164320,0,0,0,74,74,0,75,75,0,75,75,0,75,75,0,4.636160051,4.498564344,9.067554372,9.217401250,10.874672097,10.618142502
d6dc3cf3ae8d80b0,PROBLEM,Transactional Filipino Sign Language Dataset/Transactional Filipino Sign Language Dataset/recorded_data/PROBLEM/PROBLEM_18.mp4,development,3,0.037756894,0.072080327,0.997508445,0.998286769,14,14,0,74,74,0,75,75,0,59,59,0,59,59,0,3.611799016,3.690278383,6.549867629,6.751766030,15.032298140,15.468386963
9562418539091bc8,PROBLEM,Transactional Filipino Sign Language Dataset/Transactional Filipino Sign Language Dataset/recorded_data/PROBLEM/PROBLEM_19.mp4,development,0,0.056726421,0.151178263,0.991921845,0.994474439,14,14,0,71,71,0,75,75,0,75,75,0,74,75,1,3.868336324,3.260529681,8.553501215,6.963017312,13.690079691,8.430192087
dd659d7f974bc7e0,PROBLEM,Transactional Filipino Sign Language Dataset/Transactional Filipino Sign Language Dataset/recorded_data/PROBLEM/PROBLEM_2.mp4,sealed_test,,0.049053261,0.178595923,0.968747354,0.974274654,4,4,0,73,73,0,75,75,0,50,50,0,43,44,1,5.280478206,5.214922007,13.750542403,12.703112033,17.055371776,22.533155112
c3b342868be2455e,PROBLEM,Transactional Filipino Sign Language Dataset/Transactional Filipino Sign Language Dataset/recorded_data/PROBLEM/PROBLEM_20.mp4,development,1,0.041810727,0.085972678,0.996268232,0.997565628,14,14,0,70,70,0,75,75,0,59,59,0,51,51,0,2.888142415,2.790163135,6.021399496,5.581852302,11.653785880,10.223006001
ab23a17c5c09f22b,PROBLEM,Transactional Filipino Sign Language Dataset/Transactional Filipino Sign Language Dataset/recorded_data/PROBLEM/PROBLEM_21.mp4,development,2,0.048117901,0.105651268,0.997588281,0.998288310,3,3,0,74,74,0,75,75,0,75,75,0,74,75,1,5.217982689,4.948568497,12.710441974,10.306098442,14.726370848,13.309501985
87fc7365d5fdc050,PROBLEM,Transactional Filipino Sign Language Dataset/Transactional Filipino Sign Language Dataset/recorded_data/PROBLEM/PROBLEM_22.mp4,development,3,0.136175483,0.696908199,0.887046106,0.915200567,9,9,0,74,74,0,75,75,0,64,64,0,61,60,-1,6.063139586,4.810616685,17.692843254,10.368120548,29.211398824,11.156254542
63f93733d7daf489,PROBLEM,Transactional Filipino Sign Language Dataset/Transactional Filipino Sign Language Dataset/recorded_data/PROBLEM/PROBLEM_23.mp4,development,0,0.257756351,0.718570775,0.813949639,0.868490614,9,7,-2,53,54,1,75,75,0,33,35,2,36,36,0,7.103984450,6.517136952,19.842026041,20.716752802,41.186175470,26.546282782
5e5df25f98411942,PROBLEM,Transactional Filipino Sign Language Dataset/Transactional Filipino Sign Language Dataset/recorded_data/PROBLEM/PROBLEM_24.mp4,development,0,0.165254924,0.645164678,0.849901025,0.889036111,8,8,0,66,66,0,75,75,0,42,39,-3,33,35,2,9.236483894,8.374025367,27.584834200,22.187619820,33.214829066,32.649756211
f8c7f92469690226,PROBLEM,Transactional Filipino Sign Language Dataset/Transactional Filipino Sign Language Dataset/recorded_data/PROBLEM/PROBLEM_25.mp4,sealed_test,,0.110766291,0.392449611,0.967644720,0.978246388,4,4,0,74,74,0,75,75,0,68,69,1,69,72,3,6.757099962,6.531843287,11.926040607,13.196853491,24.973965866,16.745137955
a0a7b6977fb2127e,PROBLEM,Transactional Filipino Sign Language Dataset/Transactional Filipino Sign Language Dataset/recorded_data/PROBLEM/PROBLEM_26.mp4,development,3,0.093795202,0.200974043,0.990843176,0.993986307,16,16,0,70,70,0,75,75,0,51,54,3,56,56,0,4.808217047,4.582678813,8.560749438,10.134233237,12.590834287,13.083968635
4c46c6ac4dd40ca5,PROBLEM,Transactional Filipino Sign Language Dataset/Transactional Filipino Sign Language Dataset/recorded_data/PROBLEM/PROBLEM_27.mp4,development,3,0.073447475,0.163697286,0.985562336,0.989425606,21,21,0,71,71,0,75,75,0,45,46,1,41,48,7,4.486517765,4.193230029,9.009011095,7.282723039,15.386669838,13.885786138
b0174cfdc08ee028,PROBLEM,Transactional Filipino Sign Language Dataset/Transactional Filipino Sign Language Dataset/recorded_data/PROBLEM/PROBLEM_28.mp4,development,0,0.371369670,0.716971196,0.809084428,0.860685407,10,9,-1,65,73,8,75,75,0,55,55,0,59,58,-1,4.865139757,4.925483424,12.195615125,9.681716117,14.756073261,14.308302325
b3b895d63c46f2e5,PROBLEM,Transactional Filipino Sign Language Dataset/Transactional Filipino Sign Language Dataset/recorded_data/PROBLEM/PROBLEM_29.mp4,development,3,0.069689953,0.193769772,0.976756363,0.984027466,0,0,0,74,74,0,75,75,0,74,72,-2,53,58,5,4.881764358,4.597696543,7.583847364,8.212657845,17.514864819,8.771126463
116acde4c789d175,PROBLEM,Transactional Filipino Sign Language Dataset/Transactional Filipino Sign Language Dataset/recorded_data/PROBLEM/PROBLEM_3.mp4,development,2,0.028400018,0.053146075,0.998391360,0.998800484,11,11,0,74,74,0,75,75,0,61,62,1,59,59,0,3.403764601,3.463423674,7.947263321,8.429391934,11.491816400,11.822553021
a8224d96b4d2b356,PROBLEM,Transactional Filipino Sign Language Dataset/Transactional Filipino Sign Language Dataset/recorded_data/PROBLEM/PROBLEM_31.mp4,development,1,0.036900391,0.062721352,0.996845725,0.997494627,9,9,0,74,74,0,75,75,0,75,75,0,74,74,0,3.223078576,3.157968475,6.841841749,6.640140956,7.977225909,7.666297534
93662404caf2e98b,PROBLEM,Transactional Filipino Sign Language Dataset/Transactional Filipino Sign Language Dataset/recorded_data/PROBLEM/PROBLEM_32.mp4,development,0,0.028671492,0.052182562,0.997488037,0.998038404,9,9,0,70,70,0,75,75,0,75,75,0,75,75,0,2.417308757,2.352954104,4.401059242,4.416412090,4.888537823,4.837503452
f8a07462429b4634,PROBLEM,Transactional Filipino Sign Language Dataset/Transactional Filipino Sign Language Dataset/recorded_data/PROBLEM/PROBLEM_33.mp4,development,1,0.421886742,0.818295149,0.809397006,0.852722383,0,6,6,74,74,0,75,75,0,57,54,-3,57,52,-5,6.411772454,5.928581979,15.641223111,13.963142168,23.493811956,20.709835267
502726214694ac06,PROBLEM,Transactional Filipino Sign Language Dataset/Transactional Filipino Sign Language Dataset/recorded_data/PROBLEM/PROBLEM_34.mp4,sealed_test,,0.148319784,0.357446428,0.950114414,0.962694657,10,9,-1,74,74,0,75,75,0,58,60,2,46,45,-1,6.580362197,6.373876614,21.144640354,15.069121981,23.182945627,16.897247777
03f165c721346794,PROBLEM,Transactional Filipino Sign Language Dataset/Transactional Filipino Sign Language Dataset/recorded_data/PROBLEM/PROBLEM_35.mp4,development,3,0.132471994,0.531025910,0.859512360,0.879946646,16,16,0,73,73,0,75,75,0,44,44,0,45,40,-5,6.336587536,5.761744972,16.043738260,15.367661203,19.761946897,17.454322488
ab29f14e18a73fef,PROBLEM,Transactional Filipino Sign Language Dataset/Transactional Filipino Sign Language Dataset/recorded_data/PROBLEM/PROBLEM_37.mp4,development,2,0.144032335,0.328666140,0.957764143,0.969064415,9,8,-1,73,74,1,75,75,0,52,53,1,47,47,0,6.618298163,6.585943540,16.439190138,11.795149726,18.060972336,17.910659000
f8bf602b30938173,PROBLEM,Transactional Filipino Sign Language Dataset/Transactional Filipino Sign Language Dataset/recorded_data/PROBLEM/PROBLEM_38.mp4,development,2,0.047371124,0.100589356,0.995453121,0.996586323,10,10,0,74,74,0,75,75,0,57,56,-1,53,52,-1,6.218477481,5.933665422,9.199363072,11.453835071,32.226130026,29.166848271
2a651769c5dd19c3,PROBLEM,Transactional Filipino Sign Language Dataset/Transactional Filipino Sign Language Dataset/recorded_data/PROBLEM/PROBLEM_39.mp4,development,2,0.085691409,0.286831852,0.967294472,0.974836784,10,10,0,73,73,0,75,75,0,45,43,-2,63,63,0,6.514683820,6.761781416,17.264741130,17.353655984,28.917999818,23.783627356
179507214285206d,PROBLEM,Transactional Filipino Sign Language Dataset/Transactional Filipino Sign Language Dataset/recorded_data/PROBLEM/PROBLEM_4.mp4,development,3,0.032499664,0.059513953,0.998402189,0.998855361,12,12,0,74,74,0,75,75,0,61,61,0,57,55,-2,3.076092141,3.104642954,4.578819399,4.923533153,10.780534821,11.274037408
f9b0e8e278738035,PROBLEM,Transactional Filipino Sign Language Dataset/Transactional Filipino Sign Language Dataset/recorded_data/PROBLEM/PROBLEM_40.mp4,development,1,0.126674656,0.293561011,0.961503916,0.969798492,13,13,0,74,73,-1,75,75,0,37,36,-1,60,60,0,6.155781837,4.960424764,17.622002318,9.550155404,20.520843183,11.309231959
e9cd1843b00e8549,PROBLEM,Transactional Filipino Sign Language Dataset/Transactional Filipino Sign Language Dataset/recorded_data/PROBLEM/PROBLEM_41.mp4,sealed_test,,0.047186696,0.124160516,0.991181491,0.992986744,0,0,0,73,73,0,75,75,0,72,73,1,46,48,2,6.200312161,6.093958017,14.881616518,13.586327834,17.628553503,16.938549400
fb805bd23f12b08b,PROBLEM,Transactional Filipino Sign Language Dataset/Transactional Filipino Sign Language Dataset/recorded_data/PROBLEM/PROBLEM_42.mp4,development,1,0.042131853,0.118406526,0.990784105,0.992626830,3,3,0,74,74,0,75,75,0,71,72,1,45,46,1,6.085976743,5.990822528,13.760928405,12.472755144,21.049800082,13.813153596
a0ce325b874d2a84,PROBLEM,Transactional Filipino Sign Language Dataset/Transactional Filipino Sign Language Dataset/recorded_data/PROBLEM/PROBLEM_5.mp4,development,2,0.078773258,0.278541424,0.955797623,0.961976857,5,5,0,71,71,0,75,75,0,65,67,2,67,69,2,5.596155898,5.510705530,11.776939920,11.700248569,13.246900885,13.593978226
4864d2789bd2751a,PROBLEM,Transactional Filipino Sign Language Dataset/Transactional Filipino Sign Language Dataset/recorded_data/PROBLEM/PROBLEM_6.mp4,development,2,0.060942501,0.187100692,0.983510873,0.986097386,20,20,0,74,74,0,75,75,0,74,74,0,71,70,-1,3.788115995,3.953739012,6.951341910,11.563026577,12.405903635,16.775941161
2e25cdd11a983508,PROBLEM,Transactional Filipino Sign Language Dataset/Transactional Filipino Sign Language Dataset/recorded_data/PROBLEM/PROBLEM_7.mp4,development,0,0.054127515,0.207603808,0.981457259,0.984652394,4,4,0,74,74,0,75,75,0,62,61,-1,69,69,0,4.472530252,3.907709141,9.461924822,6.554582851,19.455990892,15.310712647
f9b1f28dc5d75efe,PROBLEM,Transactional Filipino Sign Language Dataset/Transactional Filipino Sign Language Dataset/recorded_data/PROBLEM/PROBLEM_8.mp4,development,1,0.067634434,0.237982808,0.983650383,0.986351476,2,2,0,74,74,0,75,75,0,61,62,1,66,71,5,5.252655823,5.057207551,10.950886641,10.414835799,17.768466281,18.566384993
ea34980c52578e54,PROBLEM,Transactional Filipino Sign Language Dataset/Transactional Filipino Sign Language Dataset/recorded_data/PROBLEM/PROBLEM_9.mp4,development,3,0.028878632,0.044544797,0.999023767,0.999061463,0,0,0,74,74,0,75,75,0,75,75,0,75,75,0,3.003394551,2.927057171,5.003512309,4.870598559,6.497703615,5.853573220
7043285acbd9d450,COIN,Transactional Filipino Sign Language Dataset/Transactional Filipino Sign Language Dataset/recorded_data/COIN/COIN_10.mp4,development,3,0.171634577,0.690091402,0.681729587,0.751272811,6,6,0,54,53,-1,75,75,0,40,42,2,4,0,-4,3.321241554,2.486979007,22.990664054,7.395318461,33.552265134,32.547953459
36bc7a69646cb63b,COIN,Transactional Filipino Sign Language Dataset/Transactional Filipino Sign Language Dataset/recorded_data/COIN/COIN_11.mp4,development,2,0.032206682,0.067859084,0.998297264,0.998281454,9,9,0,74,74,0,75,75,0,64,64,0,0,0,0,1.289582719,1.306159069,4.366382670,4.506890154,7.484361470,7.530032325
7f502aa9844f8a3d,COIN,Transactional Filipino Sign Language Dataset/Transactional Filipino Sign Language Dataset/recorded_data/COIN/COIN_13.mp4,sealed_test,,0.246526611,0.754832494,0.858035586,0.876922818,9,9,0,71,72,1,75,75,0,59,58,-1,34,18,-16,3.783962687,6.840769161,15.323839939,24.566919667,22.846957250,52.147528979
8b49454f95776c82,COIN,Transactional Filipino Sign Language Dataset/Transactional Filipino Sign Language Dataset/recorded_data/COIN/COIN_14.mp4,development,0,0.084074225,0.346051203,0.960497143,0.964244227,4,4,0,74,74,0,75,75,0,68,68,0,18,16,-2,4.486704707,4.487394522,16.302662371,15.994903617,38.348410537,38.831277737
10d9635c3d0926f8,COIN,Transactional Filipino Sign Language Dataset/Transactional Filipino Sign Language Dataset/recorded_data/COIN/COIN_17.mp4,development,0,0.039052287,0.096467389,0.996668170,0.996955286,10,10,0,68,68,0,75,75,0,63,64,1,0,0,0,2.296499224,2.217983551,11.663912790,10.919436351,17.270923053,16.576215556
d409d8b9f00f69d3,COIN,Transactional Filipino Sign Language Dataset/Transactional Filipino Sign Language Dataset/recorded_data/COIN/COIN_18.mp4,development,1,0.101119406,0.320525927,0.934042825,0.933784847,0,0,0,61,65,4,75,75,0,57,61,4,3,0,-3,2.657829222,1.707300388,15.058513059,5.124108351,16.480327986,8.236242420
54466c5bc5eceae2,COIN,Transactional Filipino Sign Language Dataset/Transactional Filipino Sign Language Dataset/recorded_data/COIN/COIN_19.mp4,development,3,0.025402430,0.064630062,0.994686084,0.996289666,0,0,0,74,74,0,75,75,0,73,73,0,1,1,0,1.732876764,1.826958108,7.823566149,7.580235349,9.978843049,10.685945600
debc4f430b2722e1,COIN,Transactional Filipino Sign Language Dataset/Transactional Filipino Sign Language Dataset/recorded_data/COIN/COIN_20.mp4,development,0,0.042882855,0.103040620,0.996318889,0.996317926,7,7,0,63,63,0,75,75,0,64,64,0,0,0,0,2.564343631,2.438918533,9.882685287,9.748877561,22.074942341,22.004740947
e5a8ae58443bc2f0,COIN,Transactional Filipino Sign Language Dataset/Transactional Filipino Sign Language Dataset/recorded_data/COIN/COIN_21.mp4,development,1,0.063122095,0.226321078,0.969846390,0.978652685,3,3,0,47,47,0,75,75,0,74,75,1,1,0,-1,1.544784341,0.821038315,4.215000069,2.202409745,16.221488483,3.407330755
1030f900745f3132,COIN,Transactional Filipino Sign Language Dataset/Transactional Filipino Sign Language Dataset/recorded_data/COIN/COIN_22.mp4,development,1,0.044379473,0.107019324,0.995316133,0.995453751,11,11,0,55,55,0,75,75,0,74,74,0,0,0,0,1.543042797,1.421238465,4.004834651,3.988672963,5.432998046,5.338034422
03079062a1ba8ddc,COIN,Transactional Filipino Sign Language Dataset/Transactional Filipino Sign Language Dataset/recorded_data/COIN/COIN_23.mp4,development,1,0.048205133,0.194260638,0.963259026,0.973108781,8,8,0,74,74,0,75,75,0,65,65,0,2,2,0,2.573314056,2.366190687,12.693381673,10.266536683,15.343816218,15.415481411
18fe4381e298842e,COIN,Transactional Filipino Sign Language Dataset/Transactional Filipino Sign Language Dataset/recorded_data/COIN/COIN_24.mp4,development,0,0.067990467,0.256698172,0.975264722,0.975200797,8,5,-3,74,74,0,75,75,0,65,66,1,0,0,0,1.962717672,2.348955107,7.455338044,7.400951487,11.246995877,13.346555390
5caed9e2a10a0cfc,COIN,Transactional Filipino Sign Language Dataset/Transactional Filipino Sign Language Dataset/recorded_data/COIN/COIN_29.mp4,development,0,0.017668024,0.046130282,0.999052010,0.999048741,13,13,0,61,61,0,75,75,0,44,44,0,0,0,0,1.593758404,1.599071562,3.894791555,3.974121399,13.079098433,12.561538577
3991ba73628b0bca,COIN,Transactional Filipino Sign Language Dataset/Transactional Filipino Sign Language Dataset/recorded_data/COIN/COIN_3.mp4,development,2,0.021899198,0.046714043,0.998758947,0.998774651,12,12,0,74,74,0,75,75,0,61,61,0,0,0,0,1.216942077,1.218982422,3.497505357,3.346050912,7.664264377,7.459163095
d3734dc06621d2c3,COIN,Transactional Filipino Sign Language Dataset/Transactional Filipino Sign Language Dataset/recorded_data/COIN/COIN_31.mp4,development,3,0.013661459,0.033057838,0.998385632,0.999005060,15,15,0,71,71,0,75,75,0,58,58,0,0,0,0,0.744328543,0.743468977,2.464085597,2.353311629,12.668828905,12.912647315
d0d869135aa3c15b,COIN,Transactional Filipino Sign Language Dataset/Transactional Filipino Sign Language Dataset/recorded_data/COIN/COIN_32.mp4,development,3,0.035371219,0.122393854,0.993394031,0.992980298,14,11,-3,74,74,0,75,75,0,59,62,3,0,0,0,0.727908014,0.938706299,2.135196425,3.637063639,6.590453191,7.807740730
8fe1a266c7d6ee64,COIN,Transactional Filipino Sign Language Dataset/Transactional Filipino Sign Language Dataset/recorded_data/COIN/COIN_35.mp4,sealed_test,,0.154769938,0.603471625,0.828438357,0.855339844,19,16,-3,61,62,1,75,75,0,38,41,3,6,2,-4,2.774863726,3.268104696,15.797057481,22.819051756,17.810411590,24.863693061
17caff6cb43e2dc0,COIN,Transactional Filipino Sign Language Dataset/Transactional Filipino Sign Language Dataset/recorded_data/COIN/COIN_38.mp4,development,2,0.036675503,0.089390109,0.995499974,0.995521192,17,17,0,66,66,0,75,75,0,45,45,0,0,0,0,1.928251537,1.940091635,11.195003280,11.765279813,13.577012978,14.186049191
f518a2ddb62e77e4,COIN,Transactional Filipino Sign Language Dataset/Transactional Filipino Sign Language Dataset/recorded_data/COIN/COIN_39.mp4,development,3,0.030613752,0.105695650,0.991144789,0.992860362,5,5,0,48,48,0,75,75,0,68,68,0,0,1,1,1.014330555,1.291685621,2.161243591,4.567753247,13.650996254,13.995020560
df86db58f660209c,COIN,Transactional Filipino Sign Language Dataset/Transactional Filipino Sign Language Dataset/recorded_data/COIN/COIN_40.mp4,development,1,0.029818334,0.085589691,0.997308432,0.997297591,0,0,0,70,70,0,75,75,0,63,65,2,0,0,0,2.038197110,2.083089902,7.336437213,7.969497143,13.957463279,14.732526188
f1001b2f77d9ac55,COIN,Transactional Filipino Sign Language Dataset/Transactional Filipino Sign Language Dataset/recorded_data/COIN/COIN_41.mp4,development,3,0.045701946,0.160714160,0.982981212,0.984786796,4,4,0,67,67,0,75,75,0,59,59,0,14,13,-1,2.749833005,2.593603147,10.570446848,10.339518534,14.061213974,12.890253936
119a0bb5bc0c038d,COIN,Transactional Filipino Sign Language Dataset/Transactional Filipino Sign Language Dataset/recorded_data/COIN/COIN_42.mp4,development,2,0.046365649,0.115146352,0.995910034,0.995863978,11,11,0,74,74,0,75,75,0,62,62,0,0,0,0,1.801949096,1.730456607,5.853304580,5.538850096,8.315985655,7.208277000
1ea887163789dc7b,COIN,Transactional Filipino Sign Language Dataset/Transactional Filipino Sign Language Dataset/recorded_data/COIN/COIN_43.mp4,development,1,0.038911025,0.086901777,0.996578178,0.997064369,18,18,0,72,72,0,75,75,0,49,50,1,7,7,0,3.230264880,3.128220551,17.679391526,17.728810846,21.966328114,21.007516879
3af4843392781864,COIN,Transactional Filipino Sign Language Dataset/Transactional Filipino Sign Language Dataset/recorded_data/COIN/COIN_44.mp4,sealed_test,,0.028476969,0.070258770,0.997113136,0.997149809,9,9,0,58,58,0,75,75,0,45,45,0,0,0,0,1.943807762,2.061559124,7.396774823,7.594786790,15.954277368,15.974873235
a59864525e8dcf7d,COIN,Transactional Filipino Sign Language Dataset/Transactional Filipino Sign Language Dataset/recorded_data/COIN/COIN_6.mp4,development,2,0.213222593,0.514439681,0.866157466,0.855642628,11,11,0,74,39,-35,75,75,0,62,62,0,0,0,0,1.297866639,0.967673254,4.894302840,2.558516720,9.403116628,9.230409619
1a1e7110e75e6f18,COIN,Transactional Filipino Sign Language Dataset/Transactional Filipino Sign Language Dataset/recorded_data/COIN/COIN_7.mp4,development,0,0.301424384,0.803029551,0.804106765,0.824515490,8,8,0,74,61,-13,75,75,0,75,75,0,13,2,-11,2.910258555,1.329252510,12.113275309,1.884554404,23.773964424,19.258582525
0aa30d284cb5bcf9,COIN,Transactional Filipino Sign Language Dataset/Transactional Filipino Sign Language Dataset/recorded_data/COIN/COIN_8.mp4,sealed_test,,0.055791042,0.138481389,0.993976404,0.994020802,0,0,0,74,73,-1,75,75,0,75,75,0,0,0,0,1.793915213,1.558756065,5.083176444,3.183452714,6.755726204,5.690617358
45f4514c42388f70,DISCOUNT,Transactional Filipino Sign Language Dataset/Transactional Filipino Sign Language Dataset/recorded_data/DISCOUNT/DISCOUNT_10.mp4,development,3,0.236965441,0.646148169,0.905505176,0.926508815,11,19,8,69,69,0,75,75,0,67,67,0,60,59,-1,3.774728252,3.773395201,12.668721294,9.793973809,21.821531846,24.301427570
d57277ad7099edb4,DISCOUNT,Transactional Filipino Sign Language Dataset/Transactional Filipino Sign Language Dataset/recorded_data/DISCOUNT/DISCOUNT_11.mp4,development,0,0.114280210,0.256174926,0.960308941,0.974991423,21,20,-1,60,68,8,75,75,0,52,53,1,52,52,0,1.670921236,1.775434544,4.781280838,3.520149696,11.055138924,19.356769201
8788890b2e76b42f,DISCOUNT,Transactional Filipino Sign Language Dataset/Transactional Filipino Sign Language Dataset/recorded_data/DISCOUNT/DISCOUNT_12.mp4,development,2,0.185002592,0.464538318,0.947698061,0.962568029,12,12,0,61,54,-7,75,75,0,60,61,1,49,53,4,3.940020430,2.663087923,9.829756100,8.017455505,34.303348184,21.507350498
702fab7b3695b8b8,DISCOUNT,Transactional Filipino Sign Language Dataset/Transactional Filipino Sign Language Dataset/recorded_data/DISCOUNT/DISCOUNT_13.mp4,development,2,0.144359060,0.549428166,0.961902309,0.969643498,9,9,0,64,64,0,75,75,0,62,62,0,50,49,-1,6.329997672,5.548457603,18.765848363,18.037226934,29.866231484,25.657828675
172ac70d62b7ea56,DISCOUNT,Transactional Filipino Sign Language Dataset/Transactional Filipino Sign Language Dataset/recorded_data/DISCOUNT/DISCOUNT_14.mp4,sealed_test,,0.129793178,0.390163209,0.980910072,0.985870679,11,11,0,62,62,0,75,75,0,46,47,1,36,36,0,6.666958994,7.335677554,25.575354956,31.451615165,49.684013716,49.106935622
e3e78cabeca884cf,DISCOUNT,Transactional Filipino Sign Language Dataset/Transactional Filipino Sign Language Dataset/recorded_data/DISCOUNT/DISCOUNT_15.mp4,development,3,0.249464644,0.636103342,0.932896351,0.950098794,0,0,0,74,74,0,75,75,0,75,75,0,54,56,2,7.733386326,5.726054780,19.557473873,13.568733835,35.853144663,25.371678207
ab1ce00a1f182720,DISCOUNT,Transactional Filipino Sign Language Dataset/Transactional Filipino Sign Language Dataset/recorded_data/DISCOUNT/DISCOUNT_17.mp4,sealed_test,,0.122722872,0.306290986,0.979867190,0.986904822,1,1,0,74,74,0,75,75,0,54,53,-1,75,75,0,7.034134510,7.047208358,19.513686364,17.574923285,22.446338795,21.605577893
b7618aa120d30207,DISCOUNT,Transactional Filipino Sign Language Dataset/Transactional Filipino Sign Language Dataset/recorded_data/DISCOUNT/DISCOUNT_18.mp4,development,1,0.172113101,0.634378793,0.931026328,0.950999411,5,6,1,53,53,0,75,75,0,36,35,-1,38,39,1,5.743639936,6.163504121,26.650222276,31.949233476,33.905015489,37.214049408
3c2ba9191c6d7107,DISCOUNT,Transactional Filipino Sign Language Dataset/Transactional Filipino Sign Language Dataset/recorded_data/DISCOUNT/DISCOUNT_19.mp4,development,2,0.053672614,0.137308854,0.993705502,0.996004046,9,9,0,69,69,0,75,75,0,72,73,1,75,75,0,2.930023811,2.669618468,10.693406694,6.836136227,14.772078470,11.412176284
e1620cd422358114,DISCOUNT,Transactional Filipino Sign Language Dataset/Transactional Filipino Sign Language Dataset/recorded_data/DISCOUNT/DISCOUNT_20.mp4,development,0,0.108480000,0.325035227,0.955905215,0.969687070,10,11,1,46,46,0,75,75,0,61,61,0,62,62,0,2.687667051,2.019600334,13.977710821,6.877355867,21.968473828,13.992319541
2ad85e392e9eb394,DISCOUNT,Transactional Filipino Sign Language Dataset/Transactional Filipino Sign Language Dataset/recorded_data/DISCOUNT/DISCOUNT_21.mp4,development,3,0.097758396,0.240651096,0.963525702,0.976645179,5,6,1,43,38,-5,75,75,0,75,75,0,75,75,0,1.270081589,1.074813798,5.395189550,3.504005851,8.683610317,4.975186759
c03d4cf76ccf7761,DISCOUNT,Transactional Filipino Sign Language Dataset/Transactional Filipino Sign Language Dataset/recorded_data/DISCOUNT/DISCOUNT_22.mp4,sealed_test,,0.111640809,0.299417014,0.974326732,0.981281631,15,15,0,55,55,0,75,75,0,55,53,-2,58,58,0,4.063151044,2.982788207,15.423398878,8.452424081,24.972005260,16.851357553
ba790990bb72ad60,DISCOUNT,Transactional Filipino Sign Language Dataset/Transactional Filipino Sign Language Dataset/recorded_data/DISCOUNT/DISCOUNT_23.mp4,development,2,0.058199694,0.134441974,0.993881380,0.995845403,2,2,0,71,71,0,75,75,0,67,69,2,71,71,0,3.714723628,3.438194703,10.199979963,9.090890440,15.275013560,17.308079571
babab00166608ef7,DISCOUNT,Transactional Filipino Sign Language Dataset/Transactional Filipino Sign Language Dataset/recorded_data/DISCOUNT/DISCOUNT_25.mp4,development,3,0.030536986,0.074236260,0.997825402,0.998494074,16,16,0,70,70,0,75,75,0,47,47,0,53,53,0,3.471016707,3.222141189,12.968923096,12.624252776,20.728656931,20.526044959
627a8f94002e07b8,DISCOUNT,Transactional Filipino Sign Language Dataset/Transactional Filipino Sign Language Dataset/recorded_data/DISCOUNT/DISCOUNT_27.mp4,development,1,0.090761340,0.333208431,0.965910491,0.977366427,10,10,0,55,55,0,75,75,0,34,36,2,39,38,-1,3.750008146,3.398528019,18.728084379,17.204431226,20.913885961,19.295296201
f336142612d7771f,DISCOUNT,Transactional Filipino Sign Language Dataset/Transactional Filipino Sign Language Dataset/recorded_data/DISCOUNT/DISCOUNT_29.mp4,development,3,0.190218416,0.472790887,0.904329102,0.922557563,21,22,1,60,66,6,75,75,0,51,50,-1,47,47,0,2.149585421,2.270712423,6.552588903,6.709524404,13.383266219,13.806391174
70860343a6969762,DISCOUNT,Transactional Filipino Sign Language Dataset/Transactional Filipino Sign Language Dataset/recorded_data/DISCOUNT/DISCOUNT_30.mp4,development,0,0.103787552,0.244493588,0.977270866,0.981297163,12,11,-1,65,67,2,75,75,0,46,49,3,47,47,0,3.199902317,3.482998309,14.927956015,12.855656993,18.506212159,16.207128401
c171666bdedc5cff,DISCOUNT,Transactional Filipino Sign Language Dataset/Transactional Filipino Sign Language Dataset/recorded_data/DISCOUNT/DISCOUNT_33.mp4,development,1,0.089711830,0.350220011,0.949301364,0.963201718,13,13,0,54,55,1,75,75,0,26,25,-1,37,38,1,4.436654753,4.354622224,20.889374086,17.650175129,26.838475831,25.453074577
5b2750bd22d99d85,DISCOUNT,Transactional Filipino Sign Language Dataset/Transactional Filipino Sign Language Dataset/recorded_data/DISCOUNT/DISCOUNT_35.mp4,development,2,0.194852920,0.757928663,0.824153674,0.874321241,10,10,0,56,57,1,75,75,0,39,40,1,40,41,1,4.113546304,6.783919249,25.590778257,35.610122255,31.145992607,40.505738163
10d83458efa471b0,DISCOUNT,Transactional Filipino Sign Language Dataset/Transactional Filipino Sign Language Dataset/recorded_data/DISCOUNT/DISCOUNT_41.mp4,development,1,0.078855531,0.186312779,0.980067087,0.985050332,12,12,0,65,65,0,75,75,0,46,47,1,48,48,0,3.125203236,3.265795193,10.211631778,10.287177611,19.792108572,17.801994693
1b0fb47caca83fef,DISCOUNT,Transactional Filipino Sign Language Dataset/Transactional Filipino Sign Language Dataset/recorded_data/DISCOUNT/DISCOUNT_42.mp4,development,0,0.051219692,0.109819171,0.994416867,0.995824086,11,11,0,74,74,0,75,75,0,55,54,-1,59,59,0,3.138481848,3.223445807,10.175752562,9.949210110,16.155889643,16.024554764
75fc8a0fa3f85e01,DISCOUNT,Transactional Filipino Sign Language Dataset/Transactional Filipino Sign Language Dataset/recorded_data/DISCOUNT/DISCOUNT_43.mp4,development,3,0.092935507,0.214546531,0.983760501,0.988194763,12,12,0,59,59,0,75,75,0,37,37,0,29,29,0,4.223984531,3.705059711,15.583212232,15.818338049,35.939116972,34.460354616
94619d1c1b48cec3,DISCOUNT,Transactional Filipino Sign Language Dataset/Transactional Filipino Sign Language Dataset/recorded_data/DISCOUNT/DISCOUNT_44.mp4,development,0,0.107343749,0.338647649,0.951190187,0.964868783,10,9,-1,56,57,1,75,75,0,38,39,1,28,28,0,3.674825040,3.840365372,15.784969048,16.948869718,23.422351341,28.078018608
46348e28c40fcc07,DISCOUNT,Transactional Filipino Sign Language Dataset/Transactional Filipino Sign Language Dataset/recorded_data/DISCOUNT/DISCOUNT_5.mp4,development,0,0.101455760,0.258505110,0.979350151,0.987107165,8,8,0,64,62,-2,75,75,0,64,64,0,75,75,0,2.354042691,2.293714072,9.522962607,6.581151933,14.027374484,11.610452103
2ee8942d3ebba720,DISCOUNT,Transactional Filipino Sign Language Dataset/Transactional Filipino Sign Language Dataset/recorded_data/DISCOUNT/DISCOUNT_6.mp4,development,1,0.244988783,0.549319539,0.937841359,0.958597383,6,0,-6,69,55,-14,75,75,0,59,59,0,75,75,0,1.685070155,1.619119625,6.446578453,3.896916670,10.341519524,13.707688134
c5ba8da492d5261a,DISCOUNT,Transactional Filipino Sign Language Dataset/Transactional Filipino Sign Language Dataset/recorded_data/DISCOUNT/DISCOUNT_7.mp4,sealed_test,,0.154722370,0.418924069,0.921696399,0.941956699,0,0,0,69,74,5,75,75,0,75,75,0,72,72,0,2.785810426,2.809877073,9.297795534,7.841420405,11.162521355,11.326155878
178d0f6b56203600,DISCOUNT,Transactional Filipino Sign Language Dataset/Transactional Filipino Sign Language Dataset/recorded_data/DISCOUNT/DISCOUNT_8.mp4,development,1,0.263139017,0.817498753,0.880827614,0.903675532,0,3,3,74,74,0,75,75,0,75,71,-4,68,66,-2,5.608787248,5.234619642,14.292067707,10.786059327,40.762619094,60.579414536
f15ed18d2af04830,DISCOUNT,Transactional Filipino Sign Language Dataset/Transactional Filipino Sign Language Dataset/recorded_data/DISCOUNT/DISCOUNT_9.mp4,development,2,0.310638905,0.948807251,0.763188359,0.825668776,5,4,-1,64,74,10,75,75,0,68,68,0,45,44,-1,4.626292836,5.994406549,16.569237432,32.872373572,24.353522904,50.019915168
