record_id,source_dataset,relative_path,source_label,class_index,raw_video_sha256,technical_status,partition,development_fold,group_id,feature_sha256
8cccecb0392957ec,MAPUA_TRANSACTIONAL_FSL,Transactional Filipino Sign Language Dataset/Transactional Filipino Sign Language Dataset/recorded_data/HELLO/HELLO_11.mp4,HELLO,0,a4929da6de83c918f9771c0f584333054e0246473b85adf600a641a373a8a8f1,PASS,development,3,source-group-8cccecb0392957ec,36f2b59d889ed5467bff6f875e4d5cb0101808b0fe645bc151db8db575c1fd30
ecf9c0bae346ffec,MAPUA_TRANSACTIONAL_FSL,Transactional Filipino Sign Language Dataset/Transactional Filipino Sign Language Dataset/recorded_data/HELLO/HELLO_15.mp4,HELLO,0,09ff25d3b3a0b605afa4756b6abfd57eb423947ad9f8e3d18cb4fbbec6550f2e,PASS,development,2,source-group-ecf9c0bae346ffec,474e2e22f86d1169856fb0b540b1c4f83264ffb4dfa50c47eb85a4968764f1f8
27fbd9fafbbe1785,MAPUA_TRANSACTIONAL_FSL,Transactional Filipino Sign Language Dataset/Transactional Filipino Sign Language Dataset/recorded_data/HELLO/HELLO_16.mp4,HELLO,0,eb8d24319761dc0a3834fbb9a8c6640c54de6658057438c0cd1f98376763df65,PASS,development,2,source-group-27fbd9fafbbe1785,c24af9321b3221837255e39cbaa62a211af43807791672ccaee42e73c8ace47c
d6a2c561c7524f61,MAPUA_TRANSACTIONAL_FSL,Transactional Filipino Sign Language Dataset/Transactional Filipino Sign Language Dataset/recorded_data/HELLO/HELLO_17.mp4,HELLO,0,8a9935477905e33ccd65c759553ac329c97956e03974d30bf50037d0334865b2,PASS,development,1,source-group-d6a2c561c7524f61,73625877b42a863d8032fec9d72e40fdfffb1d300c2e6ebc639a2169ceec590f
9fb7ce796aacdce8,MAPUA_TRANSACTIONAL_FSL,Transactional Filipino Sign Language Dataset/Transactional Filipino Sign Language Dataset/recorded_data/HELLO/HELLO_18.mp4,HELLO,0,2588791b8f0e6c5d6ff1504ccf495975a6c506071be102e5b320eaf5ee2d2822,PASS,sealed_test,,source-group-9fb7ce796aacdce8,75fab44d16ecccffa2819c065fd094623f078e2c4800e88b8293a6b82d3b3bff
9fe5d089948f2162,MAPUA_TRANSACTIONAL_FSL,Transactional Filipino Sign Language Dataset/Transactional Filipino Sign Language Dataset/recorded_data/HELLO/HELLO_19.mp4,HELLO,0,01b497f86f60c809c088cbc630a2c0e698e37a2d75774064424e503f85ee8939,PASS,development,3,source-group-9fe5d089948f2162,3a1f72e653fa5990ba9300efd57324820cc005acf6457500f57615d06ca6bce3
cb64c7cc335acaf8,MAPUA_TRANSACTIONAL_FSL,Transactional Filipino Sign Language Dataset/Transactional Filipino Sign Language Dataset/recorded_data/HELLO/HELLO_21.mp4,HELLO,0,b33f8426b163d20ea508bab8493f998253c57261f7edcde6354fefa8c73ab202,PASS,development,3,source-group-cb64c7cc335acaf8,47116793ccaefff50b7ade713da8f11d0d45fed195a4a0b30f201969b4b03b19
10ce86236a40de14,MAPUA_TRANSACTIONAL_FSL,Transactional Filipino Sign Language Dataset/Transactional Filipino Sign Language Dataset/recorded_data/HELLO/HELLO_23.mp4,HELLO,0,9c8f18344e1a90355611debc4976678ee9a9b07648540f9f83c7aef01c0e02f3,PASS,development,3,source-group-10ce86236a40de14,266de3d6a939435922a637369d25e4a2872010a3d483c7bacd2869976f5f0c45
38cab487727fb23a,MAPUA_TRANSACTIONAL_FSL,Transactional Filipino Sign Language Dataset/Transactional Filipino Sign Language Dataset/recorded_data/HELLO/HELLO_24.mp4,HELLO,0,890ec14e55a167f9343ca8a189ca44260a88178c180445aae30816f13f32c312,PASS,development,1,source-group-38cab487727fb23a,d0ed148c4e73175d7dfdad1e9e11a9f19b3d6e445861f909e9153295c7ec5a73
7e6b8b2c9a0eb1cb,MAPUA_TRANSACTIONAL_FSL,Transactional Filipino Sign Language Dataset/Transactional Filipino Sign Language Dataset/recorded_data/HELLO/HELLO_26.mp4,HELLO,0,906eb10e4336953f5326c24647c4814a1d1318d9199e0a1cfd1d7f2300f4419b,PASS,development,2,source-group-7e6b8b2c9a0eb1cb,704f64eaa4eb5d10d90b82a8eb3e1f163bef5d5654655d5b1df347bfca268a1a
e6ed227a776de510,MAPUA_TRANSACTIONAL_FSL,Transactional Filipino Sign Language Dataset/Transactional Filipino Sign Language Dataset/recorded_data/HELLO/HELLO_28.mp4,HELLO,0,3650ba71c6a6fd87944ae7c9ac7037fecf71e7d47d4318a4aee8d64454003072,PASS,development,0,source-group-e6ed227a776de510,abc053b4cf39fa85c4030da620eeb002bd71881aef999694a534caa3bb47ca24
b7c6e9d86395af27,MAPUA_TRANSACTIONAL_FSL,Transactional Filipino Sign Language Dataset/Transactional Filipino Sign Language Dataset/recorded_data/HELLO/HELLO_30.mp4,HELLO,0,cb3369d91dd9d4207f02f554bf45d9b5eb641330b1cdc82b7c19234936578eef,PASS,sealed_test,,source-group-b7c6e9d86395af27,652d08dc211a503000b093316caf55fd0383c40ce3d9ded38135088487c1c552
c63333e6aa6cc7b9,MAPUA_TRANSACTIONAL_FSL,Transactional Filipino Sign Language Dataset/Transactional Filipino Sign Language Dataset/recorded_data/HELLO/HELLO_31.mp4,HELLO,0,1f9b8fc9d2930e403af0bbe7289a1523b03561e5ec08ec9890229b1d2e977739,PASS,development,2,source-group-c63333e6aa6cc7b9,e62a520abc00681cb57be93fc4d0da8fd0fc5e76f00d94f5e3e057f678764d4e
353d6b425c535fd3,MAPUA_TRANSACTIONAL_FSL,Transactional Filipino Sign Language Dataset/Transactional Filipino Sign Language Dataset/recorded_data/HELLO/HELLO_36.mp4,HELLO,0,f2ba6d4f36d70ea9b18d8e32681446d33f70b5588e933593ef5a836b86d3cdf4,PASS,development,0,source-group-353d6b425c535fd3,740460be69e1b7b18846411f2df9c84ab1794fbd03c6e5ec818396567c893bc3
a31308a9d77e972d,MAPUA_TRANSACTIONAL_FSL,Transactional Filipino Sign Language Dataset/Transactional Filipino Sign Language Dataset/recorded_data/HELLO/HELLO_38.mp4,HELLO,0,c5c58d7d7be79d5696edcec03d745772a38684c3e52fdc642359a67becf65ff4,PASS,development,1,source-group-a31308a9d77e972d,df95cc273608e87a8022991e272abe269a75db22510494d5152fd1055cac855a
5bd07b798bffba22,MAPUA_TRANSACTIONAL_FSL,Transactional Filipino Sign Language Dataset/Transactional Filipino Sign Language Dataset/recorded_data/HELLO/HELLO_40.mp4,HELLO,0,ea2ee38671dc8956d4a8073696bbd60b3b2ca5e0086bad08f7616522fdb6214f,PASS,development,0,source-group-5bd07b798bffba22,4ce1afb1017d247d141bc3b14ae4d48798f35e25fa1a5612b4445c3f6203c71e
d5c1e0bcb5afc977,MAPUA_TRANSACTIONAL_FSL,Transactional Filipino Sign Language Dataset/Transactional Filipino Sign Language Dataset/recorded_data/HELLO/HELLO_42.mp4,HELLO,0,fead762e934117eb700131b53014adcafea655d7b3dd93ecd41134b84d24c679,PASS,development,1,source-group-d5c1e0bcb5afc977,21c15374f1a5436683481a9d164c0c50a47f9c530bff910361421e154604c4f7
cac572c15e111810,MAPUA_TRANSACTIONAL_FSL,Transactional Filipino Sign Language Dataset/Transactional Filipino Sign Language Dataset/recorded_data/HELLO/HELLO_44.mp4,HELLO,0,4a0651f173d68e2f20769c9ee7e13012a88402529213631bd6f1651d7a530a2c,PASS,development,0,source-group-cac572c15e111810,e7551c5d4364021e096264f6e5f46040cf6d62067fb55de84c8b731dbfca03b0
699f83d5b7405011,MAPUA_TRANSACTIONAL_FSL,Transactional Filipino Sign Language Dataset/Transactional Filipino Sign Language Dataset/recorded_data/HELLO/HELLO_48.mp4,HELLO,0,3175ac0231c14958cb6407e62effd47fe2bf1087d227c39ec68929e9ae02cb59,PASS,sealed_test,,source-group-699f83d5b7405011,31e4ef37101cf9e545d7eb9daea250316742214bc55e9915f469cea0895e3fb0
c116b3e0fe7c9a5a,MAPUA_TRANSACTIONAL_FSL,Transactional Filipino Sign Language Dataset/Transactional Filipino Sign Language Dataset/recorded_data/THANK_YOU/THANK_YOU_10.mp4,THANK_YOU,1,f2f0489773e903b004d01e67743d52ad211e870568a0bea8d05bfd4628ca0ad2,PASS,development,3,source-group-c116b3e0fe7c9a5a,4d4116df3f16fb17af3ec000c2d59fcf5356726c2d7223d59fa2d7115a30dffd
8d5b74a5e075dd00,MAPUA_TRANSACTIONAL_FSL,Transactional Filipino Sign Language Dataset/Transactional Filipino Sign Language Dataset/recorded_data/THANK_YOU/THANK_YOU_11.mp4,THANK_YOU,1,e19b23a812518163e89db40a617ec3bd58ec1d71529553914fdc85a10ccd2874,PASS,development,1,source-group-8d5b74a5e075dd00,4a9094e1019b31007dcf50808f4b0fe9a2b197cd8d1513e97ffebcd7cb89f90c
902aab229548beda,MAPUA_TRANSACTIONAL_FSL,Transactional Filipino Sign Language Dataset/Transactional Filipino Sign Language Dataset/recorded_data/THANK_YOU/THANK_YOU_12.mp4,THANK_YOU,1,3f2c0b32f7c52508b3e2c05a30ef6f57b85d926e88bcf9f88ec830f459acc670,PASS,development,1,source-group-902aab229548beda,32cc650d18f31c96490229af0b1f4c4d6b052ea152d2d5f98a62bdc05b0ae174
e68d9286cc9d821e,MAPUA_TRANSACTIONAL_FSL,Transactional Filipino Sign Language Dataset/Transactional Filipino Sign Language Dataset/recorded_data/THANK_YOU/THANK_YOU_15.mp4,THANK_YOU,1,5eec4e4e7377207e512d98c97123b99ebe3561b52ded7fbc4b2efbdf0999e5ba,PASS,development,2,source-group-e68d9286cc9d821e,643cc9c17185ff1023565a6bf80188407eb54879b902c73cd02db0cf121759dc
2da84bdae3189fbb,MAPUA_TRANSACTIONAL_FSL,Transactional Filipino Sign Language Dataset/Transactional Filipino Sign Language Dataset/recorded_data/THANK_YOU/THANK_YOU_16.mp4,THANK_YOU,1,2962f59fc6e93b884d69ee8e99a7bd40d21348b4440b459fb2be6dc4a4ef1a09,PASS,development,0,source-group-2da84bdae3189fbb,9d8165d28dc8c1ed08ef4100f4dbb14a577848ed1e76958e2044e163c9878e7a
1634734e49a272a8,MAPUA_TRANSACTIONAL_FSL,Transactional Filipino Sign Language Dataset/Transactional Filipino Sign Language Dataset/recorded_data/THANK_YOU/THANK_YOU_19.mp4,THANK_YOU,1,b596c2ed4e89feeb5106719c8c0c426b708cbfa7351fa874fbf1195b9fd9e2da,PASS,development,0,source-group-1634734e49a272a8,d4b51065a4924b016da41c6041d8927d03351dcf12a742e34a83e284eff86a8e
7e4662d5cc20a117,MAPUA_TRANSACTIONAL_FSL,Transactional Filipino Sign Language Dataset/Transactional Filipino Sign Language Dataset/recorded_data/THANK_YOU/THANK_YOU_2.mp4,THANK_YOU,1,23b50c5fea52decc098faece96f1305fd138b6bcc3a7e9a7035925822729011d,PASS,development,0,source-group-7e4662d5cc20a117,c56fa5b9227a485ee9ae1f8f641d93be948b1d29b465275064aa03facded50e8
d22110acbc74c314,MAPUA_TRANSACTIONAL_FSL,Transactional Filipino Sign Language Dataset/Transactional Filipino Sign Language Dataset/recorded_data/THANK_YOU/THANK_YOU_21.mp4,THANK_YOU,1,491eb076dc40e4feda5604bf094f70f29da5351a620f64fc0f7abacd97f9d7b6,PASS,development,3,source-group-d22110acbc74c314,e60ccb2ffca098776319ca955b030acaf134e6662764814ca6bb52c097ce13fb
94920a3c558c7c5e,MAPUA_TRANSACTIONAL_FSL,Transactional Filipino Sign Language Dataset/Transactional Filipino Sign Language Dataset/recorded_data/THANK_YOU/THANK_YOU_23.mp4,THANK_YOU,1,91d1a27c562929343393e6174e1339e21bc9b6c936ceee85fd33b7259dafe83f,PASS,sealed_test,,source-group-94920a3c558c7c5e,71a98a736de93ef0d81c377f3866a46508b142a1c074171f133046fa77d91188
7e00eb8e68caeec7,MAPUA_TRANSACTIONAL_FSL,Transactional Filipino Sign Language Dataset/Transactional Filipino Sign Language Dataset/recorded_data/THANK_YOU/THANK_YOU_25.mp4,THANK_YOU,1,1ec53372aa0424e4618665166af61e262d64feaa5f1dcd2506c3a4aca37172d3,PASS,development,0,source-group-7e00eb8e68caeec7,03854f62e35b1c33a3e81faddec8df33080b78f97e6f549f4174da20c3071101
2780e0cc5c9e0fb5,MAPUA_TRANSACTIONAL_FSL,Transactional Filipino Sign Language Dataset/Transactional Filipino Sign Language Dataset/recorded_data/THANK_YOU/THANK_YOU_27.mp4,THANK_YOU,1,062e5d09125be4714e72769766f44c8637599560798ca1df609ef7bdbd6e2c05,PASS,sealed_test,,source-group-2780e0cc5c9e0fb5,c7fc2c90a95b5440653850a8564253c9dd01204c5d946241c4b7ee01fa4bc927
a8a77458a193fa19,MAPUA_TRANSACTIONAL_FSL,Transactional Filipino Sign Language Dataset/Transactional Filipino Sign Language Dataset/recorded_data/THANK_YOU/THANK_YOU_29.mp4,THANK_YOU,1,e810ada142cee2aaee98e79118be3f271f18d1f61ac14cb2ece7f106e31a3ca0,PASS,development,0,source-group-a8a77458a193fa19,381e036137709e74f4ba5d169819fb2f50b58144ef29f31b479a8ac1d629ae25
0ae3bad0bbcb0a07,MAPUA_TRANSACTIONAL_FSL,Transactional Filipino Sign Language Dataset/Transactional Filipino Sign Language Dataset/recorded_data/THANK_YOU/THANK_YOU_3.mp4,THANK_YOU,1,e98f7e4e512794182d50e452992b248a19ec24b717a29dc86d24078cf5043c33,PASS,development,3,source-group-0ae3bad0bbcb0a07,f8aa9599a40adf27caf6ab2148772d43b195debda74a34de24bc08e995934377
9733179cfac993ef,MAPUA_TRANSACTIONAL_FSL,Transactional Filipino Sign Language Dataset/Transactional Filipino Sign Language Dataset/recorded_data/THANK_YOU/THANK_YOU_31.mp4,THANK_YOU,1,ba69c64dfeff69f850b2e826bdb9be59685d258c18bb00f76888b7fcba410533,PASS,development,2,source-group-9733179cfac993ef,5f52e2c724fbffef987cf3f488a2f1b33eb3d0c19018718bf9d22d81bfc5260d
0aec5f415b76871b,MAPUA_TRANSACTIONAL_FSL,Transactional Filipino Sign Language Dataset/Transactional Filipino Sign Language Dataset/recorded_data/THANK_YOU/THANK_YOU_35.mp4,THANK_YOU,1,180c69df83c16130b85690a8d8094805366124692fd243a9f732f1316cc37319,PASS,development,2,source-group-0aec5f415b76871b,f532b5b85ee61d7bbd11ca512f6e49b587c09983413bc2fac0f23caf82a383c0
59e38042ead0b269,MAPUA_TRANSACTIONAL_FSL,Transactional Filipino Sign Language Dataset/Transactional Filipino Sign Language Dataset/recorded_data/THANK_YOU/THANK_YOU_37.mp4,THANK_YOU,1,053c7e2e4a862b707998d9cfcf03c689c838f974fa2e2a2a60d814d702f6bf7e,PASS,sealed_test,,source-group-59e38042ead0b269,05b777c849864521789de46ddd4a9e70b684450fa7d4b3766f8ab7399dab42ed
d1b17cc21df29240,MAPUA_TRANSACTIONAL_FSL,Transactional Filipino Sign Language Dataset/Transactional Filipino Sign Language Dataset/recorded_data/THANK_YOU/THANK_YOU_39.mp4,THANK_YOU,1,32b02d40030879d2aafbc7e1a5356d2b0b8e3cc4845484f1dbc833bff48668a4,PASS,development,2,source-group-d1b17cc21df29240,50f0de4c9edb16d04ed9b7081516aba3c38fe792b7b5d9e6ddb8c7f927403786
ed4e143c0bab34ec,MAPUA_TRANSACTIONAL_FSL,Transactional Filipino Sign Language Dataset/Transactional Filipino Sign Language Dataset/recorded_data/THANK_YOU/THANK_YOU_4.mp4,THANK_YOU,1,6fbb07c4ca43d6be250c4af5ea520fbb53d48035658d7dce655bfc01d7e45853,PASS,development,3,source-group-ed4e143c0bab34ec,eae46bbc032ea9bc039ee02a33224a262c44097562fad53e1e1513f3c4551f76
187a73d43a51cded,MAPUA_TRANSACTIONAL_FSL,Transactional Filipino Sign Language Dataset/Transactional Filipino Sign Language Dataset/recorded_data/THANK_YOU/THANK_YOU_40.mp4,THANK_YOU,1,8e3e5759217557f40bac6f07bd812cf7c60f2d61a83009ada84e397cfd1ec2ac,PASS,development,1,source-group-187a73d43a51cded,5231da853450c40652d93d4b834e156d2b09caef5a14883a90697fbdc5d3469f
90eb93462b5e8e53,MAPUA_TRANSACTIONAL_FSL,Transactional Filipino Sign Language Dataset/Transactional Filipino Sign Language Dataset/recorded_data/THANK_YOU/THANK_YOU_41.mp4,THANK_YOU,1,0a0eadd97aac1cddc0ea633492dafe8b0d07bc394d541461232ee70880ffd483,PASS,development,1,source-group-90eb93462b5e8e53,0e8ba51de8284f856cebb5425ca1b7df4db6c15adbd01cf12da8db4a94a2f8e6
fd9042647ea9e524,MAPUA_TRANSACTIONAL_FSL,Transactional Filipino Sign Language Dataset/Transactional Filipino Sign Language Dataset/recorded_data/THANK_YOU/THANK_YOU_5.mp4,THANK_YOU,1,91a945e1126b555c60cacf745d2d0d3b29ed16feeb5767f3c3c0b9cdc0fd86f4,PASS,sealed_test,,source-group-fd9042647ea9e524,f187c7a410859dba9997ec2f5b84c7127b1cdbd1320ba73f4710ccd4a7b37ea0
a7a1ac7edaf65228,MAPUA_TRANSACTIONAL_FSL,Transactional Filipino Sign Language Dataset/Transactional Filipino Sign Language Dataset/recorded_data/THANK_YOU/THANK_YOU_6.mp4,THANK_YOU,1,ec8132d58110017d9c4b8166d6b378ab4e427ad1856466f0acc75ddbb410217c,PASS,development,3,source-group-a7a1ac7edaf65228,8aa8bcd63521af26ab6afda386b5ae6f397c8d8384dd43066d6d6739b232f4bd
891f73f66683211f,MAPUA_TRANSACTIONAL_FSL,Transactional Filipino Sign Language Dataset/Transactional Filipino Sign Language Dataset/recorded_data/THANK_YOU/THANK_YOU_7.mp4,THANK_YOU,1,2d502362aa7e3b6bbc40e659b36ea717c0ca0f120dff46024b2a5c837d718da1,PASS,development,2,source-group-891f73f66683211f,d0f5f9ca2146604e7d324a368c5dc25561564998b7a07aae389ec4e38283477b
fb64b2268a82158e,MAPUA_TRANSACTIONAL_FSL,Transactional Filipino Sign Language Dataset/Transactional Filipino Sign Language Dataset/recorded_data/THANK_YOU/THANK_YOU_8.mp4,THANK_YOU,1,ffe7264f60bc6def9153f7837a7fbb27aabe6c4bdaa93f8dfef4a69bf10d71e7,PASS,development,1,source-group-fb64b2268a82158e,c41827ea73545b3b109647d47da95a1e16c7c95daa39d5acc0169218bf48dcd6
3d3d5c060921d9f6,MAPUA_TRANSACTIONAL_FSL,Transactional Filipino Sign Language Dataset/Transactional Filipino Sign Language Dataset/recorded_data/YES/YES_1.mp4,YES,2,334286043ea40736fa64d83491da31772d358590da13158e49848502361bc236,PASS,sealed_test,,source-group-3d3d5c060921d9f6,6c994d2144df0e5fb0b988ba1f16530d753da531265ea16a8b2ee1c50eb611fd
149500f4c7eed7ad,MAPUA_TRANSACTIONAL_FSL,Transactional Filipino Sign Language Dataset/Transactional Filipino Sign Language Dataset/recorded_data/YES/YES_10.mp4,YES,2,8f0b8acbc4fb39f30c3df324caa88fcb550aee0ed8a5c455b8b8506d578b734f,PASS,development,2,source-group-149500f4c7eed7ad,2724c56a0a42ea3304263c3ec9920788d0c2451b05b097f918ad7f665b887df0
4a078739588f65a5,MAPUA_TRANSACTIONAL_FSL,Transactional Filipino Sign Language Dataset/Transactional Filipino Sign Language Dataset/recorded_data/YES/YES_11.mp4,YES,2,d5ebb9ec6f0b1b906166baf9cb21e7a0bf48725c00099804083faa0ab84ffd91,PASS,development,0,source-group-4a078739588f65a5,d68b0ed769160f15aae53fb1f48ddb1016b2820aa7448386e1683448ceac5c25
c99d1f2068f7a9b5,MAPUA_TRANSACTIONAL_FSL,Transactional Filipino Sign Language Dataset/Transactional Filipino Sign Language Dataset/recorded_data/YES/YES_12.mp4,YES,2,2553483e207971640afea71448b724d781a06d896cd7e820bac98716417f7c73,PASS,development,1,source-group-c99d1f2068f7a9b5,bd61e2b348c6f0513caca763a96db1d46414775701e27a0e27f71e7e1e4b8236
2083cf9e01330c64,MAPUA_TRANSACTIONAL_FSL,Transactional Filipino Sign Language Dataset/Transactional Filipino Sign Language Dataset/recorded_data/YES/YES_13.mp4,YES,2,278b4f04e93203b208ad5b2e69cff9e129272ef6866d1d174672c3876468fa8d,PASS,development,0,source-group-2083cf9e01330c64,483957f33ebbd39eca736f019a32a293db7c97f008e7c08824ae6401e9af780d
4ebb81ee0eba3583,MAPUA_TRANSACTIONAL_FSL,Transactional Filipino Sign Language Dataset/Transactional Filipino Sign Language Dataset/recorded_data/YES/YES_15.mp4,YES,2,4ee7f2e14343be0943af28012f80be7ff80d6898fb55bb850a6f0af226e6e1bb,PASS,sealed_test,,source-group-4ebb81ee0eba3583,d49a0687becf48958f1a6f7886a0872107c30162d875f351c7c2d508e78e01ff
e4257613e0b4e59a,MAPUA_TRANSACTIONAL_FSL,Transactional Filipino Sign Language Dataset/Transactional Filipino Sign Language Dataset/recorded_data/YES/YES_16.mp4,YES,2,960fb1cf300e4a3620d7ea1ee271623b1bef5f1cc71920ae2cf974cba4eac79d,PASS,development,3,source-group-e4257613e0b4e59a,c0ebd8d14981fbcd55a47d5667398ceaf9397fd8ca14e036305b56b194470fa1
b699378492239605,MAPUA_TRANSACTIONAL_FSL,Transactional Filipino Sign Language Dataset/Transactional Filipino Sign Language Dataset/recorded_data/YES/YES_17.mp4,YES,2,3990b164a7185f746d465b3a6e1b989b669445feba01b9c1fd8b09278b8d53a5,PASS,development,2,source-group-b699378492239605,735ed42be368e80ed1235aeab51a1b28b15d55848a121efad75918ef65d60143
e9d29e8c1489a156,MAPUA_TRANSACTIONAL_FSL,Transactional Filipino Sign Language Dataset/Transactional Filipino Sign Language Dataset/recorded_data/YES/YES_18.mp4,YES,2,e8c437c9e3b258f27485494d85983721eb20ab7b62f2627b2496dc8338d27312,PASS,development,1,source-group-e9d29e8c1489a156,fe1e6fe05386e3f02f9557be8c3c48bf51a6d4daceffcec6a1b5071c392c7cd7
e378ae8ccfb4eb39,MAPUA_TRANSACTIONAL_FSL,Transactional Filipino Sign Language Dataset/Transactional Filipino Sign Language Dataset/recorded_data/YES/YES_2.mp4,YES,2,4b31fa6ec477524473b7b945336db5c5ed005a5ea6b24390b7653332c2dfc12d,PASS,development,3,source-group-e378ae8ccfb4eb39,0200ed2bd4588c98f6604a9be38bc9b3fc376ee54adaf730ac72e3955841f698
156ae91ff3e5ba3b,MAPUA_TRANSACTIONAL_FSL,Transactional Filipino Sign Language Dataset/Transactional Filipino Sign Language Dataset/recorded_data/YES/YES_20.mp4,YES,2,2639a3af6e8f3c31b39dfa2b6e4844010317b1a09829db176877447524d1cef0,PASS,development,0,source-group-156ae91ff3e5ba3b,2fc4f5dca75b9921b7a1c6164fadd13f48ee37370cc31c3a4a12eddafcf72216
466f27bb22a6cd5e,MAPUA_TRANSACTIONAL_FSL,Transactional Filipino Sign Language Dataset/Transactional Filipino Sign Language Dataset/recorded_data/YES/YES_21.mp4,YES,2,f511a50bc4dab23f8be5de95ae5ca858aa51442189e87f5ea24efc3546187fe5,PASS,development,2,source-group-466f27bb22a6cd5e,3cd29b1c34b3d0939a54c03e8b3c34a4578d7f8c0a88cd6697ebc2931f513be8
2c7f77596f74e43b,MAPUA_TRANSACTIONAL_FSL,Transactional Filipino Sign Language Dataset/Transactional Filipino Sign Language Dataset/recorded_data/YES/YES_22.mp4,YES,2,09f86d3fc4a9ab87ae14f13dc4976cb9b36dc4af5c25d4e2435b64e0f36e7ad8,PASS,development,1,source-group-2c7f77596f74e43b,f659e9d9915cffaad99f0cf8915ff02a0d79a7ec84ea7dc9801129baf2e6a982
dee6fd70e27f85d2,MAPUA_TRANSACTIONAL_FSL,Transactional Filipino Sign Language Dataset/Transactional Filipino Sign Language Dataset/recorded_data/YES/YES_25.mp4,YES,2,a3d65c01bf2d13baa22ab19339bee07528e7a938c5034a8ce88b16674681e8c0,PASS,development,1,source-group-dee6fd70e27f85d2,b42a450a90c6f60194a79069de0f91177fd9d24c65a53c16eaca9dbadaa3f493
0a7d7e07df949f89,MAPUA_TRANSACTIONAL_FSL,Transactional Filipino Sign Language Dataset/Transactional Filipino Sign Language Dataset/recorded_data/YES/YES_26.mp4,YES,2,34d5340ff83d7db069518b4e3c57b876626b6b960a46734f139a0e483e83666f,PASS,development,0,source-group-0a7d7e07df949f89,139413c94ec117946b281fe3ab899c1de7d173406af8944a6bcd419e070bf2b7
e5414dc5def01997,MAPUA_TRANSACTIONAL_FSL,Transactional Filipino Sign Language Dataset/Transactional Filipino Sign Language Dataset/recorded_data/YES/YES_29.mp4,YES,2,c5de64f3fdecabb978324567f4bf07b4d6894eb8f97fdfe3261c643ca9cec19d,PASS,development,0,source-group-e5414dc5def01997,d9aac3eb6ab07141bb735676cfc1ba16194e977f7695179a516fd4bedbb98920
d1d9756e717b82a8,MAPUA_TRANSACTIONAL_FSL,Transactional Filipino Sign Language Dataset/Transactional Filipino Sign Language Dataset/recorded_data/YES/YES_3.mp4,YES,2,88f1ed4dfb89278835e1a3d448105f5067e860e3cf168dc8865ffb6803e6a62b,PASS,sealed_test,,source-group-d1d9756e717b82a8,69dba464580f28fcc2e53b0eb6695f132453df1d288a4f859d8d2112db83aa68
6e79df37dbe0f146,MAPUA_TRANSACTIONAL_FSL,Transactional Filipino Sign Language Dataset/Transactional Filipino Sign Language Dataset/recorded_data/YES/YES_30.mp4,YES,2,e3e9c6f306277a5bcaf62fbd8d1b0bc3816c46c78f7ee13ad291824fac70bff7,PASS,development,1,source-group-6e79df37dbe0f146,e10c82d60ba17a99eca21691307b91d09520bf1fb472b40b68f73963966af178
2bd5d149990e0806,MAPUA_TRANSACTIONAL_FSL,Transactional Filipino Sign Language Dataset/Transactional Filipino Sign Language Dataset/recorded_data/YES/YES_33.mp4,YES,2,abca9c397eebd2309987cec1bcf8dcb019132e439813c7016ace46611e844ce4,PASS,development,2,source-group-2bd5d149990e0806,8159331d8ba11965065ba4bb63f7e53888bcc5ae161cc07637d3b4e3f9e9341e
abf2577078e05cc5,MAPUA_TRANSACTIONAL_FSL,Transactional Filipino Sign Language Dataset/Transactional Filipino Sign Language Dataset/recorded_data/YES/YES_37.mp4,YES,2,abfcabb907d2d65384bff866970c3369fc797dfb32f5f2d8524c3c2b7dd9e670,PASS,development,3,source-group-abf2577078e05cc5,af8c0ec6dee366a4e2520e920370edcce99c6d4d9d7b6805b7b48c250c41d768
1b2af7085110e252,MAPUA_TRANSACTIONAL_FSL,Transactional Filipino Sign Language Dataset/Transactional Filipino Sign Language Dataset/recorded_data/YES/YES_38.mp4,YES,2,18d3b60a0b33482b1af6e35b4e666c4bb49eb528592aba5266d4e0ae49429b9b,PASS,development,3,source-group-1b2af7085110e252,a806f3d0f771c7d01f9a2bac6671a75fedda2731b494651d8b2858a16f14a047
6c903758982fe7a1,MAPUA_TRANSACTIONAL_FSL,Transactional Filipino Sign Language Dataset/Transactional Filipino Sign Language Dataset/recorded_data/YES/YES_4.mp4,YES,2,256e0e166d26a0adfe6899886f28ad3ed63dfef06b9c4c6b802a390096792f9e,PASS,sealed_test,,source-group-6c903758982fe7a1,5af69c02c5802f5c66d3eddef875d9bc188a6a4e70b36bddfe00c1130062ef25
d4d3d16cf213a85e,MAPUA_TRANSACTIONAL_FSL,Transactional Filipino Sign Language Dataset/Transactional Filipino Sign Language Dataset/recorded_data/YES/YES_40.mp4,YES,2,66b7c2a3eeb80d8c8d40cdadc8cda8a793b96049b8ce12fa9115ff81fb5f0bce,PASS,development,1,source-group-d4d3d16cf213a85e,2b094b492ac818f9be82f195bce0e9b28d658eeed0ccbf41b22d3a9d7c471ad5
de111a30bf1d2524,MAPUA_TRANSACTIONAL_FSL,Transactional Filipino Sign Language Dataset/Transactional Filipino Sign Language Dataset/recorded_data/YES/YES_7.mp4,YES,2,cbb2a67ea3ff79ef48c5449b7e024fce13072c9ff9afb74f39175f2aca8907b6,PASS,development,2,source-group-de111a30bf1d2524,896f7547da387583a090a54f27140e6da71f61ecf0c1b00560db23fbd51a69e3
e93b4dedfb721faa,MAPUA_TRANSACTIONAL_FSL,Transactional Filipino Sign Language Dataset/Transactional Filipino Sign Language Dataset/recorded_data/YES/YES_8.mp4,YES,2,b31871a60cdf02e9b4ba87a0e7603edd6b011ec4d01d511286af957092474533,PASS,development,3,source-group-e93b4dedfb721faa,75ba07533b3ca6a4990dcd49d9b1dce282cd518615741ef455ed7ed1e6faff75
5c3287f23b1f49dc,MAPUA_TRANSACTIONAL_FSL,Transactional Filipino Sign Language Dataset/Transactional Filipino Sign Language Dataset/recorded_data/YES/YES_9.mp4,YES,2,9b180d2f1af4adbb4f62cd9c14ca486959263ee7a22aba90ac796f3c81d39c93,PASS,development,0,source-group-5c3287f23b1f49dc,149d4e3fc7857e9e75d7c06052cf8756d14a94a503757463110a1c3386af828d
63d96ff068e98890,MAPUA_TRANSACTIONAL_FSL,Transactional Filipino Sign Language Dataset/Transactional Filipino Sign Language Dataset/recorded_data/NO/NO_10.mp4,NO,3,1fa98004ec32da8d0c6d379bffc3b9b7bf22eb04849cfc238240bdcc22082171,PASS,sealed_test,,source-group-63d96ff068e98890,44e6382a99201ef11ebab139f9312c1fce4ce7a3bc9696989d003714aeda47af
29792887cfe5c467,MAPUA_TRANSACTIONAL_FSL,Transactional Filipino Sign Language Dataset/Transactional Filipino Sign Language Dataset/recorded_data/NO/NO_11.mp4,NO,3,42f06b3222827f5d967172a80b014cd37564da38f300299e0864cf2fb5391237,PASS,development,2,source-group-29792887cfe5c467,e7e04ff729c5e0e086a05fb05d4504ce2379cc70035991b2bbe7155bfba2a22c
a1cfd05017749ffa,MAPUA_TRANSACTIONAL_FSL,Transactional Filipino Sign Language Dataset/Transactional Filipino Sign Language Dataset/recorded_data/NO/NO_12.mp4,NO,3,76a7d8de883d1c28d0a04960a7ed60e8b48ddc76b2ffed9c3ff3cecd1cf01255,PASS,development,0,source-group-a1cfd05017749ffa,982aad921c86f16844f61c5bfae2ef5f73d839fdb3e64d5e0477ab6840a27c0c
42ef29403348b921,MAPUA_TRANSACTIONAL_FSL,Transactional Filipino Sign Language Dataset/Transactional Filipino Sign Language Dataset/recorded_data/NO/NO_13.mp4,NO,3,fe6b25128fd6de53469664eabbd2df338cc4c1a2760cce2726e7e6a19608506c,PASS,development,2,source-group-42ef29403348b921,8f1283bfe4060bde353e3646f9a1e2e974dabc7a2a315f7d99cf0324466831eb
51f6393d388f70d4,MAPUA_TRANSACTIONAL_FSL,Transactional Filipino Sign Language Dataset/Transactional Filipino Sign Language Dataset/recorded_data/NO/NO_14.mp4,NO,3,aba2605d22f7589a401c9cf6407042394feb328f56c045484833727527184b08,PASS,development,1,source-group-51f6393d388f70d4,e5333cccab4fb4d43a3c49c6955f656001190e1674c564d965dc596a0a61d580
39f42283612dbbb7,MAPUA_TRANSACTIONAL_FSL,Transactional Filipino Sign Language Dataset/Transactional Filipino Sign Language Dataset/recorded_data/NO/NO_16.mp4,NO,3,01e8b529bef72eab2cc6ecae9de2979cbc56b1014eb61586840d25a5932ca421,PASS,development,2,source-group-39f42283612dbbb7,95add9fc16ade995c9392524b01d82641058730fc14bce19d3059a3be685c1fb
ffbf03eac812f1a3,MAPUA_TRANSACTIONAL_FSL,Transactional Filipino Sign Language Dataset/Transactional Filipino Sign Language Dataset/recorded_data/NO/NO_17.mp4,NO,3,b81e6db4e1f6f933e412b1bd59d2cb70437633b04b149dbeb7506dfcea92c004,PASS,development,2,source-group-ffbf03eac812f1a3,741e35858e46dddbe62cf61a1e0ec17600d1b09deec7a6755d5ba0e16acc1146
8ad6f3225b656e3f,MAPUA_TRANSACTIONAL_FSL,Transactional Filipino Sign Language Dataset/Transactional Filipino Sign Language Dataset/recorded_data/NO/NO_18.mp4,NO,3,d286713f261cf8b51ec1f3b3f374e88829db2e0edf06ca80b876b03855e76148,PASS,development,3,source-group-8ad6f3225b656e3f,2a0609c42a470459b690e9a49887319d8491960fa941ec2123137bd9229fa13a
0ec6d4e047b128be,MAPUA_TRANSACTIONAL_FSL,Transactional Filipino Sign Language Dataset/Transactional Filipino Sign Language Dataset/recorded_data/NO/NO_19.mp4,NO,3,49866b692ba8fc6100220e138782bccbae4ceb7d85a1bf48c929bb31e0aae782,PASS,development,3,source-group-0ec6d4e047b128be,c982a6e7c3ae44bcb91a405f537b959604bc05db142602ae5f1ecc4cae163b37
fc8eb9430507cfd8,MAPUA_TRANSACTIONAL_FSL,Transactional Filipino Sign Language Dataset/Transactional Filipino Sign Language Dataset/recorded_data/NO/NO_20.mp4,NO,3,d7c3a754f02b4d0f1c5ffe55fc8ab6976be716d7f9072a3eb62cfda3166cc26f,PASS,development,0,source-group-fc8eb9430507cfd8,c701dde57951e28ddb5569a891f15409ad8ff32f84dc9e85047a8949099415bf
cbf3d5fe664e7cc1,MAPUA_TRANSACTIONAL_FSL,Transactional Filipino Sign Language Dataset/Transactional Filipino Sign Language Dataset/recorded_data/NO/NO_21.mp4,NO,3,3faf48b38c208f17235a04a11b7ec6908b24354cda4798ddb45910e75c284e06,PASS,development,1,source-group-cbf3d5fe664e7cc1,78189e41655f2eebae44f1bbf6a316e4dc663ec1958338d9bec168ab881c3fa6
7cc742b037ecc126,MAPUA_TRANSACTIONAL_FSL,Transactional Filipino Sign Language Dataset/Transactional Filipino Sign Language Dataset/recorded_data/NO/NO_22.mp4,NO,3,6a6d3bb21d5644b5de0ae8c04892af0f960b205b32c62cfc0bf0108c7040dc9b,PASS,development,1,source-group-7cc742b037ecc126,d7e1b640acdc9545b24398c7fddcc8363237d3f134d02a4682ae27631415f15c
91725194d5428bc0,MAPUA_TRANSACTIONAL_FSL,Transactional Filipino Sign Language Dataset/Transactional Filipino Sign Language Dataset/recorded_data/NO/NO_23.mp4,NO,3,722ab4743f4f02d4ee4a7f119d872b8cdb05e51e015a35da40a86258a6e0ee9b,PASS,development,0,source-group-91725194d5428bc0,df864eec66778bc241f57f0eb0052cebbb1502a466cf9952f52aa5771865ae9d
7bfaef4974a35768,MAPUA_TRANSACTIONAL_FSL,Transactional Filipino Sign Language Dataset/Transactional Filipino Sign Language Dataset/recorded_data/NO/NO_25.mp4,NO,3,c97fe74d7dd19bb9612e7b75f3be6f8b0126313a1904f94105fca7eed43e4b4c,PASS,development,1,source-group-7bfaef4974a35768,52791399747130aa66afd344cc193fb848256a0150d242846dc70429d8727bea
7df123df0c233253,MAPUA_TRANSACTIONAL_FSL,Transactional Filipino Sign Language Dataset/Transactional Filipino Sign Language Dataset/recorded_data/NO/NO_27.mp4,NO,3,a54a7784a9fcdc7e77678feeb2bdc1876c1a130ae6a7a178f59eca39a7c10a8b,PASS,sealed_test,,source-group-7df123df0c233253,40d6c97580e1d87cd69223297ca4d84061cd31868469a1f88edb8a7cac5f5f1b
964f45aa856169b6,MAPUA_TRANSACTIONAL_FSL,Transactional Filipino Sign Language Dataset/Transactional Filipino Sign Language Dataset/recorded_data/NO/NO_28.mp4,NO,3,0da3bc1d4816d54f5bb075ad6c9a414fd3e6175f8c41357c9c3dc218b1cb8854,PASS,development,3,source-group-964f45aa856169b6,ef6cf3be061bab9f938c52cbc6c291994ce6168a022dbcbc68ae41a9d344f30d
3b69fd7a4736a8ca,MAPUA_TRANSACTIONAL_FSL,Transactional Filipino Sign Language Dataset/Transactional Filipino Sign Language Dataset/recorded_data/NO/NO_29.mp4,NO,3,eea053e183ab93bdc2d85ed75efc4bb42c813aa7d8dad9f6d42f2f2ac9ec5733,PASS,sealed_test,,source-group-3b69fd7a4736a8ca,8921ebaa1cb72f4fa102da55ec0361d112be26ca657933c0636b7fa46fa3d24a
bb38516d8852fe82,MAPUA_TRANSACTIONAL_FSL,Transactional Filipino Sign Language Dataset/Transactional Filipino Sign Language Dataset/recorded_data/NO/NO_30.mp4,NO,3,54d8691e9a412172ae921b70317568a5bb743f6bd3273d7af969f86615b0180b,PASS,sealed_test,,source-group-bb38516d8852fe82,23807ce9570aa4d8c8ae4b6748e1e50c45bf9cd8d6d7b949a10e1eff96323e0e
ab2899666f863531,MAPUA_TRANSACTIONAL_FSL,Transactional Filipino Sign Language Dataset/Transactional Filipino Sign Language Dataset/recorded_data/NO/NO_31.mp4,NO,3,fe079bcdefd3913ed41969d0d59480aaaa526c9cff47a0c92ea8121a69e2beb1,PASS,development,3,source-group-ab2899666f863531,1aaba43da492b74bf0eab812ee8c5244dd1e71e3c15f6a1fcfde9a7b3461923d
253a91cb664f1a19,MAPUA_TRANSACTIONAL_FSL,Transactional Filipino Sign Language Dataset/Transactional Filipino Sign Language Dataset/recorded_data/NO/NO_32.mp4,NO,3,d885fd65c4b8893a148e59a9a7d90022fc7c0f809a64a9a531b353721e0c354e,PASS,sealed_test,,source-group-253a91cb664f1a19,609c36f574669d1ba8f6c9bd19005f4c76fbb65e1dedcc588bad11496e0afe8a
776264169db35dab,MAPUA_TRANSACTIONAL_FSL,Transactional Filipino Sign Language Dataset/Transactional Filipino Sign Language Dataset/recorded_data/NO/NO_33.mp4,NO,3,b6c7c2b6923cbf93eb9582871fddf6066995485f9732a4dcdebf3e56b1a697ab,PASS,development,3,source-group-776264169db35dab,7f1c58eaa5a0dce31749f0761014aaa9e9fe43807e15aa11dbf30f4039b34669
1e884b4b17e51174,MAPUA_TRANSACTIONAL_FSL,Transactional Filipino Sign Language Dataset/Transactional Filipino Sign Language Dataset/recorded_data/NO/NO_34.mp4,NO,3,d7d9512f4485f00c7d903c410503690fe9a7ff533820e4083990514f65df0f36,PASS,development,3,source-group-1e884b4b17e51174,98ffa076520087c81fdd0f114100164e1ed1083f51ff089f867efd77a5638c57
d575cfb435569b39,MAPUA_TRANSACTIONAL_FSL,Transactional Filipino Sign Language Dataset/Transactional Filipino Sign Language Dataset/recorded_data/NO/NO_37.mp4,NO,3,7ed708f733fd85b462d324e181850c434636f2f29eba8e9ac536a7652c1e0c2f,PASS,development,0,source-group-d575cfb435569b39,1178574a06fdc381e2eeceec7ae160050a894479e23762f96c2307836e8bc4bf
d7531b121e9abdad,MAPUA_TRANSACTIONAL_FSL,Transactional Filipino Sign Language Dataset/Transactional Filipino Sign Language Dataset/recorded_data/NO/NO_38.mp4,NO,3,df4e46471abfb19272f774e23a5182a5e1460e5216a78feecf9d28c2998df241,PASS,development,2,source-group-d7531b121e9abdad,b9757490576e23809ebc635896a9d61922d4a3c212ea29c4baf0f63a50306459
ca1a7f07ccf97019,MAPUA_TRANSACTIONAL_FSL,Transactional Filipino Sign Language Dataset/Transactional Filipino Sign Language Dataset/recorded_data/NO/NO_39.mp4,NO,3,aed6b5c27eef6fe7f5601b5cd93437d4bfd84dc6750fa9949d5575cd4c4137dc,PASS,development,2,source-group-ca1a7f07ccf97019,3296d3e95741c8beab48d76f57a8940421db5697aa416c12d07255c4e4a2a7f0
2c4c2be2f549784a,MAPUA_TRANSACTIONAL_FSL,Transactional Filipino Sign Language Dataset/Transactional Filipino Sign Language Dataset/recorded_data/NO/NO_4.mp4,NO,3,8e1bf873512d6e2a7eb8883890296f97e85126dbd6da5236eb236a524b760270,PASS,development,1,source-group-2c4c2be2f549784a,cd8495396b29ef4f13b02c0bfd4bee5cbe4c8b4e017b5cdcedd1d9dfab6279d4
aca5f41e7f372cf4,MAPUA_TRANSACTIONAL_FSL,Transactional Filipino Sign Language Dataset/Transactional Filipino Sign Language Dataset/recorded_data/NO/NO_40.mp4,NO,3,99df3ec9e74db6ae4fa3f550bbd4a8c9e434232c1143f1a269c0bc1e21873f02,PASS,development,2,source-group-aca5f41e7f372cf4,9ab162c3c1114143bb1bac9b1752397937b968dee936879c0b73aba1240c6be3
a216eccc294aa8b9,MAPUA_TRANSACTIONAL_FSL,Transactional Filipino Sign Language Dataset/Transactional Filipino Sign Language Dataset/recorded_data/NO/NO_41.mp4,NO,3,3c1c2e34372d96a4a5454522643ecb278e391bb289c5b40824e94e29501c1116,PASS,development,1,source-group-a216eccc294aa8b9,e1725254d635b30e105a8c090a38d912a10386f5f602fc5e0df8ebc3b2111a25
f1cfac429c0da4d4,MAPUA_TRANSACTIONAL_FSL,Transactional Filipino Sign Language Dataset/Transactional Filipino Sign Language Dataset/recorded_data/NO/NO_42.mp4,NO,3,9e8da1271b87136c6027f88baec3735faa0f39fbeef3934a60729875c112259c,PASS,development,3,source-group-f1cfac429c0da4d4,1a9b70d28c7cda1ebc15cb9955d6983a7799010318847cffa9471857e7dcdc4c
02b350a095a9c064,MAPUA_TRANSACTIONAL_FSL,Transactional Filipino Sign Language Dataset/Transactional Filipino Sign Language Dataset/recorded_data/NO/NO_5.mp4,NO,3,e88785a7b9d1c6c38fe045fec0e925c21f1ef73505ee8eba282770d0444176c3,PASS,development,1,source-group-02b350a095a9c064,06e95f144654e8e73fd6483422266bf69ce5e68c3107e2ebbc3a778d3eec6974
ae14d04186487231,MAPUA_TRANSACTIONAL_FSL,Transactional Filipino Sign Language Dataset/Transactional Filipino Sign Language Dataset/recorded_data/NO/NO_7.mp4,NO,3,4974f5438cd3d1da1c89ff11c7412c34d2dc27966e9fe6370c6801ca397e3cf6,PASS,development,0,source-group-ae14d04186487231,db9452c0dd7b99470fe2fa636bdb7c7f0d953391f33b3aa0b7eec6047dfed6eb
acdf548776f5c289,MAPUA_TRANSACTIONAL_FSL,Transactional Filipino Sign Language Dataset/Transactional Filipino Sign Language Dataset/recorded_data/NO/NO_8.mp4,NO,3,dd1eb5ae4e0ca834b0ecfa54f8e8be77a5e3da88c652bc3cb34d7c7329b5975e,PASS,development,0,source-group-acdf548776f5c289,38e3b1dc5a8cabd20bbbf6bb94ae3873d04a3f98218ced370e677060d1ffe5d3
7ebacb02e214d4de,MAPUA_TRANSACTIONAL_FSL,Transactional Filipino Sign Language Dataset/Transactional Filipino Sign Language Dataset/recorded_data/NO/NO_9.mp4,NO,3,7b83c6cb896b68307050c86962bb991388f0740bd899dd1cc697fafd33805830,PASS,development,0,source-group-7ebacb02e214d4de,cdef0d9e5da1dacb170c7bfffcd554fb0975c59dd28c5a25ff9dfac12cbdad85
edb01c49dfea0840,MAPUA_TRANSACTIONAL_FSL,Transactional Filipino Sign Language Dataset/Transactional Filipino Sign Language Dataset/recorded_data/PLEASE/PLEASE_11.mp4,PLEASE,4,7714d990379aeb5915b6b87339f9d28978779cdf688aebd6d50ded8fce8cae2d,PASS,development,2,source-group-edb01c49dfea0840,95c4a14fc8cefe8381b5ff0b34193f1fd62abe67da21a4bae7e68da8a75d529e
16441f76b610d884,MAPUA_TRANSACTIONAL_FSL,Transactional Filipino Sign Language Dataset/Transactional Filipino Sign Language Dataset/recorded_data/PLEASE/PLEASE_12.mp4,PLEASE,4,9236fcf8f66a94388c1920bc160ad7816ba66551fdf8e3057d3d1addcc811d23,PASS,development,3,source-group-16441f76b610d884,5b8f09b7e5d8f4bf75e5d166800724029d01a29aefc032729799cb29f3612885
1002246df8345c76,MAPUA_TRANSACTIONAL_FSL,Transactional Filipino Sign Language Dataset/Transactional Filipino Sign Language Dataset/recorded_data/PLEASE/PLEASE_13.mp4,PLEASE,4,1598fba88b032f0ae02e2a1a6a9cb5448d262c5ec654341c9b8f2eb0c33c7b81,PASS,development,3,source-group-1002246df8345c76,a60ce2512957cf8f083ece082a1994e4b087bdce268bc6d3255bfe9bfd166645
ea7e1dc2ad9799fb,MAPUA_TRANSACTIONAL_FSL,Transactional Filipino Sign Language Dataset/Transactional Filipino Sign Language Dataset/recorded_data/PLEASE/PLEASE_15.mp4,PLEASE,4,dc61f7b2d9c0dbb89b1268944f458a7574b7e6e34b80ff29274138d932a54247,PASS,development,3,source-group-ea7e1dc2ad9799fb,e64535c797fc4c40ce1ef0207de8fcc44b5f9fa0408f52d81de3393515b04eef
f2378634c6edf3ff,MAPUA_TRANSACTIONAL_FSL,Transactional Filipino Sign Language Dataset/Transactional Filipino Sign Language Dataset/recorded_data/PLEASE/PLEASE_16.mp4,PLEASE,4,a9bef930d5b70fc8eb7d6f6f5072802d843f8622362fef6a7e8c6af82531e173,PASS,sealed_test,,source-group-f2378634c6edf3ff,09e3ed8c35623af6921217bd99d76e68fd23e966cff17b2ec6293e4cce0074de
aff43e62aba2c017,MAPUA_TRANSACTIONAL_FSL,Transactional Filipino Sign Language Dataset/Transactional Filipino Sign Language Dataset/recorded_data/PLEASE/PLEASE_21.mp4,PLEASE,4,f08f18acb6e98edde20b68eb58c4e383d8cae14000491941c17ff6969db3fb6c,PASS,development,3,source-group-aff43e62aba2c017,d6238ea2966816c126bce8418308173fe20bfa97d1bd1e2425d1d4f10eb46d33
0d4ffe9fbe8df01e,MAPUA_TRANSACTIONAL_FSL,Transactional Filipino Sign Language Dataset/Transactional Filipino Sign Language Dataset/recorded_data/PLEASE/PLEASE_22.mp4,PLEASE,4,d67bfa055f2510c8275cd1029b713c64e78559530d5ab907aab5c421edc62d33,PASS,development,0,source-group-0d4ffe9fbe8df01e,522beb4f52a9b4fd6225c60bb0ebea1759d5ec6c0f4f82fc250572f169917aec
254b757935ff4ea7,MAPUA_TRANSACTIONAL_FSL,Transactional Filipino Sign Language Dataset/Transactional Filipino Sign Language Dataset/recorded_data/PLEASE/PLEASE_29.mp4,PLEASE,4,44eb2ca79ceac3344736a428fe2ee2e747d37785bcce652a7e83646af8c092ce,PASS,development,0,source-group-254b757935ff4ea7,ee858f2c656b273ff468b25feaaee25734db492d7e47fc0bb64c1c29e8c05167
dcc6ceb96c5db259,MAPUA_TRANSACTIONAL_FSL,Transactional Filipino Sign Language Dataset/Transactional Filipino Sign Language Dataset/recorded_data/PLEASE/PLEASE_31.mp4,PLEASE,4,36278ae14bf3325965d6030a89389d066f148d86543e59e090718660a46b6b66,PASS,development,1,source-group-dcc6ceb96c5db259,37659736d77da536fb6c4a3d8be2217f9d2efb55239009fa9d4b9dc565edbe66
d25f057cf485d72c,MAPUA_TRANSACTIONAL_FSL,Transactional Filipino Sign Language Dataset/Transactional Filipino Sign Language Dataset/recorded_data/PLEASE/PLEASE_32.mp4,PLEASE,4,01a9b340fcf8890f12b412e602e85be5debf070dd72b9b8a4f1aa6557cc53008,PASS,development,1,source-group-d25f057cf485d72c,c4fbb7bdcfc67eb21ceff0f819f3c2768080c90e145f3f0bffc93d65a5e43f5d
0e6810d6ae5f7394,MAPUA_TRANSACTIONAL_FSL,Transactional Filipino Sign Language Dataset/Transactional Filipino Sign Language Dataset/recorded_data/PLEASE/PLEASE_33.mp4,PLEASE,4,8ed3bb15cf3b36867682f8c35ac1c9678320fb79213058ada5a678a0c9dacad2,PASS,development,1,source-group-0e6810d6ae5f7394,3d1eb411d74fee297924bb4cfcfe435ca192d737c453e2b0d189e465870fb59e
3c3da14882b141f6,MAPUA_TRANSACTIONAL_FSL,Transactional Filipino Sign Language Dataset/Transactional Filipino Sign Language Dataset/recorded_data/PLEASE/PLEASE_34.mp4,PLEASE,4,3cf5a9a2ec27bd0d6dbbbe6f849c617bbeb201aa4ace4bd1ae29a2ee64fbfc30,PASS,development,2,source-group-3c3da14882b141f6,d38edf6cfc4151c41c9c06c4b6262cec518db2e7050be41141894b96a3bcefa5
03fe48afca62b269,MAPUA_TRANSACTIONAL_FSL,Transactional Filipino Sign Language Dataset/Transactional Filipino Sign Language Dataset/recorded_data/PLEASE/PLEASE_5.mp4,PLEASE,4,ab9cc84aba7690c40d5aa116332c4f2472bd88f7e9ff11935a0382f4e6f57361,PASS,development,2,source-group-03fe48afca62b269,e27dd642519561a27bdc27635da208238add8fe67f1f8ee22db6efd4a8dfa9c9
8d88ecf27a169731,MAPUA_TRANSACTIONAL_FSL,Transactional Filipino Sign Language Dataset/Transactional Filipino Sign Language Dataset/recorded_data/PLEASE/PLEASE_6.mp4,PLEASE,4,17398f2ca420a384134e3d5b9bdc1ad6b62a39ac5ea9b1578439e1bcff3f6125,PASS,sealed_test,,source-group-8d88ecf27a169731,3bff2bde06a2cede5693803c878d98b94395597961ea141d5b1b941e95215ff0
9796902ae420c467,MAPUA_TRANSACTIONAL_FSL,Transactional Filipino Sign Language Dataset/Transactional Filipino Sign Language Dataset/recorded_data/PLEASE/PLEASE_7.mp4,PLEASE,4,7df102d90b5a3eb03907fdad796169a477b078b2b1fc242f683baf4ae124e44c,PASS,sealed_test,,source-group-9796902ae420c467,9038d66f1597a38d2f08573dda9375a3b288c38e0b24f1a8e1252c2ea8b81dd5
4697892f68d5288f,MAPUA_TRANSACTIONAL_FSL,Transactional Filipino Sign Language Dataset/Transactional Filipino Sign Language Dataset/recorded_data/PLEASE/PLEASE_8.mp4,PLEASE,4,1c93ba8813f14cba01e41a25b9452e4dbd53eb77c1787e44e57cd5601af86f23,PASS,development,1,source-group-4697892f68d5288f,8bc688e34a23595b6d377ca1c5f0e895d58f739a0d3125b5faebc75d935c2e54
a37725137912fcd5,MAPUA_TRANSACTIONAL_FSL,Transactional Filipino Sign Language Dataset/Transactional Filipino Sign Language Dataset/recorded_data/PLEASE/PLEASE_9.mp4,PLEASE,4,aef0d34446ef2d5310f7fb4996c91252de49a24f5e8ca8f860433a115faacb83,PASS,development,0,source-group-a37725137912fcd5,49fb903ec00a7048010d36e4fbcfe708ae94767779b69145b418f32723ed9f7c
7fa8369a3b2df8d7,MAPUA_TRANSACTIONAL_FSL,Transactional Filipino Sign Language Dataset/Transactional Filipino Sign Language Dataset/recorded_data/HOW_MUCH/HOW_MUCH_1.mp4,HOW_MUCH,5,733376edd2222344f50b9bd75b81bb26a3fd19a95174a48b7231357887219040,PASS,development,3,source-group-7fa8369a3b2df8d7,dd199f0a800036e0b8c63a98627ac4b10f996e26b65d80eee82b33d83cf85b44
130f72014cf01cf5,MAPUA_TRANSACTIONAL_FSL,Transactional Filipino Sign Language Dataset/Transactional Filipino Sign Language Dataset/recorded_data/HOW_MUCH/HOW_MUCH_10.mp4,HOW_MUCH,5,654549af81782a71f6f259ab7ac7ecac8a1a5c00b4c78025d81db69d70df6e9e,PASS,development,1,source-group-130f72014cf01cf5,52bf3234129b98ae22c721e959ebae650818fecae56b2d47b0054876eb851b93
6d375f0943e30a76,MAPUA_TRANSACTIONAL_FSL,Transactional Filipino Sign Language Dataset/Transactional Filipino Sign Language Dataset/recorded_data/HOW_MUCH/HOW_MUCH_18.mp4,HOW_MUCH,5,72c662df0c51120c558a8637451063c05680b6daaed3d1a93cc8b11b3ec90ca1,PASS,development,3,source-group-6d375f0943e30a76,9ef39b868df62674512f184791309651f3a76071ae40506bba5ffba6b4809fbf
07ab422e3dba6b2c,MAPUA_TRANSACTIONAL_FSL,Transactional Filipino Sign Language Dataset/Transactional Filipino Sign Language Dataset/recorded_data/HOW_MUCH/HOW_MUCH_19.mp4,HOW_MUCH,5,8f124d04c2b44fb560dfb92437be0dbabc250846a9baa437bfc23cf6ebddcc96,PASS,development,3,source-group-07ab422e3dba6b2c,1884738cd8d9905a068df7f8045b8ded93925ced733b6161d00a253ad62c15f6
909c1114e4300263,MAPUA_TRANSACTIONAL_FSL,Transactional Filipino Sign Language Dataset/Transactional Filipino Sign Language Dataset/recorded_data/HOW_MUCH/HOW_MUCH_23.mp4,HOW_MUCH,5,f612fb07125eb3754d0d304dc5fca055ba4d872c29111c4e0ef39766dbc89f09,PASS,development,2,source-group-909c1114e4300263,a1775f42181f2cba5e50aeecbbf4230a3d4390a1954892959715f431bdcacc6c
2d1ec98aa062d826,MAPUA_TRANSACTIONAL_FSL,Transactional Filipino Sign Language Dataset/Transactional Filipino Sign Language Dataset/recorded_data/HOW_MUCH/HOW_MUCH_27.mp4,HOW_MUCH,5,cc25d7fbb686d92f4b7d056627e85cf0ebd8ea779465e0c2fcdc5c1d16b6c281,PASS,sealed_test,,source-group-2d1ec98aa062d826,9d629bda808127e2a25021d74324f9278d6d908a281bdd07eb7ad6b841144e39
403702798f8f6152,MAPUA_TRANSACTIONAL_FSL,Transactional Filipino Sign Language Dataset/Transactional Filipino Sign Language Dataset/recorded_data/HOW_MUCH/HOW_MUCH_3.mp4,HOW_MUCH,5,4ae7f7003ca4d78f529af8690e3cda528378f70e77efd557531ec02bec156284,PASS,development,2,source-group-403702798f8f6152,1db376eb221a9b93333abc44e0b9c102883eae0cf018d3a9593de8a0d90a0a47
0cf1ae5e52bd96af,MAPUA_TRANSACTIONAL_FSL,Transactional Filipino Sign Language Dataset/Transactional Filipino Sign Language Dataset/recorded_data/HOW_MUCH/HOW_MUCH_33.mp4,HOW_MUCH,5,1f184489f48c4d61bcae9de0c66fa49adecd0b27da10ac5b28690c16e5e832a1,PASS,development,1,source-group-0cf1ae5e52bd96af,c6ad6afd8ea54fcb08e4b7848f4e917f4ccf0e7feb2f0b318f0d93fec56bf60e
ecc26aa9a9609aa4,MAPUA_TRANSACTIONAL_FSL,Transactional Filipino Sign Language Dataset/Transactional Filipino Sign Language Dataset/recorded_data/HOW_MUCH/HOW_MUCH_35.mp4,HOW_MUCH,5,c22b5d7285096b8ed2f6713da26c25eba65bd863d0bbbe1ad44dbd9ea48773f4,PASS,sealed_test,,source-group-ecc26aa9a9609aa4,067f0c427f1c62a71490b25ccac49d19f5bfb0098f3551868a82fd3587806ccb
ad053780f904eda8,MAPUA_TRANSACTIONAL_FSL,Transactional Filipino Sign Language Dataset/Transactional Filipino Sign Language Dataset/recorded_data/HOW_MUCH/HOW_MUCH_41.mp4,HOW_MUCH,5,50d64bb44e47b5f928022ba41ad7693099edd23b14f07a78ad3ff54855bd4ddc,PASS,development,0,source-group-ad053780f904eda8,6e9553e52dfa11129e924a48a106545c3d48ad7ad93a42ee0a486b2dbead2eba
eb02f2e5ee526fcb,MAPUA_TRANSACTIONAL_FSL,Transactional Filipino Sign Language Dataset/Transactional Filipino Sign Language Dataset/recorded_data/HOW_MUCH/HOW_MUCH_43.mp4,HOW_MUCH,5,0e667a03752c16cf1eec39ebd5416a818b2cb9a64d8560b4bc1fa4e8b2e4ea0f,PASS,development,2,source-group-eb02f2e5ee526fcb,7195e1845f73222297e04d9b2724666baf3f00aeaa9f42eb05b48ccc674cf71a
bae51dca96053913,MAPUA_TRANSACTIONAL_FSL,Transactional Filipino Sign Language Dataset/Transactional Filipino Sign Language Dataset/recorded_data/HOW_MUCH/HOW_MUCH_44.mp4,HOW_MUCH,5,e329fec954803a19ee176a7a7c2649385eee0a92fbde2ba03d53fdd79d276e99,PASS,development,0,source-group-bae51dca96053913,209c8a8f8b18b69f0068d03b53652e4682ad1bc770c60fc651eab54d88b5b647
400a60f38c2ed908,MAPUA_TRANSACTIONAL_FSL,Transactional Filipino Sign Language Dataset/Transactional Filipino Sign Language Dataset/recorded_data/CASH/CASH_10.mp4,CASH,6,0771cf5ab08c4b959c5bd73b80487e30157e2a65c89fd1f21fa346a4730fc58c,PASS,development,0,source-group-400a60f38c2ed908,a18a416b88579a12733560e38735bf9db996e3eaa6d142a8d20178cd88db8a2b
131224d5f681c6dc,MAPUA_TRANSACTIONAL_FSL,Transactional Filipino Sign Language Dataset/Transactional Filipino Sign Language Dataset/recorded_data/CASH/CASH_13.mp4,CASH,6,c4bd76484185559f1b647b3d8cb04ee54721bc12a30095e8bb73183f8597a659,PASS,development,2,source-group-131224d5f681c6dc,82d7e8eed65325f3716384b36efc2be19ac2121eabca3cd849e10d6a10613b2f
4b381c75b6e0d4c3,MAPUA_TRANSACTIONAL_FSL,Transactional Filipino Sign Language Dataset/Transactional Filipino Sign Language Dataset/recorded_data/CASH/CASH_14.mp4,CASH,6,404d075ee7f94477a329926f95d0d0d6805505501b237cfb1972af198d4a4382,PASS,development,1,source-group-4b381c75b6e0d4c3,4f7a98e928468261e4d42b64e5d368b924efe5e9ba70109d211ac9c3a4095ccb
0d70e5aa47b37d08,MAPUA_TRANSACTIONAL_FSL,Transactional Filipino Sign Language Dataset/Transactional Filipino Sign Language Dataset/recorded_data/CASH/CASH_15.mp4,CASH,6,ee3dd1b068c4a397e100bb75d1f8fb0bc0965eb802c3ef46136ecf73ce1c7c63,PASS,sealed_test,,source-group-0d70e5aa47b37d08,dcf5b9efaf1c3e41d1abac1cb5f476d2a3001720109ae16560a1da190d398567
35a1cdf1cf2f1b93,MAPUA_TRANSACTIONAL_FSL,Transactional Filipino Sign Language Dataset/Transactional Filipino Sign Language Dataset/recorded_data/CASH/CASH_16.mp4,CASH,6,bea1a6be9fd49dd9c18352fed7238b7b24a8b7476962d90459246ceb9930de20,PASS,development,3,source-group-35a1cdf1cf2f1b93,5ce8a68ea1cb78d094e8af2e5be84aeb027f65fa0ae2c2769f243d5d6cc6d54e
12a031135fc5e646,MAPUA_TRANSACTIONAL_FSL,Transactional Filipino Sign Language Dataset/Transactional Filipino Sign Language Dataset/recorded_data/CASH/CASH_17.mp4,CASH,6,5608cb60045d9ea4be8fa1e5a60ab58aa05a5be42aef3f1588a505dcbb4eda37,PASS,development,0,source-group-12a031135fc5e646,849f94bd821b937cf0e86994db90f6620c8f26500aa17c0d2227af691f182e2a
6066c3af8c466333,MAPUA_TRANSACTIONAL_FSL,Transactional Filipino Sign Language Dataset/Transactional Filipino Sign Language Dataset/recorded_data/CASH/CASH_18.mp4,CASH,6,3c79ec320441cc0645b80fcefd3b18028023eb1d4b6ad22939d939e80d35593b,PASS,development,3,source-group-6066c3af8c466333,e7a13e768b7870ba2c0594b2950f361e1f566adee7a0a888d69ad883f34e25a4
726aef7ba354a4b0,MAPUA_TRANSACTIONAL_FSL,Transactional Filipino Sign Language Dataset/Transactional Filipino Sign Language Dataset/recorded_data/CASH/CASH_19.mp4,CASH,6,6f450e7a9b3fa14c69a67dd1785c25d9b5206766db65b0f979e360852fe31fc7,PASS,development,2,source-group-726aef7ba354a4b0,38287492d60c4f2a286ce82510a532155561eb22eed821f0462a5b9e436e8f31
2617b7a94b78d83a,MAPUA_TRANSACTIONAL_FSL,Transactional Filipino Sign Language Dataset/Transactional Filipino Sign Language Dataset/recorded_data/CASH/CASH_2.mp4,CASH,6,b816a6796b367159f496e454f9cdedf91db99fb63184811a621d0ba261209b36,PASS,sealed_test,,source-group-2617b7a94b78d83a,216fa00b1cb035e9bf2d033f443c6e23a699dede30a3319b7e86c7fb089ee931
26c5166e15050701,MAPUA_TRANSACTIONAL_FSL,Transactional Filipino Sign Language Dataset/Transactional Filipino Sign Language Dataset/recorded_data/CASH/CASH_21.mp4,CASH,6,e5deb0f35920b9a9d84017e01e37d63e2aaff5868b43e85663c524b2402a7bcb,PASS,development,3,source-group-26c5166e15050701,7937ce5c82ad4cd41d7d3f5bc0d6569e7f9c45db7f1c22cf4e30242164b10847
752aa4cde7867528,MAPUA_TRANSACTIONAL_FSL,Transactional Filipino Sign Language Dataset/Transactional Filipino Sign Language Dataset/recorded_data/CASH/CASH_25.mp4,CASH,6,66ddebbe2e69fede3e01754a21adbf4d00bca4c9d81d6ccd5e5ac10ab54e5b44,PASS,development,3,source-group-752aa4cde7867528,8bb87f25cc060caf7029b2525077c845a6775dc3a9ffb883abedc622cb6563b3
8d65e7050dda7425,MAPUA_TRANSACTIONAL_FSL,Transactional Filipino Sign Language Dataset/Transactional Filipino Sign Language Dataset/recorded_data/CASH/CASH_27.mp4,CASH,6,c6d018063e9c3d6b76dd805d82a1973329810b6c500715dce0a044e653af4696,PASS,development,0,source-group-8d65e7050dda7425,4b34c9e188fbecf1c979331bf49b86677334ede8ac26950b72f5934ab5d10144
82e8b11af7a2d05f,MAPUA_TRANSACTIONAL_FSL,Transactional Filipino Sign Language Dataset/Transactional Filipino Sign Language Dataset/recorded_data/CASH/CASH_29.mp4,CASH,6,82df304f8658d147483f27eae437e34128bc6455f9744c198e20cd360a24efb3,PASS,sealed_test,,source-group-82e8b11af7a2d05f,351e766cf2d626e8955be22b91b8607c2ed441566f50f6ca3f183eeb7b25ce1a
be2346b2754704ca,MAPUA_TRANSACTIONAL_FSL,Transactional Filipino Sign Language Dataset/Transactional Filipino Sign Language Dataset/recorded_data/CASH/CASH_3.mp4,CASH,6,0007417e82b31aa077371d10e4099b63fcd8ccbfc144331adfdc4c88995df179,PASS,development,1,source-group-be2346b2754704ca,8c6847b1ada104a0148c520c6bd14f00b54fc26ca36fb9ddf1583e0ed0c52a0a
0f696cf229e4ac13,MAPUA_TRANSACTIONAL_FSL,Transactional Filipino Sign Language Dataset/Transactional Filipino Sign Language Dataset/recorded_data/CASH/CASH_30.mp4,CASH,6,9d2b122e243c5a237ed06376f36c544ba599abbde5cc745d537ddd6309ef145e,PASS,sealed_test,,source-group-0f696cf229e4ac13,2016c8f332034b72069c616daa6e9ca2e110bd736d7e18c1e12317e223bd1674
41a42d622880cc7c,MAPUA_TRANSACTIONAL_FSL,Transactional Filipino Sign Language Dataset/Transactional Filipino Sign Language Dataset/recorded_data/CASH/CASH_31.mp4,CASH,6,cc829da58caee5e98efdeae640e1b77ae174b4e143272d1fe32a7ba8508a2e73,PASS,development,3,source-group-41a42d622880cc7c,16d24ede3a2aaa575e601ceb7c94216490d670fa182d93ff920060b0bded8f34
c84bc32dd8fe1481,MAPUA_TRANSACTIONAL_FSL,Transactional Filipino Sign Language Dataset/Transactional Filipino Sign Language Dataset/recorded_data/CASH/CASH_33.mp4,CASH,6,f9ab51acf4debfad5dbd0ae1d8aa60985fb32d566c341d4d6d5ec1e35c33607a,PASS,development,2,source-group-c84bc32dd8fe1481,d462d679699b2f7cdcdd535b9fa3fe63c282b5e49d80f2a5b38249bc9508b4d2
a8635bc4a0f8a9b8,MAPUA_TRANSACTIONAL_FSL,Transactional Filipino Sign Language Dataset/Transactional Filipino Sign Language Dataset/recorded_data/CASH/CASH_35.mp4,CASH,6,8465dff1cfc3a7c9e7c469bb9edc08717a11db2a7937df9fbb5539b7674fd8c2,PASS,development,1,source-group-a8635bc4a0f8a9b8,9afa92efebd02362fcd639dc66e35bcb6d9a183eb12f4c2da959ba3dcb1d6c39
89b66e69754242b7,MAPUA_TRANSACTIONAL_FSL,Transactional Filipino Sign Language Dataset/Transactional Filipino Sign Language Dataset/recorded_data/CASH/CASH_37.mp4,CASH,6,ae958bc152eef4cf8c48a84cfc1779e31715b741335a6a6055fd9a186e8e4bd4,PASS,development,1,source-group-89b66e69754242b7,e9daae6aa8b610a4874c05bebdfe695229ad3f60d2591b3bc97f42b9e5e34e61
bee6655eb4318c10,MAPUA_TRANSACTIONAL_FSL,Transactional Filipino Sign Language Dataset/Transactional Filipino Sign Language Dataset/recorded_data/CASH/CASH_38.mp4,CASH,6,3d98015f24d1dc3cf293d317feec273b73a1353314d908334a0e8627d0752f6e,PASS,development,1,source-group-bee6655eb4318c10,1471c43bbba359a9ee48eea63dc96fb9bf9b35e80a0e676b199c4dc799a2de6a
b9f69f2ff5cf4c86,MAPUA_TRANSACTIONAL_FSL,Transactional Filipino Sign Language Dataset/Transactional Filipino Sign Language Dataset/recorded_data/CASH/CASH_4.mp4,CASH,6,31a1c021d43a9b0e90bce84bf5161e3945b4097ff61063f7520be9b4005b20d4,PASS,development,2,source-group-b9f69f2ff5cf4c86,592f42506afe49a4893a90c956fdc645c0edf48a87c06207a54912906d7512e0
56ed47e7b719feed,MAPUA_TRANSACTIONAL_FSL,Transactional Filipino Sign Language Dataset/Transactional Filipino Sign Language Dataset/recorded_data/CASH/CASH_5.mp4,CASH,6,1a99fd9c7c4f52b742102fe09f46fd6c9182ffb9075014737ba78d0a7fada53e,PASS,development,2,source-group-56ed47e7b719feed,8c1b50cbb4bd4c4585c22f8fafc8e65858813ed9eead48eb5677983a28d1cd36
3859bedd251696d4,MAPUA_TRANSACTIONAL_FSL,Transactional Filipino Sign Language Dataset/Transactional Filipino Sign Language Dataset/recorded_data/CASH/CASH_6.mp4,CASH,6,0020609a33f91c8c50c53b5b2918b5092a6cb5b29d3b1d04d2c281f6e498734a,PASS,development,0,source-group-3859bedd251696d4,6cadc6457d266c8006d1a1c3c62ef6011bed3e6114c17deff59226882b3d3978
2312b99962553731,MAPUA_TRANSACTIONAL_FSL,Transactional Filipino Sign Language Dataset/Transactional Filipino Sign Language Dataset/recorded_data/CASH/CASH_7.mp4,CASH,6,1dbb3e8e95ea157546e98bdccd745b4a07887f04d0fbc43cfef6808b459fbf4f,PASS,development,2,source-group-2312b99962553731,63d0641bf7e11234600452e381d93e241c1da4ec6733712015c4ca1a6f094a8d
d1a6e38ef7d48065,MAPUA_TRANSACTIONAL_FSL,Transactional Filipino Sign Language Dataset/Transactional Filipino Sign Language Dataset/recorded_data/CASH/CASH_8.mp4,CASH,6,6f870d3aa84ad8e2b2c425a952bbf9ee4edbfaee3f37e14197244632ac49a5ca,PASS,development,1,source-group-d1a6e38ef7d48065,febfa06655f36a2a85b4f74c28256f55aa1b99e92dda4825ae300c456d251ae0
ad49650ab4312fbf,MAPUA_TRANSACTIONAL_FSL,Transactional Filipino Sign Language Dataset/Transactional Filipino Sign Language Dataset/recorded_data/CASH/CASH_9.mp4,CASH,6,9f228e41f43fdd9e0288e7585fede8804e6f2ddf14c42c0611e040fa03c7c47b,PASS,development,0,source-group-ad49650ab4312fbf,d669392e1ca65a972df02ba6ec9238437dcd33f7016d735c901869d249c1409a
88790b1bc48a44d9,MAPUA_TRANSACTIONAL_FSL,Transactional Filipino Sign Language Dataset/Transactional Filipino Sign Language Dataset/recorded_data/CARD/CARD_1.mp4,CARD,7,51d549fb71ac130ee17b1e01e8a55b53eb6d080201cd75d3496a30f8a39b4546,PASS,development,2,source-group-88790b1bc48a44d9,4db88f70bd57f666f190b8d56c9169893a44a56735e2871ac0f7d47c3b3c4c1d
fe4ea5a753a96d2b,MAPUA_TRANSACTIONAL_FSL,Transactional Filipino Sign Language Dataset/Transactional Filipino Sign Language Dataset/recorded_data/CARD/CARD_10.mp4,CARD,7,0a5ca22d66aa6593ef9f48b2daaad73eb6ba1c2537d46b0341a4c44efe679038,PASS,development,1,source-group-fe4ea5a753a96d2b,8ef3db9792b27a45953fe9522a2bc7eb04490d5e814f4ebbb0073b8a43e02941
c61821ae2f616cdf,MAPUA_TRANSACTIONAL_FSL,Transactional Filipino Sign Language Dataset/Transactional Filipino Sign Language Dataset/recorded_data/CARD/CARD_11.mp4,CARD,7,f185ec241154215de9b86794708188d619ea326df1a9d94f5c1794b84310310b,PASS,sealed_test,,source-group-c61821ae2f616cdf,fc663c1c5326b9e8c8031c098cda2e8036a1c491e2870311db606290b0874ba5
4540591da76ada4f,MAPUA_TRANSACTIONAL_FSL,Transactional Filipino Sign Language Dataset/Transactional Filipino Sign Language Dataset/recorded_data/CARD/CARD_12.mp4,CARD,7,e4c11dbec19aeeda42e7e8fd0d70ae20e74de2a93e8573cf65a3b3613cdb8bc9,PASS,development,0,source-group-4540591da76ada4f,22c26b1c3d86fcc640940a742aaaca8f934cfaba24b90679f7c57b0c7fb169c7
bd53586d203f2089,MAPUA_TRANSACTIONAL_FSL,Transactional Filipino Sign Language Dataset/Transactional Filipino Sign Language Dataset/recorded_data/CARD/CARD_13.mp4,CARD,7,cab8faadf7506c57dcb168fb896cde1e702cd8ead026a670925027899f89922f,PASS,development,2,source-group-bd53586d203f2089,83f97de312e8c62b5684de1fd51151ee073f88f5f932496cde6cc4940039bb1f
b11edf506d00d066,MAPUA_TRANSACTIONAL_FSL,Transactional Filipino Sign Language Dataset/Transactional Filipino Sign Language Dataset/recorded_data/CARD/CARD_14.mp4,CARD,7,145e26c8054bb6f2a37c5b6b7774f0c6ad39a0eb5a3f04581392ff58dc5e32ec,PASS,development,1,source-group-b11edf506d00d066,89e88b0674a35b517c655e518bec3f52624c514fb18612f01d4149bf9b378208
223672c90eea9716,MAPUA_TRANSACTIONAL_FSL,Transactional Filipino Sign Language Dataset/Transactional Filipino Sign Language Dataset/recorded_data/CARD/CARD_17.mp4,CARD,7,1bea91714f58a05617074687c7ccdf10537f5b5c611c1b82fc2a686751b63d25,PASS,development,3,source-group-223672c90eea9716,3484a5f9ee42f75c1a6ec564458449039c6b4a3fa49b1d6846475e90e30df12c
1df28f9ed76a6190,MAPUA_TRANSACTIONAL_FSL,Transactional Filipino Sign Language Dataset/Transactional Filipino Sign Language Dataset/recorded_data/CARD/CARD_18.mp4,CARD,7,d5a43b92aa86994cdaa16cde0371db0f351b3c769ab865026ea25b7db5e8db11,PASS,development,3,source-group-1df28f9ed76a6190,51a64f3b33b4c39bcf6758b13c34f0228f118e5b7c75aa59efcd219a86dc0c14
ef961210f3cdfb66,MAPUA_TRANSACTIONAL_FSL,Transactional Filipino Sign Language Dataset/Transactional Filipino Sign Language Dataset/recorded_data/CARD/CARD_19.mp4,CARD,7,fe347e19f9aa246059b74bf6f4b4d3b0df7db5cd4315ea90cb7d8ef6a105f914,PASS,development,0,source-group-ef961210f3cdfb66,412d54303b1584e0d606367f63ddd762a23a01bacd095dfc0b80fd965a09301e
17e40d2dc48dfcd0,MAPUA_TRANSACTIONAL_FSL,Transactional Filipino Sign Language Dataset/Transactional Filipino Sign Language Dataset/recorded_data/CARD/CARD_2.mp4,CARD,7,7a1823dc83ed99cfac0a18496fa747b8b7cfb1b5f5590177045253c0848efdaa,PASS,development,0,source-group-17e40d2dc48dfcd0,c09ab2d625275838757ec9ed9876b49ec776b164bd25270b1a3a333fb14e800a
c68c58c66af37027,MAPUA_TRANSACTIONAL_FSL,Transactional Filipino Sign Language Dataset/Transactional Filipino Sign Language Dataset/recorded_data/CARD/CARD_20.mp4,CARD,7,76b9baef12c35a990e8ead570436010a823a3c968a5f6a4e544b799b333f5685,PASS,development,3,source-group-c68c58c66af37027,805dad845004d7cc3230a41cb1b5ff2fe333d359c9a2b00809de315866f4743e
4a85a86266929f93,MAPUA_TRANSACTIONAL_FSL,Transactional Filipino Sign Language Dataset/Transactional Filipino Sign Language Dataset/recorded_data/CARD/CARD_21.mp4,CARD,7,90a23c25a37ed5ed53e9151d4467d022d1069b0b86b3ac66db306e45ee7c6caa,PASS,development,2,source-group-4a85a86266929f93,f1201502c1e988ffa78f3121f25f8e331e492d745aab565678f9444ad282eb82
6a52b834dc31fef3,MAPUA_TRANSACTIONAL_FSL,Transactional Filipino Sign Language Dataset/Transactional Filipino Sign Language Dataset/recorded_data/CARD/CARD_22.mp4,CARD,7,5bd405ce3f9464b8e68d4d4c0f02a3f1f64ae2af2458a31cfaf0acf5079395f0,PASS,development,1,source-group-6a52b834dc31fef3,24df16b9a04c836f8ca3f2a9715fb80912a7a668143feb394b4634f91a078cd7
116add84da847a9f,MAPUA_TRANSACTIONAL_FSL,Transactional Filipino Sign Language Dataset/Transactional Filipino Sign Language Dataset/recorded_data/CARD/CARD_23.mp4,CARD,7,45674dd3db246dc26533ea2d5fbc28ae4569a00c0e70a04eece58f76321b23c6,PASS,development,2,source-group-116add84da847a9f,73c632df22abfa13d1c0517d68859374789e5d9caf950bfdc44040151e1e36bc
27bd737fc265d96b,MAPUA_TRANSACTIONAL_FSL,Transactional Filipino Sign Language Dataset/Transactional Filipino Sign Language Dataset/recorded_data/CARD/CARD_24.mp4,CARD,7,3ddebe533d4f778cab8286b3af70fa3b40c1a56b6976a436b8a2ec2de52bfee7,PASS,sealed_test,,source-group-27bd737fc265d96b,57e091bf7d32f98c9c700be1bf46d3c77e4a9d520105fa4ecfdaf82309be369e
226e2e7de00e9c33,MAPUA_TRANSACTIONAL_FSL,Transactional Filipino Sign Language Dataset/Transactional Filipino Sign Language Dataset/recorded_data/CARD/CARD_25.mp4,CARD,7,0020c9afbe76ca211c428cb6a289a7141436d413d20d8889c0bfbb18bc72b193,PASS,development,3,source-group-226e2e7de00e9c33,41c058c59a5ff9c4d95f18a8cf0397053fa79495acaa16c3dbe2ba8390efb495
dc331575ed1eac02,MAPUA_TRANSACTIONAL_FSL,Transactional Filipino Sign Language Dataset/Transactional Filipino Sign Language Dataset/recorded_data/CARD/CARD_26.mp4,CARD,7,0b808f1f9882d7b50f2877c4fadc95231c1f515d5866b6d1341c088c9bfd869d,PASS,development,3,source-group-dc331575ed1eac02,f13549e2170a6de11e3b967127bedd8517d55a6efb97b14b92dde5eeee838c53
c4913418d20f7819,MAPUA_TRANSACTIONAL_FSL,Transactional Filipino Sign Language Dataset/Transactional Filipino Sign Language Dataset/recorded_data/CARD/CARD_27.mp4,CARD,7,03ea262d21b33356f40da0035d6283b2088a5e1b095574b33cd51be4fe150b9f,PASS,development,0,source-group-c4913418d20f7819,27214b13e1cf1ff1e095b1294a28d1b60f8e452f910517b7309796b9387e42d8
626341442b3f1950,MAPUA_TRANSACTIONAL_FSL,Transactional Filipino Sign Language Dataset/Transactional Filipino Sign Language Dataset/recorded_data/CARD/CARD_28.mp4,CARD,7,c910c974584a134d444269bb9fb221cc6672dda27c0a480c4f22ab0c06992172,PASS,development,2,source-group-626341442b3f1950,66426c70e27bfc7ebc73b1094fde1ae5154c395da84f751feb8023f5f2f00725
0a595778d6e5c778,MAPUA_TRANSACTIONAL_FSL,Transactional Filipino Sign Language Dataset/Transactional Filipino Sign Language Dataset/recorded_data/CARD/CARD_29.mp4,CARD,7,59147a6358cbd13a7c5dda3c687cd321b51f0cceba23e40187db0fd87a0e9a25,PASS,development,0,source-group-0a595778d6e5c778,e0efef9a6d1fc307654d22be3cf6b055cb69e74f04c5569040f4985c907adcd6
edd6987b4ebbdbce,MAPUA_TRANSACTIONAL_FSL,Transactional Filipino Sign Language Dataset/Transactional Filipino Sign Language Dataset/recorded_data/CARD/CARD_30.mp4,CARD,7,2050724dc08c606d9ee01fd80de8f92806107155a4ec358ed7b800e5264c5d28,PASS,development,1,source-group-edd6987b4ebbdbce,efeac104c59b1821736f78df4058959d40158907246d0baf466b4980719f696e
edd0f4c130ed1422,MAPUA_TRANSACTIONAL_FSL,Transactional Filipino Sign Language Dataset/Transactional Filipino Sign Language Dataset/recorded_data/CARD/CARD_33.mp4,CARD,7,ef07203701e66d09b22d669f50ea1fcd138e64faeaac7345d9344064ef821bb3,PASS,development,3,source-group-edd0f4c130ed1422,50f36d3730a2ff44d2a9d84c290fd09c18b9df99a24b2a9ff3ec510ab30ba115
8fd30395a9e42c06,MAPUA_TRANSACTIONAL_FSL,Transactional Filipino Sign Language Dataset/Transactional Filipino Sign Language Dataset/recorded_data/CARD/CARD_34.mp4,CARD,7,bc2bdeabe449d1ac32b1e8a912cda4d53fa9839a1e5a6b4f5ded1ff70e691b02,PASS,development,0,source-group-8fd30395a9e42c06,da2b0173eeb3c33ce26bf4716cf80a2a363890422d4760b07568eafadb514276
97d1c67d000a3451,MAPUA_TRANSACTIONAL_FSL,Transactional Filipino Sign Language Dataset/Transactional Filipino Sign Language Dataset/recorded_data/CARD/CARD_37.mp4,CARD,7,0c86700378c6b489efc3433a665d0b6233d8aeaa48f0aaaa0b75e1a6b59d8264,PASS,development,1,source-group-97d1c67d000a3451,3126acbb5ff5ac790a7740078a7dd06a9904eb68c9c9e31b7d559eca2e93e0cd
9d8565c5c0ad9905,MAPUA_TRANSACTIONAL_FSL,Transactional Filipino Sign Language Dataset/Transactional Filipino Sign Language Dataset/recorded_data/CARD/CARD_38.mp4,CARD,7,a44ae172f4588f8ea7768cb5cece383937042e6e9e3230d8f8c038d49bcde3e3,PASS,development,1,source-group-9d8565c5c0ad9905,ca1d656ae53766c15f9ba3c187dda97f19adb006d3e077db1301f1ea38026047
f3fb9de7fde85541,MAPUA_TRANSACTIONAL_FSL,Transactional Filipino Sign Language Dataset/Transactional Filipino Sign Language Dataset/recorded_data/CARD/CARD_39.mp4,CARD,7,7d484121f43147a58466eb21d5583153df129227d6c0e412ce9a95d7abf39d4f,PASS,development,3,source-group-f3fb9de7fde85541,0ee9c322a6a5454ff622aefa77c31a78483b1d427538c3d251f1a5ec6351ce02
66ade7d63d389019,MAPUA_TRANSACTIONAL_FSL,Transactional Filipino Sign Language Dataset/Transactional Filipino Sign Language Dataset/recorded_data/CARD/CARD_4.mp4,CARD,7,6c9fd8479a7d24966090115e9a28ecb58003bc3e15b31f822a8396f8e2118f62,PASS,sealed_test,,source-group-66ade7d63d389019,eb7427daae6f8a8ddc38ddc4d7d5b9eec6be3482dd763ca8a48986a8080b7b5d
66f8a8ce946a8053,MAPUA_TRANSACTIONAL_FSL,Transactional Filipino Sign Language Dataset/Transactional Filipino Sign Language Dataset/recorded_data/CARD/CARD_40.mp4,CARD,7,6cb4d7a0410b65536f70178cc8ce56e243573d741097b127f81aab9dbff8be19,PASS,development,0,source-group-66f8a8ce946a8053,ebe5e8792ef75c1030e55b2b271ce105afa04de65846786486ba983e715a5393
feef532c941c4cdb,MAPUA_TRANSACTIONAL_FSL,Transactional Filipino Sign Language Dataset/Transactional Filipino Sign Language Dataset/recorded_data/CARD/CARD_41.mp4,CARD,7,c24bd8ffad452bc77cac492d7a61b7c706637406c179ab3f7fc943b0d461188b,PASS,development,2,source-group-feef532c941c4cdb,1e403783406deeed037813fb517bf6d4f88dd31c8aea804ca23cb3d9d5822862
a6603cb63cd87749,MAPUA_TRANSACTIONAL_FSL,Transactional Filipino Sign Language Dataset/Transactional Filipino Sign Language Dataset/recorded_data/CARD/CARD_42.mp4,CARD,7,9cdfdccb886044278d0070f6a187cdc7f22b482d93928eb87e083fa956422532,PASS,development,3,source-group-a6603cb63cd87749,d9dfe083069fe317b74c7dbdf53a09d84bdef5f157e9803db208ffcf8fb5d063
39b2263821d2d7a0,MAPUA_TRANSACTIONAL_FSL,Transactional Filipino Sign Language Dataset/Transactional Filipino Sign Language Dataset/recorded_data/CARD/CARD_43.mp4,CARD,7,82e1cbada2e61e3f7f73075f05347f19775b9a36fce58f4e045ff5795dfde895,PASS,development,1,source-group-39b2263821d2d7a0,ee70f64400e65bff76fde0d88bacf9d2b6313f22cf2dbbffcb73cffbbf08e8f9
2bb2a0f8c04697ce,MAPUA_TRANSACTIONAL_FSL,Transactional Filipino Sign Language Dataset/Transactional Filipino Sign Language Dataset/recorded_data/CARD/CARD_44.mp4,CARD,7,0e8e7883772229d43c12ec0f3db2fe974fb45c1cd87f8722fd88bd87f7ed209b,PASS,development,2,source-group-2bb2a0f8c04697ce,dc31b9b5059cb2b60259c6108668e2d4d42837a51c20afaa2906aa48dd58f94e
0447f4e0816c8359,MAPUA_TRANSACTIONAL_FSL,Transactional Filipino Sign Language Dataset/Transactional Filipino Sign Language Dataset/recorded_data/CARD/CARD_8.mp4,CARD,7,62da1a3ea2d191997c8e19f5589ad3ec684eb83f2bd02d39f64e995062d294ab,PASS,sealed_test,,source-group-0447f4e0816c8359,d3b892988d6749d12f66981e3b7c1bb4beb3e7781f49396265673589b909d833
089b79f315ce05d5,MAPUA_TRANSACTIONAL_FSL,Transactional Filipino Sign Language Dataset/Transactional Filipino Sign Language Dataset/recorded_data/CARD/CARD_9.mp4,CARD,7,916a46b028e357656e0965eac387d11b9c4f9046b58a2fea379654e64f7bf8a1,PASS,sealed_test,,source-group-089b79f315ce05d5,e20b70a3b202c399992cf89e1cf4b467ac477329e37ba8948fbc1696a0f2f0d2
58d4df5aee7ba15c,MAPUA_TRANSACTIONAL_FSL,Transactional Filipino Sign Language Dataset/Transactional Filipino Sign Language Dataset/recorded_data/RECEIPT/RECEIPT_10.mp4,RECEIPT,8,3af64251a266b0b7ceed8a6f79ed7739de5c1343c7c4cc554121b31f688daf32,PASS,development,0,source-group-58d4df5aee7ba15c,cd4869ff4e376de7619d06aad4bac388051b956173d50afc3d87555748b3858a
606ba67355d2f898,MAPUA_TRANSACTIONAL_FSL,Transactional Filipino Sign Language Dataset/Transactional Filipino Sign Language Dataset/recorded_data/RECEIPT/RECEIPT_11.mp4,RECEIPT,8,e30a1a60350dfc5939f76494c14a83e8ff72a09ba374d88d6ff43685b357d5f3,PASS,development,1,source-group-606ba67355d2f898,67d6240d51f2c41477a634c47c63568bd65d28f7391636a34ffed8515a09e9ee
ab3e52f8971402fc,MAPUA_TRANSACTIONAL_FSL,Transactional Filipino Sign Language Dataset/Transactional Filipino Sign Language Dataset/recorded_data/RECEIPT/RECEIPT_12.mp4,RECEIPT,8,ed87f081000e0c7a07d29d2293194bba101a9b353f0d9cbe270fbef474319074,PASS,development,0,source-group-ab3e52f8971402fc,7b45bcce6ec460ebd8bf233380012e3173d43c07c5fffdc4909e0a4bc8c211aa
0347ce5790ed5376,MAPUA_TRANSACTIONAL_FSL,Transactional Filipino Sign Language Dataset/Transactional Filipino Sign Language Dataset/recorded_data/RECEIPT/RECEIPT_14.mp4,RECEIPT,8,f4749aad7c194e09c7a37f8c32953a4b4e7e1063763af8228562624d258c3267,PASS,development,1,source-group-0347ce5790ed5376,391ba70970a9da8b003679878b3b8d8ac4b0d90166518920e0dd982e5ddc0657
663c022f986c9cbd,MAPUA_TRANSACTIONAL_FSL,Transactional Filipino Sign Language Dataset/Transactional Filipino Sign Language Dataset/recorded_data/RECEIPT/RECEIPT_15.mp4,RECEIPT,8,9f0d66a6f2b2278487d67cdfd9a25a5d07a8c8d4cd649830fc9e6f66c6fbbd6d,PASS,development,1,source-group-663c022f986c9cbd,44870f1e000ebc8b97437649e0e86b5188bc57ebfdb21b7399080ffe87efce27
7d654e09493d4ac0,MAPUA_TRANSACTIONAL_FSL,Transactional Filipino Sign Language Dataset/Transactional Filipino Sign Language Dataset/recorded_data/RECEIPT/RECEIPT_16.mp4,RECEIPT,8,52bd74e42f3969ca8b2a58a0511f8dbac979fac318416b9e45dfb90582c7fce8,PASS,development,0,source-group-7d654e09493d4ac0,dbde18e9feddea32cf7658ad24bdbdba1eb130567c46832e15b18f5cd8e465cf
a1f96ea07e099789,MAPUA_TRANSACTIONAL_FSL,Transactional Filipino Sign Language Dataset/Transactional Filipino Sign Language Dataset/recorded_data/RECEIPT/RECEIPT_17.mp4,RECEIPT,8,5e208f30cb17d89dbfac1b41b418365fac4d419002ab566fe9b45d5bf7c1b3cd,PASS,development,0,source-group-a1f96ea07e099789,494d073fa9adb985278836d2310356d079c95fe0a83dc54de424f0b99f5234d2
31b6c67b6a623bc4,MAPUA_TRANSACTIONAL_FSL,Transactional Filipino Sign Language Dataset/Transactional Filipino Sign Language Dataset/recorded_data/RECEIPT/RECEIPT_18.mp4,RECEIPT,8,619ed420a332ffb7e6830a4dc56e7133824cf0992738891cefd6d70e91e93049,PASS,sealed_test,,source-group-31b6c67b6a623bc4,00adada4fa310bbfb0d00ff3c879fe852bd86cc9fa468e3adc342898ae20b56c
82a980a7cd80baaf,MAPUA_TRANSACTIONAL_FSL,Transactional Filipino Sign Language Dataset/Transactional Filipino Sign Language Dataset/recorded_data/RECEIPT/RECEIPT_19.mp4,RECEIPT,8,c994938393478fbe7006eb30ea10598ce2e51539e177191883abb612d1890788,PASS,development,0,source-group-82a980a7cd80baaf,7ebcdd76bb445659e81e37995728671b37e731a8db050f679d0baf377d34cdf9
3fb84fce836559f4,MAPUA_TRANSACTIONAL_FSL,Transactional Filipino Sign Language Dataset/Transactional Filipino Sign Language Dataset/recorded_data/RECEIPT/RECEIPT_2.mp4,RECEIPT,8,c69eb7b5e3b8fc4cd793ce9d9b7d0550f7fefd742aeb19f291b29cbce2a18d34,PASS,sealed_test,,source-group-3fb84fce836559f4,78d730125693f403fb91a4e2ba3ecf65f8e8cddab7c4c390d8bbd5d3c6fcb09f
883f52f418a50b1d,MAPUA_TRANSACTIONAL_FSL,Transactional Filipino Sign Language Dataset/Transactional Filipino Sign Language Dataset/recorded_data/RECEIPT/RECEIPT_20.mp4,RECEIPT,8,8148289a5e8b203db3fe54f565fda889bd7207ded818121fc265a2977b41d946,PASS,sealed_test,,source-group-883f52f418a50b1d,ddc75209757426321ffe2298ad92bfcf3117e41a12ef74185dc7c55e5093d54c
9f52f3c29e2a6ba6,MAPUA_TRANSACTIONAL_FSL,Transactional Filipino Sign Language Dataset/Transactional Filipino Sign Language Dataset/recorded_data/RECEIPT/RECEIPT_21.mp4,RECEIPT,8,ef37abfc53bcd45c6f463dd307ec250e0d21e502e6f67a415f8a2f26d2b50660,PASS,development,3,source-group-9f52f3c29e2a6ba6,ae443649794f46aa062cd5bcb5b61936f37f05c6b1e6187a662fc069fb12827a
bf42dd0b107a2a03,MAPUA_TRANSACTIONAL_FSL,Transactional Filipino Sign Language Dataset/Transactional Filipino Sign Language Dataset/recorded_data/RECEIPT/RECEIPT_23.mp4,RECEIPT,8,38ecc0fdd5d6ae50e4c373fed93fcd51905dea1940ef32fb8e1009490b534785,PASS,development,2,source-group-bf42dd0b107a2a03,0da8805564e9091a354fc29591dd334470699b5dce6d2e8f59e2ef34ce05e140
91240bff01f37e85,MAPUA_TRANSACTIONAL_FSL,Transactional Filipino Sign Language Dataset/Transactional Filipino Sign Language Dataset/recorded_data/RECEIPT/RECEIPT_25.mp4,RECEIPT,8,974cd594c74ade45e1594f774d01f5da05bd93f68295f2571f34e215d90c9598,PASS,development,1,source-group-91240bff01f37e85,46d28e77754a0634af1bb0d6a22c92923148c1686dbdcb4afdbe23e0153e22b3
e0b6ead608d96027,MAPUA_TRANSACTIONAL_FSL,Transactional Filipino Sign Language Dataset/Transactional Filipino Sign Language Dataset/recorded_data/RECEIPT/RECEIPT_27.mp4,RECEIPT,8,1b7cd3258c7c3e809dc852b3ba51ee0a964cb26a0d1f7de8e5c749398860820f,PASS,development,1,source-group-e0b6ead608d96027,983323175acee8ea195f4ebc296d7de171cd267312ee78ea7a21b07a05144751
f0fc069d1ead37fd,MAPUA_TRANSACTIONAL_FSL,Transactional Filipino Sign Language Dataset/Transactional Filipino Sign Language Dataset/recorded_data/RECEIPT/RECEIPT_29.mp4,RECEIPT,8,c7f517c272081e25a1146bb7070f71b5978555b8c24a426a6c70df1db61b41c8,PASS,development,2,source-group-f0fc069d1ead37fd,1cf30cc21b9ad4f601800178d844bff57151d883457729ab805c54ae35429a55
0b36866fa25f9522,MAPUA_TRANSACTIONAL_FSL,Transactional Filipino Sign Language Dataset/Transactional Filipino Sign Language Dataset/recorded_data/RECEIPT/RECEIPT_31.mp4,RECEIPT,8,34fe612953fbeec940af77d8c1889bce38d99fb67cda01b2e4744b010a0c439f,PASS,development,3,source-group-0b36866fa25f9522,450f30536f33ad6a403346082ffa1e5b57cb81dd6dd07efcd4b3ae1a1a4a540e
3c6e8693acc4086e,MAPUA_TRANSACTIONAL_FSL,Transactional Filipino Sign Language Dataset/Transactional Filipino Sign Language Dataset/recorded_data/RECEIPT/RECEIPT_32.mp4,RECEIPT,8,ca3ecf6bfee3a09fbd54274ea4cde663c47fd74ac2c08df20ed9cdba7e752ce1,PASS,development,2,source-group-3c6e8693acc4086e,2cbf126ba5198955e79ace41ac8e9c5904ba52bcf763c457df500f1251370778
a5b149d9e91710cf,MAPUA_TRANSACTIONAL_FSL,Transactional Filipino Sign Language Dataset/Transactional Filipino Sign Language Dataset/recorded_data/RECEIPT/RECEIPT_33.mp4,RECEIPT,8,99645bf3670cd2e6e50cf88428f093d058a79513fcc81eff901e2e4d57ad789a,PASS,development,2,source-group-a5b149d9e91710cf,7b982571f899764c7f9196e41563c2ab158f0eaf5c2c1812231a98292688a265
19c8de5bdb65163d,MAPUA_TRANSACTIONAL_FSL,Transactional Filipino Sign Language Dataset/Transactional Filipino Sign Language Dataset/recorded_data/RECEIPT/RECEIPT_35.mp4,RECEIPT,8,92fc610b73abbeb55778080b319240c5002ab77991eb7c2d8db18296cc5703e3,PASS,development,3,source-group-19c8de5bdb65163d,d995a4f04bc5ea9a017add07da9f1ad10da7b094d7d146ecc1ec6cc95f8d08f6
695d701fbc9d9217,MAPUA_TRANSACTIONAL_FSL,Transactional Filipino Sign Language Dataset/Transactional Filipino Sign Language Dataset/recorded_data/RECEIPT/RECEIPT_36.mp4,RECEIPT,8,4159c56b401ef734c4c223d37dbaf1b054df1a65f6920abb4200266886de2d3e,PASS,development,3,source-group-695d701fbc9d9217,29e65f74b918bb6a026d602eef2c3fb9fcf98814c27fc6f85eecf0cb5a4c0317
3d575d0a6845f67d,MAPUA_TRANSACTIONAL_FSL,Transactional Filipino Sign Language Dataset/Transactional Filipino Sign Language Dataset/recorded_data/RECEIPT/RECEIPT_39.mp4,RECEIPT,8,bb16c38d446cfd819572de83d1d3432e02faf1f8b3592f436d9016b26f7b7788,PASS,development,3,source-group-3d575d0a6845f67d,dff33d90235837e2572b35d98b8a010f34ac98fa188540832b12929c7456b79f
e06dc0af33de4a12,MAPUA_TRANSACTIONAL_FSL,Transactional Filipino Sign Language Dataset/Transactional Filipino Sign Language Dataset/recorded_data/RECEIPT/RECEIPT_40.mp4,RECEIPT,8,706a72c51cabf54dfa41aff885c8c3dd11554a9b6a93735161171acb2eac1b80,PASS,development,1,source-group-e06dc0af33de4a12,0673ab96aa22aa082233e13803896977071e9fbfd5eddabbafb747bf25e3b232
acf0dcd7d562fc5b,MAPUA_TRANSACTIONAL_FSL,Transactional Filipino Sign Language Dataset/Transactional Filipino Sign Language Dataset/recorded_data/RECEIPT/RECEIPT_5.mp4,RECEIPT,8,65d3eb81a5fc8e547c624d81ef56f361458827cea375e38d6ed0766fea54898c,PASS,development,0,source-group-acf0dcd7d562fc5b,a016621c6037d795adaf18625c5c6865aec27e6584a96d7f478878b28b854b4e
5315bd4b9c52d1e8,MAPUA_TRANSACTIONAL_FSL,Transactional Filipino Sign Language Dataset/Transactional Filipino Sign Language Dataset/recorded_data/RECEIPT/RECEIPT_6.mp4,RECEIPT,8,e2ff340a9dcdee6ce7a79cecc9e3e0a59be4ac5f9e642b1b76d5be66c1c3c3b0,PASS,sealed_test,,source-group-5315bd4b9c52d1e8,6b8650cc132bba4d003d8ab8e837303f65d7469aee8ae19add09f3b22086f4e6
0691ee799725a5b4,MAPUA_TRANSACTIONAL_FSL,Transactional Filipino Sign Language Dataset/Transactional Filipino Sign Language Dataset/recorded_data/RECEIPT/RECEIPT_7.mp4,RECEIPT,8,1558aca7f9403eae9046bb873850fe9a8bde8fe8cd3917bd9ad09dfc64ca0dc3,PASS,development,2,source-group-0691ee799725a5b4,b7479a1895ba1d4951ff0b8d226e78e454d63c71343cbd690f60e958c40cd854
10f72b3de0081a0f,MAPUA_TRANSACTIONAL_FSL,Transactional Filipino Sign Language Dataset/Transactional Filipino Sign Language Dataset/recorded_data/RECEIPT/RECEIPT_8.mp4,RECEIPT,8,796806dcd337d77dd98b804a494540c51287f2f0f3e4e7f0106722066655258a,PASS,development,3,source-group-10f72b3de0081a0f,0eda5d45e25cb0bc0b962274f8b736060917767a8a222d451460e7d79a2c96a2
da9a7c0266f3e157,MAPUA_TRANSACTIONAL_FSL,Transactional Filipino Sign Language Dataset/Transactional Filipino Sign Language Dataset/recorded_data/RECEIPT/RECEIPT_9.mp4,RECEIPT,8,89e0246d150fbc2d202ffd162bbb9f6983272aabd1d319a4b891f03997862eb3,PASS,development,2,source-group-da9a7c0266f3e157,d5570ec7025eea95e5341a2194833b5987b970163fddc9c6ff21b23b935df007
52b326cb42cac4f0,MAPUA_TRANSACTIONAL_FSL,Transactional Filipino Sign Language Dataset/Transactional Filipino Sign Language Dataset/recorded_data/WAIT/WAIT_10.mp4,WAIT,9,6e42df3771e9c819ee9212d719565473de246f1153a811a09c2a6fe0307926b1,PASS,development,0,source-group-52b326cb42cac4f0,f3bb56af3db0bd12a66630d5bd7cdfeeddd9aa416f3021a4be41dcd4639e4676
9c2f23344055109f,MAPUA_TRANSACTIONAL_FSL,Transactional Filipino Sign Language Dataset/Transactional Filipino Sign Language Dataset/recorded_data/WAIT/WAIT_11.mp4,WAIT,9,c701c9fe6bfdcf713430272814ea3f81536dc2ea42f84532e4c9f857bf965740,PASS,development,3,source-group-9c2f23344055109f,7c53b0426e7d231e66422d8beaac12634c39549f58b4b14d27c1d698208f3cab
8bcfacde8a0e05de,MAPUA_TRANSACTIONAL_FSL,Transactional Filipino Sign Language Dataset/Transactional Filipino Sign Language Dataset/recorded_data/WAIT/WAIT_12.mp4,WAIT,9,9cde910fe00692eb46f9644d1c46c455b124f251e9ba248b0a8575b90dc6b778,PASS,development,1,source-group-8bcfacde8a0e05de,6d58ed8324c0a60068ca5e6ce846253b6e55e4608b53cfc0ef7f783ce809ee98
db07ee693b126fc5,MAPUA_TRANSACTIONAL_FSL,Transactional Filipino Sign Language Dataset/Transactional Filipino Sign Language Dataset/recorded_data/WAIT/WAIT_13.mp4,WAIT,9,5f74fca21cbcd8cd28dd8e4833c3632c4b47b676c602c9940a8f14321189c999,PASS,development,3,source-group-db07ee693b126fc5,16223b37f740d2dd22dd4eb5eeb4840e8e4b96f209b359787d05231433c034a9
c50759685c280d08,MAPUA_TRANSACTIONAL_FSL,Transactional Filipino Sign Language Dataset/Transactional Filipino Sign Language Dataset/recorded_data/WAIT/WAIT_14.mp4,WAIT,9,a7e7c3a3b863a3bd0fe1dbdcf9e1bfc6928f3ccb8e9d1bc91121c9dcf6889fd9,PASS,development,1,source-group-c50759685c280d08,3420881e133621f6acbabb6d597e8fc248836edbd7916f2962fe2006931552e1
758eabcf0ecbe23f,MAPUA_TRANSACTIONAL_FSL,Transactional Filipino Sign Language Dataset/Transactional Filipino Sign Language Dataset/recorded_data/WAIT/WAIT_15.mp4,WAIT,9,4d6b0c5e4469224ad6f656343b3c39dcb2b9cf9b3af0064fc98bad4d54bf9644,PASS,sealed_test,,source-group-758eabcf0ecbe23f,94cf98006c6a39805accee861bffbbf6b60a97d1cd4eca6528d9bf3924818b86
d2d29fee7a8c108b,MAPUA_TRANSACTIONAL_FSL,Transactional Filipino Sign Language Dataset/Transactional Filipino Sign Language Dataset/recorded_data/WAIT/WAIT_16.mp4,WAIT,9,de03826eb727d1cfceb01ded1d8620d64a727b890f68033babbe35a68e677492,PASS,development,2,source-group-d2d29fee7a8c108b,63347736b6aa494547c12d1c7eafcd0539525b7d8b356c90a908e660ae024fe1
87357edaa3165a03,MAPUA_TRANSACTIONAL_FSL,Transactional Filipino Sign Language Dataset/Transactional Filipino Sign Language Dataset/recorded_data/WAIT/WAIT_17.mp4,WAIT,9,ecb3873c1bb492ba276cd5ba4485d51c971f80bb0572df760d599b7dc6351b1e,PASS,development,2,source-group-87357edaa3165a03,a6fa538d16327b902dd6674f4d105ad7eb3bf18513dce3e65a0e749c96412d42
a590198b7000a454,MAPUA_TRANSACTIONAL_FSL,Transactional Filipino Sign Language Dataset/Transactional Filipino Sign Language Dataset/recorded_data/WAIT/WAIT_18.mp4,WAIT,9,22885a9449e08249f721017df55f96c05c3907139c0d724f2dafd383c35c4655,PASS,development,2,source-group-a590198b7000a454,a0aac4f17411d49f27935d81ac2cc01d0ebe4b81baa4515083e89f0ec8963b52
da9441053dd06c5c,MAPUA_TRANSACTIONAL_FSL,Transactional Filipino Sign Language Dataset/Transactional Filipino Sign Language Dataset/recorded_data/WAIT/WAIT_19.mp4,WAIT,9,134f95dca2d4188053d294df0633e55511a6d557eadfabd9e75f504e160f2418,PASS,development,0,source-group-da9441053dd06c5c,b04acbbf61255d5f1fc33cb34a0387225a68a0ea1481667ea8772ee983bceb48
9b3f2806e866c410,MAPUA_TRANSACTIONAL_FSL,Transactional Filipino Sign Language Dataset/Transactional Filipino Sign Language Dataset/recorded_data/WAIT/WAIT_2.mp4,WAIT,9,04bbbfa86c0cfe0afe78d09ec3fb3e5c070d42a9477e57706748840a211aa2d3,PASS,development,2,source-group-9b3f2806e866c410,cdc96b5d0941bfae7da575b38baefbd020f43ec94679516944d7d5bd163f9b47
14c79b9822f76f9b,MAPUA_TRANSACTIONAL_FSL,Transactional Filipino Sign Language Dataset/Transactional Filipino Sign Language Dataset/recorded_data/WAIT/WAIT_21.mp4,WAIT,9,dbe34ad0609e124609bd44f3e3516a6a305d6eaf6ce97cc78950591100b03059,PASS,development,0,source-group-14c79b9822f76f9b,3406abb5d8af30567cb2e5fe6252ba0073ab05e138a86da59e6a006e3696b9ca
76810371e72044e6,MAPUA_TRANSACTIONAL_FSL,Transactional Filipino Sign Language Dataset/Transactional Filipino Sign Language Dataset/recorded_data/WAIT/WAIT_22.mp4,WAIT,9,e4b260b4ac6b3ec7fd101054f4483c3c3b407317b905f56cf8080f15ef545d27,PASS,development,1,source-group-76810371e72044e6,e58792d9cb4e21789fc4cb64ad3437cebe6ce27305e721f18937a800254700f4
7bf602133022acf9,MAPUA_TRANSACTIONAL_FSL,Transactional Filipino Sign Language Dataset/Transactional Filipino Sign Language Dataset/recorded_data/WAIT/WAIT_25.mp4,WAIT,9,a05a3ad74116b1cd9cab7b0e3276ceeee43f9f12695cd23fc050a8cb7d5d3024,PASS,development,0,source-group-7bf602133022acf9,e4adfaac0ff361b5c1a5578daf99a8a9397a93005b931ff1fde0bdb7d0d91139
41d73e5ab76a8960,MAPUA_TRANSACTIONAL_FSL,Transactional Filipino Sign Language Dataset/Transactional Filipino Sign Language Dataset/recorded_data/WAIT/WAIT_26.mp4,WAIT,9,747bec39585936684e7134ce3a5fad619f13c4c530e1aedd8f3251e5c9bae227,PASS,development,2,source-group-41d73e5ab76a8960,5e28892078277c800f906b30f559116e8f4872a0205da5f6acea28fc05535315
11117f5d0e6d6ad0,MAPUA_TRANSACTIONAL_FSL,Transactional Filipino Sign Language Dataset/Transactional Filipino Sign Language Dataset/recorded_data/WAIT/WAIT_29.mp4,WAIT,9,34ac138becc1d3c774a35a33f2f0927d4250cef783133b8c05c8c58a1c986ae7,PASS,development,3,source-group-11117f5d0e6d6ad0,269c2a795916dedda9259c0e770c790c9f12eba5860a687def038edb0f3809be
7215a746072d5b3c,MAPUA_TRANSACTIONAL_FSL,Transactional Filipino Sign Language Dataset/Transactional Filipino Sign Language Dataset/recorded_data/WAIT/WAIT_3.mp4,WAIT,9,0babb61ee9eec7f61e188d65753e1c7f5b72c569ce8855941ba4b013e46b89e3,PASS,development,3,source-group-7215a746072d5b3c,4a8170142c26340db12008df14c903d8525dfc0d870be796dbeb24a15a131b78
e1d8da09104b89cd,MAPUA_TRANSACTIONAL_FSL,Transactional Filipino Sign Language Dataset/Transactional Filipino Sign Language Dataset/recorded_data/WAIT/WAIT_30.mp4,WAIT,9,5fca63810b118cb7625afac577d396bf3f4e3522db126fd3bd39cbe2fe314c5c,PASS,development,3,source-group-e1d8da09104b89cd,ed2fad082c6dc2be65d4e01f69e9afd76fab67c7ca16ac1045aac3623d5a7134
13484a9499630d04,MAPUA_TRANSACTIONAL_FSL,Transactional Filipino Sign Language Dataset/Transactional Filipino Sign Language Dataset/recorded_data/WAIT/WAIT_31.mp4,WAIT,9,433d9a7cc3ed87db604f1149ea5937acf43c4c028ec01a1a4ded6d94be3d7a09,PASS,development,0,source-group-13484a9499630d04,26a077e7c34b0630e9e2a61bb4e3d465fd581352f869a51df0cceebd4a829b89
8576b33ef9dc51bb,MAPUA_TRANSACTIONAL_FSL,Transactional Filipino Sign Language Dataset/Transactional Filipino Sign Language Dataset/recorded_data/WAIT/WAIT_33.mp4,WAIT,9,ce54ef71a11d7ec83240c0ad2636b30bb9c7b16302916f3dc552bc7eb82083bc,PASS,development,1,source-group-8576b33ef9dc51bb,6540779c04041ce456f34f55b84cb1b9f549b6252f571d37b3eb47c26912525a
90074e3327187849,MAPUA_TRANSACTIONAL_FSL,Transactional Filipino Sign Language Dataset/Transactional Filipino Sign Language Dataset/recorded_data/WAIT/WAIT_34.mp4,WAIT,9,a3a6c9ad9959127733fab0435dc72d27a996abe29e9f9b89cda2f70d90ead57d,PASS,sealed_test,,source-group-90074e3327187849,1e4c5202dd7c632dfd158174d2a56a5f789ba7e311b575e3c733ec0e2d95f84f
fe257317d32325a0,MAPUA_TRANSACTIONAL_FSL,Transactional Filipino Sign Language Dataset/Transactional Filipino Sign Language Dataset/recorded_data/WAIT/WAIT_35.mp4,WAIT,9,0e3e060ff67682217ee76b4990ac10e83d3ccea9e2959eaafe777b61728e98ee,PASS,development,1,source-group-fe257317d32325a0,4c8b1c1b5039a6645c16f6663b9e262a54e07fd4952189fb448e1bae0c0dd2ab
8a344bb3b5e2abd8,MAPUA_TRANSACTIONAL_FSL,Transactional Filipino Sign Language Dataset/Transactional Filipino Sign Language Dataset/recorded_data/WAIT/WAIT_36.mp4,WAIT,9,fe7eb30d7598b3a9f1ad6afcd07f2cef4f1eef43c4a2581db069467b180ccd9a,PASS,sealed_test,,source-group-8a344bb3b5e2abd8,6d5a74d68452d6481df1db2d5f26c0c3bda58be9ef915e70c3d58b85ca116ae4
3c7dad129d95be56,MAPUA_TRANSACTIONAL_FSL,Transactional Filipino Sign Language Dataset/Transactional Filipino Sign Language Dataset/recorded_data/WAIT/WAIT_37.mp4,WAIT,9,e883bf8485883476d510612e54b19b2491b0fcc55417f1c85a781844a636747d,PASS,development,0,source-group-3c7dad129d95be56,e53525414fa64e30f8bdd1d9696e6c5ce4e5b77102dad89d5c8120c7bc4da0e3
5bc6f9422b4be736,MAPUA_TRANSACTIONAL_FSL,Transactional Filipino Sign Language Dataset/Transactional Filipino Sign Language Dataset/recorded_data/WAIT/WAIT_38.mp4,WAIT,9,cf0277a6c3864065842eb1bda173137c38281dc71351a7a365636e95e4731718,PASS,development,3,source-group-5bc6f9422b4be736,fe461bf85d5ef0715e2e21886d12e88c6b08d6020a768a2c66fb2f0c0648d629
ea1dba0a9a627193,MAPUA_TRANSACTIONAL_FSL,Transactional Filipino Sign Language Dataset/Transactional Filipino Sign Language Dataset/recorded_data/WAIT/WAIT_39.mp4,WAIT,9,d0551bffab695e37aac52b055122f39fe15b148c55c8b8f8f0f747819caabb46,PASS,sealed_test,,source-group-ea1dba0a9a627193,3d67363c45aeea474cc6cec642b63aff1102297caec2de083cf1399fd7f9830b
3f926c4e5e8de2f4,MAPUA_TRANSACTIONAL_FSL,Transactional Filipino Sign Language Dataset/Transactional Filipino Sign Language Dataset/recorded_data/WAIT/WAIT_7.mp4,WAIT,9,d2c138b9a7eee8ba7771971424069e801c69adefb30f123250972e53ddbe446e,PASS,development,2,source-group-3f926c4e5e8de2f4,9a5f7619c65058b58d29f2092096021cb96287059f554b7259f3b4f0a0b32ca9
8c412a233288a20d,MAPUA_TRANSACTIONAL_FSL,Transactional Filipino Sign Language Dataset/Transactional Filipino Sign Language Dataset/recorded_data/WAIT/WAIT_8.mp4,WAIT,9,37844b9d2867788d2344eacc5da1698154a7ea3398458925533b94fc48344246,PASS,development,2,source-group-8c412a233288a20d,470d0f48e7ea815dd36ee85dedb8f0ab05695690d474e05dc082329888a203c9
ec2a2d0054017533,MAPUA_TRANSACTIONAL_FSL,Transactional Filipino Sign Language Dataset/Transactional Filipino Sign Language Dataset/recorded_data/WAIT/WAIT_9.mp4,WAIT,9,f270711f893bae1820d201b96be34debbbdc63b610b4d891430260c71a6aa734,PASS,development,1,source-group-ec2a2d0054017533,59dd7920d3ddbaa9cdc5c55cbbe99d3caa05dd4fc9bb357aeefba6483a679c0f
8becfcb5a1b8edb0,MAPUA_TRANSACTIONAL_FSL,Transactional Filipino Sign Language Dataset/Transactional Filipino Sign Language Dataset/recorded_data/HOW_MANY/HOW_MANY_1.mp4,HOW_MANY,10,f252d0cc224f3cd197bff9c0f29727413c99be88a5371d99c46bada2c593ce07,PASS,development,0,source-group-8becfcb5a1b8edb0,02b8f88949d3e5c979698f84bdde63b0ef521c1fc1ea7d056363667f9e20e103
02d5800d6f3ed7b3,MAPUA_TRANSACTIONAL_FSL,Transactional Filipino Sign Language Dataset/Transactional Filipino Sign Language Dataset/recorded_data/HOW_MANY/HOW_MANY_10.mp4,HOW_MANY,10,99006120f3489bd7228b0868704604e091a8f55b878d9a61174c5307a4bb2030,PASS,development,3,source-group-02d5800d6f3ed7b3,e6a22fcf6074fdcf5f42e4ba1811df9536b729beb77d59af97ed738656175e10
d25986b48952f53c,MAPUA_TRANSACTIONAL_FSL,Transactional Filipino Sign Language Dataset/Transactional Filipino Sign Language Dataset/recorded_data/HOW_MANY/HOW_MANY_11.mp4,HOW_MANY,10,7e9a91525f5b2fc8d6ab2fa9af7f0d838e4bada3bed293bcacf114fec03216e1,PASS,development,3,source-group-d25986b48952f53c,ea787d07142117f547e93a6a0071d9e32151b95a9882428328072cc9b776598d
cd8afdec5e8a4732,MAPUA_TRANSACTIONAL_FSL,Transactional Filipino Sign Language Dataset/Transactional Filipino Sign Language Dataset/recorded_data/HOW_MANY/HOW_MANY_12.mp4,HOW_MANY,10,ab5d6d1cf480926a1d09172733af12174299c0c8e199699efcc63d03bb3f5884,PASS,sealed_test,,source-group-cd8afdec5e8a4732,c32076d4e409be9bf865109f994d7db2a027e0500be87e0f1c6db398dddc7a45
866a9ddeccde5944,MAPUA_TRANSACTIONAL_FSL,Transactional Filipino Sign Language Dataset/Transactional Filipino Sign Language Dataset/recorded_data/HOW_MANY/HOW_MANY_15.mp4,HOW_MANY,10,23e84e132f5843d996e6b9408609b6ca621d24f8958515ff7e42ae7c18c03a5c,PASS,development,2,source-group-866a9ddeccde5944,29426a497527e5da028e696b5a0764574acbb3ce74e1db7fa8c241573b33deee
27375d33a40e6e5a,MAPUA_TRANSACTIONAL_FSL,Transactional Filipino Sign Language Dataset/Transactional Filipino Sign Language Dataset/recorded_data/HOW_MANY/HOW_MANY_16.mp4,HOW_MANY,10,23faa9ce0ddb08154a6e48aacfc2394a658255735453771b957c59dde3030f83,PASS,development,3,source-group-27375d33a40e6e5a,27bd767572ee0fa8ddcc253a9212c15eda12bde7ba0ce6574573122eba1b1f53
957ad1ff0dec4021,MAPUA_TRANSACTIONAL_FSL,Transactional Filipino Sign Language Dataset/Transactional Filipino Sign Language Dataset/recorded_data/HOW_MANY/HOW_MANY_21.mp4,HOW_MANY,10,44cf8cc7b7480a4f613cdbfa37525b8d52274b51282fa62b6e2c786f6bec9f15,PASS,development,2,source-group-957ad1ff0dec4021,e3ab26b0a38bb448b0fd94814b620e31e1ed168255045fa5709762e72f07230f
c548bfa8acc883c0,MAPUA_TRANSACTIONAL_FSL,Transactional Filipino Sign Language Dataset/Transactional Filipino Sign Language Dataset/recorded_data/HOW_MANY/HOW_MANY_22.mp4,HOW_MANY,10,b6027cb468b5bf651a2613d9b06847d5d1bac27d4e49aaeb1ae99a26ca01d11d,PASS,development,0,source-group-c548bfa8acc883c0,4d4652e0de5017529440635fe4a84f334a3a7f101159520ae9f5978c676cc4e4
a635464d82291c3a,MAPUA_TRANSACTIONAL_FSL,Transactional Filipino Sign Language Dataset/Transactional Filipino Sign Language Dataset/recorded_data/HOW_MANY/HOW_MANY_25.mp4,HOW_MANY,10,03b37446596ead5d65c7278c8e0872643c907e15cee9fa6a951202347a601526,PASS,development,2,source-group-a635464d82291c3a,e27879049ba32a85a4c8e5b1de7bdcd643fa47524680141ae186bc11d06768af
e145fc8ebdb3e3da,MAPUA_TRANSACTIONAL_FSL,Transactional Filipino Sign Language Dataset/Transactional Filipino Sign Language Dataset/recorded_data/HOW_MANY/HOW_MANY_27.mp4,HOW_MANY,10,09442663ed11b6e171c59508f4fc4ebc3be5223b307707265967f17da43bf356,PASS,development,0,source-group-e145fc8ebdb3e3da,69ac82e8651deadbbb7cda6fe6ea4877e8fd5a66ad5759596aa4e6f02794bcf5
c53b68ac462e627c,MAPUA_TRANSACTIONAL_FSL,Transactional Filipino Sign Language Dataset/Transactional Filipino Sign Language Dataset/recorded_data/HOW_MANY/HOW_MANY_28.mp4,HOW_MANY,10,ac5dcc9beba800c93b8a28515515437cf28becb896b68e91770b19e4dfa1a71f,PASS,development,2,source-group-c53b68ac462e627c,05212c20b916aa2860bae3c0aff150c8b9715950026da41a5e60c0205d6d1c0a
ccb20fa0e031f55c,MAPUA_TRANSACTIONAL_FSL,Transactional Filipino Sign Language Dataset/Transactional Filipino Sign Language Dataset/recorded_data/HOW_MANY/HOW_MANY_29.mp4,HOW_MANY,10,6205b7e14b856c24ec8eb78e28e73c19deb39f8c1d46b698513126a8bd4e9d68,PASS,sealed_test,,source-group-ccb20fa0e031f55c,07ed6c57080fd0a87b1db71ba9077ea05e0b32c1bd3bb271f0fb27f6ec2299b7
6cb6d85503537565,MAPUA_TRANSACTIONAL_FSL,Transactional Filipino Sign Language Dataset/Transactional Filipino Sign Language Dataset/recorded_data/HOW_MANY/HOW_MANY_30.mp4,HOW_MANY,10,c3f234f3416438d600331a68bafc4525c27a0ae827a9d90bc3d4692781a0dc68,PASS,development,1,source-group-6cb6d85503537565,bbbf39784d05b33bc3198c0a6341d9c45b7f6e1ee099d8a7e39990a8d6259560
1775ab9cf157e257,MAPUA_TRANSACTIONAL_FSL,Transactional Filipino Sign Language Dataset/Transactional Filipino Sign Language Dataset/recorded_data/HOW_MANY/HOW_MANY_42.mp4,HOW_MANY,10,6bebc77d9f3170cf245744da8f0db320363a20112694c3635a18c83e55165bad,PASS,development,1,source-group-1775ab9cf157e257,fb8e16e3ca360f62919274a6b0b824044c8acc0a317b07d92509d6d6018bee75
fc909d07c387348b,MAPUA_TRANSACTIONAL_FSL,Transactional Filipino Sign Language Dataset/Transactional Filipino Sign Language Dataset/recorded_data/HOW_MANY/HOW_MANY_43.mp4,HOW_MANY,10,14b78a9869f3cdf03aa6c871ce79dfa7b587caecf002b7c7c28069a53b1d6c4d,PASS,development,1,source-group-fc909d07c387348b,4b952af03abd7b85e5f8b226ea8c03d5b642a91d92ea021797f01655ba82084f
42a741604b4e75c8,MAPUA_TRANSACTIONAL_FSL,Transactional Filipino Sign Language Dataset/Transactional Filipino Sign Language Dataset/recorded_data/HOW_MANY/HOW_MANY_44.mp4,HOW_MANY,10,a548cf9c07ac91e7d9a9ef12f25c5cd3da8fb5462c59fb919b8e2615fcbd028c,PASS,development,1,source-group-42a741604b4e75c8,ed74a341e0e107fd2cc4b9dab30716bdef112ea6f16c4a08b399dc62c8ae994a
b0bc78916e204473,MAPUA_TRANSACTIONAL_FSL,Transactional Filipino Sign Language Dataset/Transactional Filipino Sign Language Dataset/recorded_data/HOW_MANY/HOW_MANY_6.mp4,HOW_MANY,10,b39b3152efcac45b25d256fb3416feabdbe8c31373e6473a16045153438f001a,PASS,development,1,source-group-b0bc78916e204473,e0bcdc1e150eaff1b2adaba9a4d2f74039f6c01daaae832ffe87318ff2312f61
8b8306595209b92f,MAPUA_TRANSACTIONAL_FSL,Transactional Filipino Sign Language Dataset/Transactional Filipino Sign Language Dataset/recorded_data/HOW_MANY/HOW_MANY_7.mp4,HOW_MANY,10,b2f278b87c0bf4353b6ccf5c46452558390cf4689d241fa2d566931bb52c8cd0,PASS,development,3,source-group-8b8306595209b92f,466d25ccdc074c8e58c705408675a548f8b9765079579423c3e33e20a0a95e76
892bb8ac4d7104c1,MAPUA_TRANSACTIONAL_FSL,Transactional Filipino Sign Language Dataset/Transactional Filipino Sign Language Dataset/recorded_data/HOW_MANY/HOW_MANY_8.mp4,HOW_MANY,10,4cd01a1037955e29dd9e84016b4f06c5f37794cb67d608c6870f2d9fb90e71a5,PASS,development,0,source-group-892bb8ac4d7104c1,0a3096e1403984d3d976983640b157ab913cc4f5c8b28dca0a69839e7ac401f5
bb5f747cd4342837,MAPUA_TRANSACTIONAL_FSL,Transactional Filipino Sign Language Dataset/Transactional Filipino Sign Language Dataset/recorded_data/HOW_MANY/HOW_MANY_9.mp4,HOW_MANY,10,b264ca74ecfbf71e265ca9184ccdf9602dbce4385c5d1b97487d5d69e1d10b92,PASS,sealed_test,,source-group-bb5f747cd4342837,4677fcff1c900bf1bf386f238d952ebdef74e5b668f65771c8cbd3b67aca5adf
6304d2c864443bb3,MAPUA_TRANSACTIONAL_FSL,Transactional Filipino Sign Language Dataset/Transactional Filipino Sign Language Dataset/recorded_data/AGAIN/AGAIN_1.mp4,AGAIN,11,3e9215f70debe2d607a45712777da796fb372ca451c746a90beaee9844ecd36d,PASS,development,2,source-group-6304d2c864443bb3,1ff75811e70a669c3ff207ad03dc340e629828af5194c7a587deb9707313dd6c
2a139053221be861,MAPUA_TRANSACTIONAL_FSL,Transactional Filipino Sign Language Dataset/Transactional Filipino Sign Language Dataset/recorded_data/AGAIN/AGAIN_11.mp4,AGAIN,11,efd239063ea540b47a80fa20a93e4bb960d50cf7b6af139a4fed86de8b90cec8,PASS,development,2,source-group-2a139053221be861,9c616a856f3e7a3eea27e409a4f2edb9125e1d4feec8744309de3a0b5e7be6ba
3f9e593beb915e78,MAPUA_TRANSACTIONAL_FSL,Transactional Filipino Sign Language Dataset/Transactional Filipino Sign Language Dataset/recorded_data/AGAIN/AGAIN_12.mp4,AGAIN,11,2ec9d5d9750f5a5b7899c0eca303ada8de10ddf13ae4966732f4b06656b6203e,PASS,development,3,source-group-3f9e593beb915e78,9532af08268ce8fcff223543293843b401d1043f1432f2dea07f2bcbba893e90
38f7b3ded6c59696,MAPUA_TRANSACTIONAL_FSL,Transactional Filipino Sign Language Dataset/Transactional Filipino Sign Language Dataset/recorded_data/AGAIN/AGAIN_13.mp4,AGAIN,11,778b04e0fb9e8d9a5f10d418ba04f84a7b4b45367ec4d5cedf46811564513914,PASS,development,2,source-group-38f7b3ded6c59696,dcdecd9d649dc06bb176d5ea150a28f943484b0c4c4f3e803c59a15cf6df2cce
88ebc093265a2dd0,MAPUA_TRANSACTIONAL_FSL,Transactional Filipino Sign Language Dataset/Transactional Filipino Sign Language Dataset/recorded_data/AGAIN/AGAIN_14.mp4,AGAIN,11,fc549c22d162920c3ea79503924c21dfd91133c1bd7bccc7cac1645b69b5a994,PASS,development,3,source-group-88ebc093265a2dd0,355dbeaeeaaa91c611eed4956d5a03a3c987c6d6c2617d105cf08328207aee88
16554f9626d0022a,MAPUA_TRANSACTIONAL_FSL,Transactional Filipino Sign Language Dataset/Transactional Filipino Sign Language Dataset/recorded_data/AGAIN/AGAIN_15.mp4,AGAIN,11,15890794eec3d8874d1c358d9dbb47f06b1051aac92f0139839f5e2c77bc77a1,PASS,development,3,source-group-16554f9626d0022a,7d3a5d85b6911dc634dea0ae428cb7d856941d8554e8463c15ddc640cf2e78fb
240f2e729c694c5e,MAPUA_TRANSACTIONAL_FSL,Transactional Filipino Sign Language Dataset/Transactional Filipino Sign Language Dataset/recorded_data/AGAIN/AGAIN_16.mp4,AGAIN,11,1dd413c275dfb7edc26ec72952e729db8801bf4b7d6afa78b388e69a4abaece0,PASS,development,1,source-group-240f2e729c694c5e,10d41663832530590d2084901f3c4e6ecd42ea35f178d76cd560de8535c8ff4b
2fe5e500ac956d6f,MAPUA_TRANSACTIONAL_FSL,Transactional Filipino Sign Language Dataset/Transactional Filipino Sign Language Dataset/recorded_data/AGAIN/AGAIN_17.mp4,AGAIN,11,5bf0cd699d2dfdb634cd902b981817f92346694be971fcb352283620ffca36a1,PASS,development,0,source-group-2fe5e500ac956d6f,3508616075216d733897420713cd3bec268a75b95f9b0ea7f79bcc5c4a57bba0
33965e62cb875df3,MAPUA_TRANSACTIONAL_FSL,Transactional Filipino Sign Language Dataset/Transactional Filipino Sign Language Dataset/recorded_data/AGAIN/AGAIN_18.mp4,AGAIN,11,8d6685ed8dd48635a64002017fa599d33b8dcf9e7e14c9c777da9e0fcf1f234b,PASS,development,2,source-group-33965e62cb875df3,7f001f6d808a58faeb1e50d1c9857e539f9088bf6b1d8dc26a7abe13edb51533
1b5c1a34857766d3,MAPUA_TRANSACTIONAL_FSL,Transactional Filipino Sign Language Dataset/Transactional Filipino Sign Language Dataset/recorded_data/AGAIN/AGAIN_19.mp4,AGAIN,11,f01bd041030350b5bf7949d1f588729205b6252ddb70b5750133dde6298cb65b,PASS,sealed_test,,source-group-1b5c1a34857766d3,2dddcc7c30b1bbf9a26b6205bf65d8432ada353958038d1aacfab4eeb098070a
8f5346c45862359b,MAPUA_TRANSACTIONAL_FSL,Transactional Filipino Sign Language Dataset/Transactional Filipino Sign Language Dataset/recorded_data/AGAIN/AGAIN_2.mp4,AGAIN,11,1614253af3f30f877d1723edc24d9ae5bdf9c09a2ee57d2162fde51686682862,PASS,development,0,source-group-8f5346c45862359b,3875a5ea24275565bee10ea81b074bfaa51459c9d2ba16473db7930b8edb8279
611f95cc43bbfb06,MAPUA_TRANSACTIONAL_FSL,Transactional Filipino Sign Language Dataset/Transactional Filipino Sign Language Dataset/recorded_data/AGAIN/AGAIN_20.mp4,AGAIN,11,d4ea19490a55d6207296eb2baf53440072f7a4da85dab3f39f6c6770cb47914e,PASS,sealed_test,,source-group-611f95cc43bbfb06,6c6934e80dc442632ee545ed4f30ddb885c8f93315fae5c99ee97c6cae6f6cf1
63ef69bf003a0214,MAPUA_TRANSACTIONAL_FSL,Transactional Filipino Sign Language Dataset/Transactional Filipino Sign Language Dataset/recorded_data/AGAIN/AGAIN_21.mp4,AGAIN,11,eefa171eb84b967f0caed2c9dc7f0365df231577f73d4c78523e31d7063e3567,PASS,development,1,source-group-63ef69bf003a0214,55d075b1e064a249e381292c9e30d6bdc3b06c4c2c140ffdc5b0557f2844f4b8
1dce9aad12264cfa,MAPUA_TRANSACTIONAL_FSL,Transactional Filipino Sign Language Dataset/Transactional Filipino Sign Language Dataset/recorded_data/AGAIN/AGAIN_22.mp4,AGAIN,11,15922c6137e7041d0ace5d8e668ed0d39b83d8f5cb1e1b6713bb738a6b35a6b0,PASS,sealed_test,,source-group-1dce9aad12264cfa,9414e8e9648c0bb1178f6f022b87597b4a19432d829cd4c53e50a0d222823736
ed05b327cd2e664f,MAPUA_TRANSACTIONAL_FSL,Transactional Filipino Sign Language Dataset/Transactional Filipino Sign Language Dataset/recorded_data/AGAIN/AGAIN_23.mp4,AGAIN,11,c1847963aa3063b70ed029e77bdd1021a46da60d0da251ac4f77a310470ceb02,PASS,development,3,source-group-ed05b327cd2e664f,5fb0217d146d7851343ee49eebfc8735e62fb3b547297cf12038f3be2ececc80
67d2056438cc926a,MAPUA_TRANSACTIONAL_FSL,Transactional Filipino Sign Language Dataset/Transactional Filipino Sign Language Dataset/recorded_data/AGAIN/AGAIN_25.mp4,AGAIN,11,c84266ce6d23ec454959832a1f7e6f7ed555dc6fd999165bb0ea71f6ed97fc9a,PASS,development,1,source-group-67d2056438cc926a,10a9c467a00ba8add08ff8da1e21834daa230d5a5c5f85cd43efb2fb1c4e144a
ab47de44aaaa8415,MAPUA_TRANSACTIONAL_FSL,Transactional Filipino Sign Language Dataset/Transactional Filipino Sign Language Dataset/recorded_data/AGAIN/AGAIN_27.mp4,AGAIN,11,07ffa300f0fdfe4df2ca3dd2817403eeeb9144fc764a5ce36e676aa9d0abdc22,PASS,development,0,source-group-ab47de44aaaa8415,5edb67ca3e64b935f9a362f767560ef2b49484d1548aecc2847865722f063b6f
65018a6ac4e8eb58,MAPUA_TRANSACTIONAL_FSL,Transactional Filipino Sign Language Dataset/Transactional Filipino Sign Language Dataset/recorded_data/AGAIN/AGAIN_29.mp4,AGAIN,11,74c1cedb3c3fb53043c25bcb17d3d7413cbfd121bd44c3a8f12c93f8f867921a,PASS,development,3,source-group-65018a6ac4e8eb58,5b344707513ae2901a766c57834eff8a3889d8b40d2f2ccc89e1c26dc45574f4
87199da4136fc8e6,MAPUA_TRANSACTIONAL_FSL,Transactional Filipino Sign Language Dataset/Transactional Filipino Sign Language Dataset/recorded_data/AGAIN/AGAIN_31.mp4,AGAIN,11,9dfed3785798c7af8f914c90a0b825c82936407ce307fb72c0aadedefe1de29d,PASS,development,0,source-group-87199da4136fc8e6,802171d979a57286fd44aef57a039f9eda07ae9fff6308461c0dfdb031e4b9b4
20abca3de6d880f8,MAPUA_TRANSACTIONAL_FSL,Transactional Filipino Sign Language Dataset/Transactional Filipino Sign Language Dataset/recorded_data/AGAIN/AGAIN_33.mp4,AGAIN,11,676fbf88505fd970ddca3d3518971282c0e48b2fff130f4019dfee7b670045e3,PASS,development,0,source-group-20abca3de6d880f8,9ac9542b71bff58908722943b1d27daf44ba222e1defd444f36914ee56a99c06
d02ddd1cef47f811,MAPUA_TRANSACTIONAL_FSL,Transactional Filipino Sign Language Dataset/Transactional Filipino Sign Language Dataset/recorded_data/AGAIN/AGAIN_34.mp4,AGAIN,11,58f9342036eb8872900826b6207292d3985a00063b8d55304a4f6a0ef9343d18,PASS,development,1,source-group-d02ddd1cef47f811,1fc7875755c1552329fb378f7e68f63c58dea7e389a6b7ea75f23964468b5d0a
e3d2e8a50bf5d955,MAPUA_TRANSACTIONAL_FSL,Transactional Filipino Sign Language Dataset/Transactional Filipino Sign Language Dataset/recorded_data/AGAIN/AGAIN_35.mp4,AGAIN,11,710e22487d4b8148150ba6e46f5a7f67b040c1e2d7994e8a2a3679bf4980a1f9,PASS,development,1,source-group-e3d2e8a50bf5d955,e1c52065289582674da5ca3daa67088e6017b792158736c500fee3a598c90c1c
6d4def48dd32e099,MAPUA_TRANSACTIONAL_FSL,Transactional Filipino Sign Language Dataset/Transactional Filipino Sign Language Dataset/recorded_data/AGAIN/AGAIN_37.mp4,AGAIN,11,96abd7e22f9c3918531ddcc075da8f13c19d7da3aedf0ce147853d4d98058573,PASS,development,0,source-group-6d4def48dd32e099,08529b875680ca6ae967207b6743eb541202b203d0bda73359f4ae6669908e81
ca48804cd1079c0c,MAPUA_TRANSACTIONAL_FSL,Transactional Filipino Sign Language Dataset/Transactional Filipino Sign Language Dataset/recorded_data/AGAIN/AGAIN_39.mp4,AGAIN,11,cd034f9833bc8ec3be8bd7fa0626477a4a2be4f4d5a5c9d68e3990cba72bf85e,PASS,sealed_test,,source-group-ca48804cd1079c0c,04077315b5fe7c3a90fd16b81d4ac55d8843ac1084f8d7a0fe5930b45b9db05e
5e62ab901a8cfdbc,MAPUA_TRANSACTIONAL_FSL,Transactional Filipino Sign Language Dataset/Transactional Filipino Sign Language Dataset/recorded_data/AGAIN/AGAIN_4.mp4,AGAIN,11,e37f7af618f1705ceb227acc65778bbcd5dcc343cf25c0fea90e81d0b58ce956,PASS,development,1,source-group-5e62ab901a8cfdbc,aaa57ce9f2fedf2ea7144d48d2042ec90b942a95a7c16abbca15d771fc60a956
3102962afc3804ba,MAPUA_TRANSACTIONAL_FSL,Transactional Filipino Sign Language Dataset/Transactional Filipino Sign Language Dataset/recorded_data/AGAIN/AGAIN_41.mp4,AGAIN,11,a093feaacaa88ead8d6a5cbf83df78a3ef1d551073b2470a93e426d7f8c1d3be,PASS,development,2,source-group-3102962afc3804ba,a3f738eca8642933a7e9cfb1c232e917a41b320dd3c832bc9f055e17cc1188e3
5121b84811fdee21,MAPUA_TRANSACTIONAL_FSL,Transactional Filipino Sign Language Dataset/Transactional Filipino Sign Language Dataset/recorded_data/AGAIN/AGAIN_42.mp4,AGAIN,11,1a8bc851c4f5e90f844e5530df96609d4c91a51ff8b12cd4a12dd81559b0a175,PASS,development,3,source-group-5121b84811fdee21,2531a0168ce25daf6ef53a5ac9913c332399d16cb13ef393573dace75bcfd677
88b2b1dba4d5c5e6,MAPUA_TRANSACTIONAL_FSL,Transactional Filipino Sign Language Dataset/Transactional Filipino Sign Language Dataset/recorded_data/AGAIN/AGAIN_43.mp4,AGAIN,11,d68a05d639d833bc4a26d232f29dd569422dbea070b40748f9a030c2514ab15f,PASS,development,0,source-group-88b2b1dba4d5c5e6,74ce01651d62d649bd0772e038af8a10fc828f5e47959c4f553d221a7f7de121
2345018dec32fc60,MAPUA_TRANSACTIONAL_FSL,Transactional Filipino Sign Language Dataset/Transactional Filipino Sign Language Dataset/recorded_data/AGAIN/AGAIN_44.mp4,AGAIN,11,390857026cf38a608a4aa88a0600c88165174538f2289368c2c5b4b2e78b8af6,PASS,development,1,source-group-2345018dec32fc60,3294627cfaf5be3742b2309ab77fc2392c13c09d5b4b32b32cfd75bfce11e328
116ffd2f75cf05e9,MAPUA_TRANSACTIONAL_FSL,Transactional Filipino Sign Language Dataset/Transactional Filipino Sign Language Dataset/recorded_data/AGAIN/AGAIN_5.mp4,AGAIN,11,5d5df950c8045cdf812d77eba449bdb86ad32e499e71d4dea380ecb71e472353,PASS,development,2,source-group-116ffd2f75cf05e9,d070fdcf3abc46382729490a9b622f1ca612be561e5d19aca63b65f5fc5f0927
af61bb7c2e29f6c0,MAPUA_TRANSACTIONAL_FSL,Transactional Filipino Sign Language Dataset/Transactional Filipino Sign Language Dataset/recorded_data/AGAIN/AGAIN_6.mp4,AGAIN,11,193f54b19c91e2c4b7ae16aa039f19ca63f08dabbf80763d6d9207951279690e,PASS,development,2,source-group-af61bb7c2e29f6c0,358d1629ed64f3eabb005d913da385f5c43dfd880aca251e7913040f01de72d4
34fd2fb4a07fcf3b,MAPUA_TRANSACTIONAL_FSL,Transactional Filipino Sign Language Dataset/Transactional Filipino Sign Language Dataset/recorded_data/AGAIN/AGAIN_8.mp4,AGAIN,11,3980709f80baac61dca6f09d4af6fcfefa79e6cac68646e8c78764d2ddc3a3c4,PASS,development,3,source-group-34fd2fb4a07fcf3b,a54d086cf20567214345b804e3e3ad3ff286a144ec98c7db7600197f7f9e2d41
a1da26117099171c,MAPUA_TRANSACTIONAL_FSL,Transactional Filipino Sign Language Dataset/Transactional Filipino Sign Language Dataset/recorded_data/AGAIN/AGAIN_9.mp4,AGAIN,11,7a4947f389b3b4816f712176de9ae21195fed7ffdb0dc0c83df39f47dc7f3223,PASS,sealed_test,,source-group-a1da26117099171c,c8903f554d15a565ca8c1e932041474fe8ad35493c02f0b313aaeb9a489d3c93
6f119b6d319a1817,MAPUA_TRANSACTIONAL_FSL,Transactional Filipino Sign Language Dataset/Transactional Filipino Sign Language Dataset/recorded_data/PROBLEM/PROBLEM_10.mp4,PROBLEM,12,18de1919d248c5fd7a4dedff774b8efdff862b93f350c9039a1df55fff8cc554,PASS,development,1,source-group-6f119b6d319a1817,bac977551239fea6aaf93dc67a353ce8f7f3e725e68bfd9948ff50299d485a2c
19ca5370d31c23a3,MAPUA_TRANSACTIONAL_FSL,Transactional Filipino Sign Language Dataset/Transactional Filipino Sign Language Dataset/recorded_data/PROBLEM/PROBLEM_11.mp4,PROBLEM,12,8375ceece829c56859a17cecf370a10dab46173a660d0472bfcd9a2f3362eb98,PASS,development,0,source-group-19ca5370d31c23a3,c164ba7677bdd33dd109768975f06fb51b9832930c230a4157528788678b0b47
520cd9a4d0f55a73,MAPUA_TRANSACTIONAL_FSL,Transactional Filipino Sign Language Dataset/Transactional Filipino Sign Language Dataset/recorded_data/PROBLEM/PROBLEM_12.mp4,PROBLEM,12,54a5824c009e80765643a0e16df09b9afb95a30dc43776f643ff14528e6eea2f,PASS,sealed_test,,source-group-520cd9a4d0f55a73,c70e0c085b13a32d12c7a5089368f697561391e005a69491b28e60a22dee33b0
33d22bb110a054be,MAPUA_TRANSACTIONAL_FSL,Transactional Filipino Sign Language Dataset/Transactional Filipino Sign Language Dataset/recorded_data/PROBLEM/PROBLEM_13.mp4,PROBLEM,12,a878b6dec4aa8dd66294745f4429595e499fd55d9560c2623c88d5e51a70b7cf,PASS,sealed_test,,source-group-33d22bb110a054be,beecd24dc478ec960ff46ac8251b80a6d1b90b693cb9af99f22590d8b1262c65
630a7d107fe7deb7,MAPUA_TRANSACTIONAL_FSL,Transactional Filipino Sign Language Dataset/Transactional Filipino Sign Language Dataset/recorded_data/PROBLEM/PROBLEM_15.mp4,PROBLEM,12,52850c8ed7b061be3ae5e223ad54706093e9aabbb1a22cc121f4aece0b130254,PASS,development,0,source-group-630a7d107fe7deb7,f4d2ebdeedefe800f3e653f036b4f50b2ec46add1948f6feb2c5418579adac7c
b9e4161459612c15,MAPUA_TRANSACTIONAL_FSL,Transactional Filipino Sign Language Dataset/Transactional Filipino Sign Language Dataset/recorded_data/PROBLEM/PROBLEM_16.mp4,PROBLEM,12,ae84867d632512dcea377e89076979410488e99104d8e9c10325ca484acc7dc1,PASS,development,2,source-group-b9e4161459612c15,8cd5af1206941eb48230a144f7e284f87baaa2f68626d86daf74e3405a24e255
064aedb458ae2778,MAPUA_TRANSACTIONAL_FSL,Transactional Filipino Sign Language Dataset/Transactional Filipino Sign Language Dataset/recorded_data/PROBLEM/PROBLEM_17.mp4,PROBLEM,12,629690c978626d94d028916232f09ed22224212718066c5139e208505163d784,PASS,development,1,source-group-064aedb458ae2778,55bba1e9a088a24049d2bcb66688dda268f371e36f247e79d520035485369d19
d6dc3cf3ae8d80b0,MAPUA_TRANSACTIONAL_FSL,Transactional Filipino Sign Language Dataset/Transactional Filipino Sign Language Dataset/recorded_data/PROBLEM/PROBLEM_18.mp4,PROBLEM,12,d7635b4e39bdde00d17345e418afc87550a66b9d3845fc1f1b96a11b7f4ecd47,PASS,development,3,source-group-d6dc3cf3ae8d80b0,d9510f6d8769aa55aac79e1ea434a08bca40953fdbc33c5b0d24dc81aef0d37d
9562418539091bc8,MAPUA_TRANSACTIONAL_FSL,Transactional Filipino Sign Language Dataset/Transactional Filipino Sign Language Dataset/recorded_data/PROBLEM/PROBLEM_19.mp4,PROBLEM,12,8133c63d773ccbe8cfe6248f9dbd401443da74a1149cc63eeac8240e58e9ff03,PASS,development,0,source-group-9562418539091bc8,790831927cf4ff10c01bb3bb26bbad242121c3c1bd23e506b07a035896396a68
dd659d7f974bc7e0,MAPUA_TRANSACTIONAL_FSL,Transactional Filipino Sign Language Dataset/Transactional Filipino Sign Language Dataset/recorded_data/PROBLEM/PROBLEM_2.mp4,PROBLEM,12,c3a711934c70ac5d0569f00529ce840a44486fc4982255eb75a5c907a0536d74,PASS,sealed_test,,source-group-dd659d7f974bc7e0,ff9b8d3c1391dbc931988bd5309a0dd3fb07ca890be38a0dae2450522a8505ce
c3b342868be2455e,MAPUA_TRANSACTIONAL_FSL,Transactional Filipino Sign Language Dataset/Transactional Filipino Sign Language Dataset/recorded_data/PROBLEM/PROBLEM_20.mp4,PROBLEM,12,6fc4f66de0a62eff136c3cfecc3ea16e438498a250a173f14d4ba8ce39ecdc47,PASS,development,1,source-group-c3b342868be2455e,4aa7f9aa8b011e6f01d8c3a9b4dca985c0f2f4d26c8a29a0c940f23e9a7d0750
ab23a17c5c09f22b,MAPUA_TRANSACTIONAL_FSL,Transactional Filipino Sign Language Dataset/Transactional Filipino Sign Language Dataset/recorded_data/PROBLEM/PROBLEM_21.mp4,PROBLEM,12,811d476ef2fdd799f49fbc8b47ebb411a58161975fbde001dd394d81cf2fd875,PASS,development,2,source-group-ab23a17c5c09f22b,6390f2d642ecd6f9148f1462156d2c35a6d827a46fd3990d3ad9d0dc7b2ed5fe
87fc7365d5fdc050,MAPUA_TRANSACTIONAL_FSL,Transactional Filipino Sign Language Dataset/Transactional Filipino Sign Language Dataset/recorded_data/PROBLEM/PROBLEM_22.mp4,PROBLEM,12,952ab13a3dd54ec6ab269e2afbc88e1c95e7de9817c3b138aaedff9c6b548746,PASS,development,3,source-group-87fc7365d5fdc050,184964ca0b88e96c308945a1534fca92ea1405b4c98b64855f807ace69a6bb6a
63f93733d7daf489,MAPUA_TRANSACTIONAL_FSL,Transactional Filipino Sign Language Dataset/Transactional Filipino Sign Language Dataset/recorded_data/PROBLEM/PROBLEM_23.mp4,PROBLEM,12,da23bc3457cb15de073db3fe18077f5e5dcf257f265b5ddeff5011736585f173,PASS,development,0,source-group-63f93733d7daf489,a74bb525d4297ccd04802ad0672e2c6202b7220295bb69a1b1d6ea71a627bb8d
5e5df25f98411942,MAPUA_TRANSACTIONAL_FSL,Transactional Filipino Sign Language Dataset/Transactional Filipino Sign Language Dataset/recorded_data/PROBLEM/PROBLEM_24.mp4,PROBLEM,12,98766b0b2c3e805e14b54c9bff00f3ed78ef9c1e9b08db500655275b6c2777e6,PASS,development,0,source-group-5e5df25f98411942,c207d85856e266488ec0715e90f315a6ed7fe413599892514f03394b286c9c16
f8c7f92469690226,MAPUA_TRANSACTIONAL_FSL,Transactional Filipino Sign Language Dataset/Transactional Filipino Sign Language Dataset/recorded_data/PROBLEM/PROBLEM_25.mp4,PROBLEM,12,d085d98bcdf3655a2de60d9b9532d3895038e70f67bfae7fc5e169427d149e17,PASS,sealed_test,,source-group-f8c7f92469690226,bf9719fa861af369effe383d16a525c3919d8aa3dac8524caac2bd734d06032d
a0a7b6977fb2127e,MAPUA_TRANSACTIONAL_FSL,Transactional Filipino Sign Language Dataset/Transactional Filipino Sign Language Dataset/recorded_data/PROBLEM/PROBLEM_26.mp4,PROBLEM,12,e5626a529c30aecbb24c69f60eaee666966b8f07945ae789135ca8dc0e022d84,PASS,development,3,source-group-a0a7b6977fb2127e,d7153ddf0ea28334c12223503bfbcabc66291ffb5dfc2076feebe8d4ffaa5ed9
4c46c6ac4dd40ca5,MAPUA_TRANSACTIONAL_FSL,Transactional Filipino Sign Language Dataset/Transactional Filipino Sign Language Dataset/recorded_data/PROBLEM/PROBLEM_27.mp4,PROBLEM,12,51b9d06e09359ef1c677beb0e2482eb5d6d5a8e66d57e828acf9b7759dc999f4,PASS,development,3,source-group-4c46c6ac4dd40ca5,5fa9a3815646840e11f88ae75e8e33d8620027a403605a75bd926529c94d7365
b0174cfdc08ee028,MAPUA_TRANSACTIONAL_FSL,Transactional Filipino Sign Language Dataset/Transactional Filipino Sign Language Dataset/recorded_data/PROBLEM/PROBLEM_28.mp4,PROBLEM,12,6f930a19408aa4da46d91315e3e2dea1332d7b21577a47a0721a4033bf6fc640,PASS,development,0,source-group-b0174cfdc08ee028,9ae2c0f36d8a6d4787bbe7dde1adf97097ba9a12508b888ca511e20467f329cb
b3b895d63c46f2e5,MAPUA_TRANSACTIONAL_FSL,Transactional Filipino Sign Language Dataset/Transactional Filipino Sign Language Dataset/recorded_data/PROBLEM/PROBLEM_29.mp4,PROBLEM,12,514f61e742fe2c021c70d6911fc63252293cdd5deeae17d44244b73f6b48f247,PASS,development,3,source-group-b3b895d63c46f2e5,44552ca428a430496f983195f652f4da81a4f4f804b0134256ddba8a33133bb1
116acde4c789d175,MAPUA_TRANSACTIONAL_FSL,Transactional Filipino Sign Language Dataset/Transactional Filipino Sign Language Dataset/recorded_data/PROBLEM/PROBLEM_3.mp4,PROBLEM,12,d44a2b1f8ce377e993374d59c55fe9232b43e06d84cd3b314e4200f227f96cf5,PASS,development,2,source-group-116acde4c789d175,83245b9b7285418730f7eec956ab4b5cf1b98877c910950b40733ac0029790a2
a8224d96b4d2b356,MAPUA_TRANSACTIONAL_FSL,Transactional Filipino Sign Language Dataset/Transactional Filipino Sign Language Dataset/recorded_data/PROBLEM/PROBLEM_31.mp4,PROBLEM,12,8da196716be1a50490df0071782aed6fd0478d2126a2d4be5e8664e5e4e32a96,PASS,development,1,source-group-a8224d96b4d2b356,12da591305b24d6e97dc9e1b10181ffb33d87685922cc9ed99b8a63f60bc26f7
93662404caf2e98b,MAPUA_TRANSACTIONAL_FSL,Transactional Filipino Sign Language Dataset/Transactional Filipino Sign Language Dataset/recorded_data/PROBLEM/PROBLEM_32.mp4,PROBLEM,12,f272a1346edfff410a38faaf82869455e43a119c67b21e4968ecd430d063d038,PASS,development,0,source-group-93662404caf2e98b,e23de50c98e30873fed39fa521f07dab7cd0d9a4ca610cae637d398699840f64
f8a07462429b4634,MAPUA_TRANSACTIONAL_FSL,Transactional Filipino Sign Language Dataset/Transactional Filipino Sign Language Dataset/recorded_data/PROBLEM/PROBLEM_33.mp4,PROBLEM,12,2f5e895e5667d6058abc2166b4dbc8b0bb6baf52bcaef6b9c75c2dcd8c59caec,PASS,development,1,source-group-f8a07462429b4634,8573bff0649f76797608c9f4855611086a6621bede9e0435952237249de15b51
502726214694ac06,MAPUA_TRANSACTIONAL_FSL,Transactional Filipino Sign Language Dataset/Transactional Filipino Sign Language Dataset/recorded_data/PROBLEM/PROBLEM_34.mp4,PROBLEM,12,749fcd178bba4ba1f3a7124ac40f6d84454c773b2765950a4305882bd6a8a97d,PASS,sealed_test,,source-group-502726214694ac06,74b82f0bedf6707e2531a2d201bb2d3ffb39b2fd2c5d95dc33c1e79e09576362
03f165c721346794,MAPUA_TRANSACTIONAL_FSL,Transactional Filipino Sign Language Dataset/Transactional Filipino Sign Language Dataset/recorded_data/PROBLEM/PROBLEM_35.mp4,PROBLEM,12,07587b14bd6433ca015d3910c391f68ebb98bf8c78e0bdd1bda9c1919ed1067a,PASS,development,3,source-group-03f165c721346794,7200eb97c1d9a3f1e4592477308b880bae5fe15fc27633b99494c781d0fd0bc2
ab29f14e18a73fef,MAPUA_TRANSACTIONAL_FSL,Transactional Filipino Sign Language Dataset/Transactional Filipino Sign Language Dataset/recorded_data/PROBLEM/PROBLEM_37.mp4,PROBLEM,12,ea6c3a9c45fba06374c2ecf3f25c848df6fbc48dac88fa418f1bce9ff5780cf5,PASS,development,2,source-group-ab29f14e18a73fef,3e0126787f88ea2b18506d62782edfdf16590582801ede0e1727cd24628522e7
f8bf602b30938173,MAPUA_TRANSACTIONAL_FSL,Transactional Filipino Sign Language Dataset/Transactional Filipino Sign Language Dataset/recorded_data/PROBLEM/PROBLEM_38.mp4,PROBLEM,12,dd1edd3dbfd9dd3e04e70fb742e99f3fa762ab3ebe0ae36c2dc79c987ce2645e,PASS,development,2,source-group-f8bf602b30938173,23bc9d8b4fca835d51f294b8a83a60dd5998a9e44d7806b97a8ae1abbadc0d57
2a651769c5dd19c3,MAPUA_TRANSACTIONAL_FSL,Transactional Filipino Sign Language Dataset/Transactional Filipino Sign Language Dataset/recorded_data/PROBLEM/PROBLEM_39.mp4,PROBLEM,12,8eb7473681c08d955aae806166af6f30584490d470bf98f814c7e8786e3120c9,PASS,development,2,source-group-2a651769c5dd19c3,804febba9f7db1cb31305e719e20c139e394a0dfd5a296b5cb6fd3b56212f35a
179507214285206d,MAPUA_TRANSACTIONAL_FSL,Transactional Filipino Sign Language Dataset/Transactional Filipino Sign Language Dataset/recorded_data/PROBLEM/PROBLEM_4.mp4,PROBLEM,12,1d4d3d796effdc01224bd7745a075a9955012c59715a1cfa0b50bf601956ab01,PASS,development,3,source-group-179507214285206d,b254917df0b085db3d9fd9b08915fb469b95b2e76c3e818851eaaf2613e8d26a
f9b0e8e278738035,MAPUA_TRANSACTIONAL_FSL,Transactional Filipino Sign Language Dataset/Transactional Filipino Sign Language Dataset/recorded_data/PROBLEM/PROBLEM_40.mp4,PROBLEM,12,789c0b142ac0420026d69ca81fd0728df084607384b4940964ded33a6d6b0813,PASS,development,1,source-group-f9b0e8e278738035,f4b56d65aa7ec273a960ab1dca7919f02d6a44628f0f5c890760ff3cea752316
e9cd1843b00e8549,MAPUA_TRANSACTIONAL_FSL,Transactional Filipino Sign Language Dataset/Transactional Filipino Sign Language Dataset/recorded_data/PROBLEM/PROBLEM_41.mp4,PROBLEM,12,194d5cfa91b2916d3e95c897b8cf1b6743ea151242921fa6aac9a24b97c31439,PASS,sealed_test,,source-group-e9cd1843b00e8549,f427b802115c78bb9b939ae801cdef9a667fa02e1d0686373a2684d5faffa2b2
fb805bd23f12b08b,MAPUA_TRANSACTIONAL_FSL,Transactional Filipino Sign Language Dataset/Transactional Filipino Sign Language Dataset/recorded_data/PROBLEM/PROBLEM_42.mp4,PROBLEM,12,614b20ead967249367eb8df36f9eeabeacc2f860e1fdbf2f9aac8b524472835d,PASS,development,1,source-group-fb805bd23f12b08b,81c9d7f137ad70b4d4b4c7b10f87a1d7abe14eab14f16df69159793c29218a42
a0ce325b874d2a84,MAPUA_TRANSACTIONAL_FSL,Transactional Filipino Sign Language Dataset/Transactional Filipino Sign Language Dataset/recorded_data/PROBLEM/PROBLEM_5.mp4,PROBLEM,12,57d2fcce3f4afd9f940985fb0f96f33a9d709a045f818ad1e0c6ef9883348e96,PASS,development,2,source-group-a0ce325b874d2a84,413ad4914a40e8192e1be6a8f203ab62e6490608e17f2e89afcbadda614c313d
4864d2789bd2751a,MAPUA_TRANSACTIONAL_FSL,Transactional Filipino Sign Language Dataset/Transactional Filipino Sign Language Dataset/recorded_data/PROBLEM/PROBLEM_6.mp4,PROBLEM,12,0643f990ea4f9e981cd56e59e72cbfbef98ca72518c2be61acd1ef2f3769d85d,PASS,development,2,source-group-4864d2789bd2751a,45aba415f132e5b54e8386c33d9e621792377ac10db97fab9f83569c11b4ac64
2e25cdd11a983508,MAPUA_TRANSACTIONAL_FSL,Transactional Filipino Sign Language Dataset/Transactional Filipino Sign Language Dataset/recorded_data/PROBLEM/PROBLEM_7.mp4,PROBLEM,12,1026f619a97f73cca26f173420d16ee7df98b1e2e5ed516d6644d166a690bda6,PASS,development,0,source-group-2e25cdd11a983508,11e31dc9b67b60e44c1bcde7ccd9ba8a3a00dcd3caf675a21f70a8db7cca9bac
f9b1f28dc5d75efe,MAPUA_TRANSACTIONAL_FSL,Transactional Filipino Sign Language Dataset/Transactional Filipino Sign Language Dataset/recorded_data/PROBLEM/PROBLEM_8.mp4,PROBLEM,12,1a55f78abdff8272c20aff8ac9455be6224ff95ab167c7b93231669052b86148,PASS,development,1,source-group-f9b1f28dc5d75efe,9c2c9d471a608d9fe62921ba92228cb3084ec7c1fc05f948d7b05b6b64d64e4e
ea34980c52578e54,MAPUA_TRANSACTIONAL_FSL,Transactional Filipino Sign Language Dataset/Transactional Filipino Sign Language Dataset/recorded_data/PROBLEM/PROBLEM_9.mp4,PROBLEM,12,4106176f835e98c9ba55ca6f375b4f61bafe496e0062fb7b1173e7e242d30069,PASS,development,3,source-group-ea34980c52578e54,9d4ca61375cb5f7ccd274517a6a73a6c9427ae4b328b40b175e9b7544ebc91e3
7043285acbd9d450,MAPUA_TRANSACTIONAL_FSL,Transactional Filipino Sign Language Dataset/Transactional Filipino Sign Language Dataset/recorded_data/COIN/COIN_10.mp4,COIN,13,32c379815c81aa57229759fb0c0ed05c5c10148d9dfe90a2ec8bb04b1027891c,PASS,development,3,source-group-7043285acbd9d450,1ad963e95834f650e64dbd12c148fbb556ea6bbdbbff4adc2e58c7fd8059d844
36bc7a69646cb63b,MAPUA_TRANSACTIONAL_FSL,Transactional Filipino Sign Language Dataset/Transactional Filipino Sign Language Dataset/recorded_data/COIN/COIN_11.mp4,COIN,13,3c051d60c05cbb54e7a8802dfe091e10af4d7cfacb9d42dba5d6e29823c3ab76,PASS,development,2,source-group-36bc7a69646cb63b,07291af10f0b64ab8305cd00650d80e51385a3ca5fadb535afa6ee59ddc35260
7f502aa9844f8a3d,MAPUA_TRANSACTIONAL_FSL,Transactional Filipino Sign Language Dataset/Transactional Filipino Sign Language Dataset/recorded_data/COIN/COIN_13.mp4,COIN,13,fdd3aba14d11be65ae558b28b6217126534eb15780d2e03a938ed702c92a6364,PASS,sealed_test,,source-group-7f502aa9844f8a3d,87391dcc69be806866484a808cd92c8a2c3bc22f1127d1d794f5f7789adb1785
8b49454f95776c82,MAPUA_TRANSACTIONAL_FSL,Transactional Filipino Sign Language Dataset/Transactional Filipino Sign Language Dataset/recorded_data/COIN/COIN_14.mp4,COIN,13,45d71a811b71fbd0db85570bf95859e274b384f6b0cfd7cefaece7fbee2e06d7,PASS,development,0,source-group-8b49454f95776c82,fb8b64d0758d3a502c003cdc52928dec03fe952a9e9c96ed554e5c1f92a85aa8
10d9635c3d0926f8,MAPUA_TRANSACTIONAL_FSL,Transactional Filipino Sign Language Dataset/Transactional Filipino Sign Language Dataset/recorded_data/COIN/COIN_17.mp4,COIN,13,b1d5741fd0c62c62a9c143f7e41259c0ddec27f722ec9696211847dc4333e806,PASS,development,0,source-group-10d9635c3d0926f8,68842fa2cccc75989d19d3360b672550f5f3d8e60e272fcd1a157fb1990fa825
d409d8b9f00f69d3,MAPUA_TRANSACTIONAL_FSL,Transactional Filipino Sign Language Dataset/Transactional Filipino Sign Language Dataset/recorded_data/COIN/COIN_18.mp4,COIN,13,6fb609412dab17503f0c23014b340da1246c5dce8ac990e53adb31654062b2b0,PASS,development,1,source-group-d409d8b9f00f69d3,0ee96c97a02e761fea553e917eadee8f40f3b1fbfb35096a51c5614d5cc10be4
54466c5bc5eceae2,MAPUA_TRANSACTIONAL_FSL,Transactional Filipino Sign Language Dataset/Transactional Filipino Sign Language Dataset/recorded_data/COIN/COIN_19.mp4,COIN,13,7b74548c4da6de105ba2460a16b2685e335a3a633bcb7ecdaafc6a304f021261,PASS,development,3,source-group-54466c5bc5eceae2,2a7bd26bcf6b5dccdd184c2f1fc0d79e6260770640996b224ec6b65a8a95945a
debc4f430b2722e1,MAPUA_TRANSACTIONAL_FSL,Transactional Filipino Sign Language Dataset/Transactional Filipino Sign Language Dataset/recorded_data/COIN/COIN_20.mp4,COIN,13,a247e23cec9a89b2b5097bc5188fa5021aae976708845d4fb0a77e387b45144a,PASS,development,0,source-group-debc4f430b2722e1,ed65c345f249f1d8cdf65d6c38c0854fdc46fa038c49b36ae101b4d9af3b9f6c
e5a8ae58443bc2f0,MAPUA_TRANSACTIONAL_FSL,Transactional Filipino Sign Language Dataset/Transactional Filipino Sign Language Dataset/recorded_data/COIN/COIN_21.mp4,COIN,13,675bf2bd3804ac64617637bf28cb0a171ebc7fd5d7a9496eac94094f53def618,PASS,development,1,source-group-e5a8ae58443bc2f0,8990f2969eb6f7ac64d781ffba83cbebfb4722e16d29999b9275e1601b4ac823
1030f900745f3132,MAPUA_TRANSACTIONAL_FSL,Transactional Filipino Sign Language Dataset/Transactional Filipino Sign Language Dataset/recorded_data/COIN/COIN_22.mp4,COIN,13,fafd66c798d387dc798b6c4a9d4e2920d38ff4e11b8e65cfa580fb2127e3ca7c,PASS,development,1,source-group-1030f900745f3132,4a78990207642c011424d5302e84d54b0cf0b2f0ed9c12c012864eda06c1e8eb
03079062a1ba8ddc,MAPUA_TRANSACTIONAL_FSL,Transactional Filipino Sign Language Dataset/Transactional Filipino Sign Language Dataset/recorded_data/COIN/COIN_23.mp4,COIN,13,a659e651e5851cd9b4661aadf7120bd7b3ff4e27d7e834cbb106d615fa9fc8ba,PASS,development,1,source-group-03079062a1ba8ddc,d1328ae2a249a031dd3f1229851944de63e4429668fba89022aac8da60800729
18fe4381e298842e,MAPUA_TRANSACTIONAL_FSL,Transactional Filipino Sign Language Dataset/Transactional Filipino Sign Language Dataset/recorded_data/COIN/COIN_24.mp4,COIN,13,683eba773ca40030b7e5a0ba5b23c6e979329daf637dd745c1ca031bbacb1d99,PASS,development,0,source-group-18fe4381e298842e,d4adeb9fc020c39bcff445a1fedf76af0dee9fe73e7998147dfa096b1aee879c
5caed9e2a10a0cfc,MAPUA_TRANSACTIONAL_FSL,Transactional Filipino Sign Language Dataset/Transactional Filipino Sign Language Dataset/recorded_data/COIN/COIN_29.mp4,COIN,13,b38e4d5161108416e37fd2ea7b3449ab4586d18c245f0271f41debff2875fa91,PASS,development,0,source-group-5caed9e2a10a0cfc,a9dff836d192df2b2013a00f4a6a6dd8b4efe05c97194b83204a9b6be96fde0f
3991ba73628b0bca,MAPUA_TRANSACTIONAL_FSL,Transactional Filipino Sign Language Dataset/Transactional Filipino Sign Language Dataset/recorded_data/COIN/COIN_3.mp4,COIN,13,64cb46dae299212888021f7ff14bef3b5cbf9e2deba350af0ab812bf34668945,PASS,development,2,source-group-3991ba73628b0bca,ad11ca3dddc4a0c3e38ad4d53036702851fb50f9f4db711a69c4c189edc185fd
d3734dc06621d2c3,MAPUA_TRANSACTIONAL_FSL,Transactional Filipino Sign Language Dataset/Transactional Filipino Sign Language Dataset/recorded_data/COIN/COIN_31.mp4,COIN,13,fb29bec4f56ca7607e1e7ad476beb6e3aef003799fc3a873b4a273323c02345e,PASS,development,3,source-group-d3734dc06621d2c3,38ff5acb402f58b94faeffa8675a0e18213469dd28adfc31ea3c0315fa5b0cac
d0d869135aa3c15b,MAPUA_TRANSACTIONAL_FSL,Transactional Filipino Sign Language Dataset/Transactional Filipino Sign Language Dataset/recorded_data/COIN/COIN_32.mp4,COIN,13,413f76ae180f775be574b45ba41a42be8d4a7007a02ce8feb9ffa3bede8a9b54,PASS,development,3,source-group-d0d869135aa3c15b,187c80ccda22932d824b2aebd7128118fbb0ff0cec2f5f0ef92fda88b2c90be7
8fe1a266c7d6ee64,MAPUA_TRANSACTIONAL_FSL,Transactional Filipino Sign Language Dataset/Transactional Filipino Sign Language Dataset/recorded_data/COIN/COIN_35.mp4,COIN,13,99f6045b80dbd3d117d0384c21b459ea1ff46a3622703cd78fea8daeec6659b9,PASS,sealed_test,,source-group-8fe1a266c7d6ee64,e737fc365d9d2c81e63463a01e364a66ed54734342f680272f8ace48062a069e
17caff6cb43e2dc0,MAPUA_TRANSACTIONAL_FSL,Transactional Filipino Sign Language Dataset/Transactional Filipino Sign Language Dataset/recorded_data/COIN/COIN_38.mp4,COIN,13,3eff18a9ea7343f1d843c49571e086e70f55edfecd69f04359b764fd98bc5353,PASS,development,2,source-group-17caff6cb43e2dc0,24553e126642c87f2b9e9e4b251ac43581448414f9c74b81ff86ac45ed1111bb
f518a2ddb62e77e4,MAPUA_TRANSACTIONAL_FSL,Transactional Filipino Sign Language Dataset/Transactional Filipino Sign Language Dataset/recorded_data/COIN/COIN_39.mp4,COIN,13,4b5ada07fe1ed6ca282199eb3f22b1546167e8b0e00c121c8999da0080f75d3f,PASS,development,3,source-group-f518a2ddb62e77e4,1d3b1509bda53b8cf93643aaa81c4126421297a01ca3947d17dee0dbaed7b3af
df86db58f660209c,MAPUA_TRANSACTIONAL_FSL,Transactional Filipino Sign Language Dataset/Transactional Filipino Sign Language Dataset/recorded_data/COIN/COIN_40.mp4,COIN,13,2c31e349aa2a76b562ef2e982cde751fedd02149ab9e0cf380622f82647431d8,PASS,development,1,source-group-df86db58f660209c,ac5d42e954997bbbdf1b948d1e10f9b216d59235986eb77cfc5db36cd1daad0a
f1001b2f77d9ac55,MAPUA_TRANSACTIONAL_FSL,Transactional Filipino Sign Language Dataset/Transactional Filipino Sign Language Dataset/recorded_data/COIN/COIN_41.mp4,COIN,13,279d958443b5652173e40639393991253d3f01f77f4551e92abfdc3e9d86c045,PASS,development,3,source-group-f1001b2f77d9ac55,2af6a45510703fdb0cca006d3845c311f1d390af37ff01cb2670fcaa9cd4b444
119a0bb5bc0c038d,MAPUA_TRANSACTIONAL_FSL,Transactional Filipino Sign Language Dataset/Transactional Filipino Sign Language Dataset/recorded_data/COIN/COIN_42.mp4,COIN,13,8f653aff8e08b5bb1eb6af1314dc3d6c6351f4f79a9ffcf74e194479a206c6f8,PASS,development,2,source-group-119a0bb5bc0c038d,7f87b012f12535776508472593d4cda2094860d661bec0b375a16e2e9889a501
1ea887163789dc7b,MAPUA_TRANSACTIONAL_FSL,Transactional Filipino Sign Language Dataset/Transactional Filipino Sign Language Dataset/recorded_data/COIN/COIN_43.mp4,COIN,13,16aa5a1c4d52e076cf620c7ba47609def07480aea6aedf6dd126eacb32b1a94a,PASS,development,1,source-group-1ea887163789dc7b,6b26b7160aaab4cdf868f815d3124e4ad2db569435fa4af0ee8f09023e47512c
3af4843392781864,MAPUA_TRANSACTIONAL_FSL,Transactional Filipino Sign Language Dataset/Transactional Filipino Sign Language Dataset/recorded_data/COIN/COIN_44.mp4,COIN,13,bb958bffe41c755a194f698e0052d44b7f93a6c79763a9f7387991118211cc1e,PASS,sealed_test,,source-group-3af4843392781864,f0bfb5611dccd4d07c3fcd6535ccab7a4088bf03577d0d76eeb5db9dad5d1182
a59864525e8dcf7d,MAPUA_TRANSACTIONAL_FSL,Transactional Filipino Sign Language Dataset/Transactional Filipino Sign Language Dataset/recorded_data/COIN/COIN_6.mp4,COIN,13,7e7d7022e1b3ad458dfc6d31fc95758a513cc98d4dd3db4392c75798ebd8d6cd,PASS,development,2,source-group-a59864525e8dcf7d,0a230a6a4223bfce1912c56831f45089220263373978018730ab9be4afba76fd
1a1e7110e75e6f18,MAPUA_TRANSACTIONAL_FSL,Transactional Filipino Sign Language Dataset/Transactional Filipino Sign Language Dataset/recorded_data/COIN/COIN_7.mp4,COIN,13,2297699579bb08d466187641a6b76922fff0fe4cd218a2c8326847fd9a7fe465,PASS,development,0,source-group-1a1e7110e75e6f18,319a47375a3f8e9ca8dbc5bde79b3f49ef08edeaf1a60c3dfb20dfd7c02179e0
0aa30d284cb5bcf9,MAPUA_TRANSACTIONAL_FSL,Transactional Filipino Sign Language Dataset/Transactional Filipino Sign Language Dataset/recorded_data/COIN/COIN_8.mp4,COIN,13,cd385b13eb73050c7e762f3095851548bec06116b0ad5c5be2ca521705ef8f28,PASS,sealed_test,,source-group-0aa30d284cb5bcf9,2fd1e5fd0fca5bfa40e61de6f723834badacbdf64abf23160db89aad831ba175
45f4514c42388f70,MAPUA_TRANSACTIONAL_FSL,Transactional Filipino Sign Language Dataset/Transactional Filipino Sign Language Dataset/recorded_data/DISCOUNT/DISCOUNT_10.mp4,DISCOUNT,14,99374cadecac69e58788739fb3645c20c28e7a92fc4b03e115c0d86f73b3aa94,PASS,development,3,source-group-45f4514c42388f70,7528db7b6482ece689866d4ea528cee959b7825debe6e781c333bb79ae6eef08
d57277ad7099edb4,MAPUA_TRANSACTIONAL_FSL,Transactional Filipino Sign Language Dataset/Transactional Filipino Sign Language Dataset/recorded_data/DISCOUNT/DISCOUNT_11.mp4,DISCOUNT,14,8fbc022e4edddaa67889ebeea362d9be1da9f5566b99e62093f29b4879eac068,PASS,development,0,source-group-d57277ad7099edb4,452e0470b214d23f8ed99d43c011bb6257ffa89f605016cab1b1c80b36bcf7a4
8788890b2e76b42f,MAPUA_TRANSACTIONAL_FSL,Transactional Filipino Sign Language Dataset/Transactional Filipino Sign Language Dataset/recorded_data/DISCOUNT/DISCOUNT_12.mp4,DISCOUNT,14,2c7d54451f3e825e8c4ec341469796c9e6118baa32802c8c470594bb41b88b82,PASS,development,2,source-group-8788890b2e76b42f,6deec87ef4efa2ed00bcc8fc220d1508d2a1b36f465c284cb38814900441716d
702fab7b3695b8b8,MAPUA_TRANSACTIONAL_FSL,Transactional Filipino Sign Language Dataset/Transactional Filipino Sign Language Dataset/recorded_data/DISCOUNT/DISCOUNT_13.mp4,DISCOUNT,14,ff986ecb1ccdbbde6d12d2b5030e7f3110774cdba89015a517232b2e135f9dfc,PASS,development,2,source-group-702fab7b3695b8b8,647f658dc071ac78f6b23179dca3364e146fcfce4d3727e8ea299a6a0daa7d82
172ac70d62b7ea56,MAPUA_TRANSACTIONAL_FSL,Transactional Filipino Sign Language Dataset/Transactional Filipino Sign Language Dataset/recorded_data/DISCOUNT/DISCOUNT_14.mp4,DISCOUNT,14,2c07387214747a81a11307a336af37ac9fbc4c8d7a7415e807dc3a94d46fafef,PASS,sealed_test,,source-group-172ac70d62b7ea56,ee012cbb6f0fa225ebae4f477b585efec7e975405ed9efe7e9ff09df81d5c256
e3e78cabeca884cf,MAPUA_TRANSACTIONAL_FSL,Transactional Filipino Sign Language Dataset/Transactional Filipino Sign Language Dataset/recorded_data/DISCOUNT/DISCOUNT_15.mp4,DISCOUNT,14,5f28c6ee63e6d6a17b613d297b9068be27c16ca66a714acda43c2b2fb6f34b47,PASS,development,3,source-group-e3e78cabeca884cf,204e95c927a232e699e537984caeca51b822355b9fd61e4d5749a62d8d3e6d1a
ab1ce00a1f182720,MAPUA_TRANSACTIONAL_FSL,Transactional Filipino Sign Language Dataset/Transactional Filipino Sign Language Dataset/recorded_data/DISCOUNT/DISCOUNT_17.mp4,DISCOUNT,14,a1ac50b622783517db8c11e95380ae5531e7cdb178e73cadf63f45620155c56e,PASS,sealed_test,,source-group-ab1ce00a1f182720,9dcb1c64f5bd9eb56fc09cec8a6ffddf413bded27bebcd06fadfa2be7d18a039
b7618aa120d30207,MAPUA_TRANSACTIONAL_FSL,Transactional Filipino Sign Language Dataset/Transactional Filipino Sign Language Dataset/recorded_data/DISCOUNT/DISCOUNT_18.mp4,DISCOUNT,14,29f9fc761d49b2cd4522a77031897e0dbcf19f1d7ba913aeb01a22e6b664a4e8,PASS,development,1,source-group-b7618aa120d30207,ea40935d84ac88d683f884f4a0e57334d7279e31d4d1e698d01872808b1ea99c
3c2ba9191c6d7107,MAPUA_TRANSACTIONAL_FSL,Transactional Filipino Sign Language Dataset/Transactional Filipino Sign Language Dataset/recorded_data/DISCOUNT/DISCOUNT_19.mp4,DISCOUNT,14,ede03b31e95270f8a2548e488de6024f11179a3e8998d7fa8f49de23e53e3b3d,PASS,development,2,source-group-3c2ba9191c6d7107,a823a10ddd025f955aa31fe828736ef76e022f5c8e4eb3f6ef03fc3f3e89564f
e1620cd422358114,MAPUA_TRANSACTIONAL_FSL,Transactional Filipino Sign Language Dataset/Transactional Filipino Sign Language Dataset/recorded_data/DISCOUNT/DISCOUNT_20.mp4,DISCOUNT,14,44062bfbc9b4d976a4934f41d8a076ca4949ca12ebff569fa7972c3f64043ea6,PASS,development,0,source-group-e1620cd422358114,68d4b52cc10f0bd17c9f4e74786f9be09a21d71d6126cdf3f364c1e62b8b958e
2ad85e392e9eb394,MAPUA_TRANSACTIONAL_FSL,Transactional Filipino Sign Language Dataset/Transactional Filipino Sign Language Dataset/recorded_data/DISCOUNT/DISCOUNT_21.mp4,DISCOUNT,14,bb25ffed74256736faac513a4b56dc7ddabb0a9af812a5eda2cf981bf3b07f16,PASS,development,3,source-group-2ad85e392e9eb394,b6f18d1ed087473bb1153f164828f64ec329e60e236f75d2a5bc8d0365d8c042
c03d4cf76ccf7761,MAPUA_TRANSACTIONAL_FSL,Transactional Filipino Sign Language Dataset/Transactional Filipino Sign Language Dataset/recorded_data/DISCOUNT/DISCOUNT_22.mp4,DISCOUNT,14,9cf85e680cd57899458f256eba4fbd8aedab0a63faff05774f0dcde0fea24913,PASS,sealed_test,,source-group-c03d4cf76ccf7761,484bb971cf19a02e2086008a455d7f6016c369f7f4d3e58e2130fa486704e233
ba790990bb72ad60,MAPUA_TRANSACTIONAL_FSL,Transactional Filipino Sign Language Dataset/Transactional Filipino Sign Language Dataset/recorded_data/DISCOUNT/DISCOUNT_23.mp4,DISCOUNT,14,386bdfcc7772d2f5657d4c082847c1e79a2c4412852ab35d146c217cb5f15a30,PASS,development,2,source-group-ba790990bb72ad60,0cdc18791e4bcda6c51ba64ab743f95626b7dbc2d256ad8834b944a2d9cc2b8e
babab00166608ef7,MAPUA_TRANSACTIONAL_FSL,Transactional Filipino Sign Language Dataset/Transactional Filipino Sign Language Dataset/recorded_data/DISCOUNT/DISCOUNT_25.mp4,DISCOUNT,14,dae818b860bd70fb3a32b1c0a411589e343764e52b08bdb07052d3bd5ebc1888,PASS,development,3,source-group-babab00166608ef7,df74ff664cb4f3c5238ff2a6f9b2cb114f0f9471aae384ab985a249f2fd2391c
627a8f94002e07b8,MAPUA_TRANSACTIONAL_FSL,Transactional Filipino Sign Language Dataset/Transactional Filipino Sign Language Dataset/recorded_data/DISCOUNT/DISCOUNT_27.mp4,DISCOUNT,14,0be7a61fc7cc9bd6fcbf56be44e3cae57d5f95137670c891a5eb0fcd786976b5,PASS,development,1,source-group-627a8f94002e07b8,c407cdb191ab22dfb26568456d4fbbe97107e205a35ec593a7875e2be25113dd
f336142612d7771f,MAPUA_TRANSACTIONAL_FSL,Transactional Filipino Sign Language Dataset/Transactional Filipino Sign Language Dataset/recorded_data/DISCOUNT/DISCOUNT_29.mp4,DISCOUNT,14,8cb1407a6bec0508bb7ce35a61b4b3cbf48e5f528d3f1e51cb88f68456f5daad,PASS,development,3,source-group-f336142612d7771f,15d90ebce5246600cc5b35110eb2f03af86578f7c7a8e9fadf02d771f83f89c5
70860343a6969762,MAPUA_TRANSACTIONAL_FSL,Transactional Filipino Sign Language Dataset/Transactional Filipino Sign Language Dataset/recorded_data/DISCOUNT/DISCOUNT_30.mp4,DISCOUNT,14,b025b68f816c53a458409b8015ad3aaa691a1f418425deb3de47575530cc985c,PASS,development,0,source-group-70860343a6969762,b37ea51e5643d06ff1d4631f1c3dfb101614190023a4be1cab8011831c64f7c9
c171666bdedc5cff,MAPUA_TRANSACTIONAL_FSL,Transactional Filipino Sign Language Dataset/Transactional Filipino Sign Language Dataset/recorded_data/DISCOUNT/DISCOUNT_33.mp4,DISCOUNT,14,0b1e95e97218426e2e0ea648f7ee64acd36874dca2f91c3909fbbe8cd77de2fc,PASS,development,1,source-group-c171666bdedc5cff,776924adf6d06db5b77ede4a3f67ab10d2756505424f0863d02ec06d051754a1
5b2750bd22d99d85,MAPUA_TRANSACTIONAL_FSL,Transactional Filipino Sign Language Dataset/Transactional Filipino Sign Language Dataset/recorded_data/DISCOUNT/DISCOUNT_35.mp4,DISCOUNT,14,6faa53932983ae184749944b07e1405bf7178e0e4c3369c12341841078f567b0,PASS,development,2,source-group-5b2750bd22d99d85,79381fc64ceb11f8caaf9b7556bb1a8a5e0ec6dc8083d26d64e034cdd6ad0242
10d83458efa471b0,MAPUA_TRANSACTIONAL_FSL,Transactional Filipino Sign Language Dataset/Transactional Filipino Sign Language Dataset/recorded_data/DISCOUNT/DISCOUNT_41.mp4,DISCOUNT,14,5352989852fccc6f5dfc25b4f06834b30344022157c3a5573e2dd9139f80770f,PASS,development,1,source-group-10d83458efa471b0,4aa9b37eed35f8ae60954f8c11c12d1ccad12c69c9b0b8b21c100f7dfcdbf9c4
1b0fb47caca83fef,MAPUA_TRANSACTIONAL_FSL,Transactional Filipino Sign Language Dataset/Transactional Filipino Sign Language Dataset/recorded_data/DISCOUNT/DISCOUNT_42.mp4,DISCOUNT,14,21c555a9557473d4368e81c532c5d1afe3490de09a54a53e5d7a71ec299832a4,PASS,development,0,source-group-1b0fb47caca83fef,907aaf1fbd3d4a7e7cae3e1dd80ae99618a2f37c74e6b380d49db435de3f28ad
75fc8a0fa3f85e01,MAPUA_TRANSACTIONAL_FSL,Transactional Filipino Sign Language Dataset/Transactional Filipino Sign Language Dataset/recorded_data/DISCOUNT/DISCOUNT_43.mp4,DISCOUNT,14,61363ef06339103b482c817838a02a1a97088b1c69297dbdb811ae365de31945,PASS,development,3,source-group-75fc8a0fa3f85e01,eb26397befccd440ebf5258aafe41781450d395041ac311529252a4e5b53df92
94619d1c1b48cec3,MAPUA_TRANSACTIONAL_FSL,Transactional Filipino Sign Language Dataset/Transactional Filipino Sign Language Dataset/recorded_data/DISCOUNT/DISCOUNT_44.mp4,DISCOUNT,14,8e63bff716a024ab8eaf00eed3764070bd39ddf78a677818f8ffb01beb772ea7,PASS,development,0,source-group-94619d1c1b48cec3,2134e9eacb6a599edc2f9e969bb6dc38b4f4c1aca19100250965c7d6b0d3fa1d
46348e28c40fcc07,MAPUA_TRANSACTIONAL_FSL,Transactional Filipino Sign Language Dataset/Transactional Filipino Sign Language Dataset/recorded_data/DISCOUNT/DISCOUNT_5.mp4,DISCOUNT,14,ec6e65677f7b6e8cd2668c3a6868f68165e2d6f2234c4af23c615ae55ee63f6b,PASS,development,0,source-group-46348e28c40fcc07,3e1ca6cc346a6e591155788a342b98d7d610a1a3098d508c645186f23883443f
2ee8942d3ebba720,MAPUA_TRANSACTIONAL_FSL,Transactional Filipino Sign Language Dataset/Transactional Filipino Sign Language Dataset/recorded_data/DISCOUNT/DISCOUNT_6.mp4,DISCOUNT,14,64bc352ecd4c6a5d3b397ff5be7153c0639f23bb9848f5733ff55f936d2f784c,PASS,development,1,source-group-2ee8942d3ebba720,b7537ad266341e34e921f1b11643579af1e1d190455c01536b64973cd36ecbba
c5ba8da492d5261a,MAPUA_TRANSACTIONAL_FSL,Transactional Filipino Sign Language Dataset/Transactional Filipino Sign Language Dataset/recorded_data/DISCOUNT/DISCOUNT_7.mp4,DISCOUNT,14,c62542ee0934e565a6b76b85e272d8f726d42e3a7a4b8b4589635788c640b75c,PASS,sealed_test,,source-group-c5ba8da492d5261a,0da6c459934c5c940248bab05d336ddea42859a62477c1bd7244a8b931379cea
178d0f6b56203600,MAPUA_TRANSACTIONAL_FSL,Transactional Filipino Sign Language Dataset/Transactional Filipino Sign Language Dataset/recorded_data/DISCOUNT/DISCOUNT_8.mp4,DISCOUNT,14,4efae210da1e07c7c6d0e085f999ca3bcb62d4d35ec27295eaf600a4b5fdf532,PASS,development,1,source-group-178d0f6b56203600,e1ff4b5843d83aa37a7590e3dee9225709c1b3aa8988db1ca9fca5147efe8dd2
f15ed18d2af04830,MAPUA_TRANSACTIONAL_FSL,Transactional Filipino Sign Language Dataset/Transactional Filipino Sign Language Dataset/recorded_data/DISCOUNT/DISCOUNT_9.mp4,DISCOUNT,14,e5a09ebdc744a8221f7c499bf5f9a9ca10cc2c385e96c6ffc2c02af00c2d97d7,PASS,development,2,source-group-f15ed18d2af04830,336fade869d1495044837aed1c323c6a64747270a23d2ebe193cb1fbe8d27c74
