video_path,label,total_frames,left_present_frames,right_present_frames,both_present_frames,left_presence_ratio,right_presence_ratio,both_presence_ratio,left_motion_total,right_motion_total,left_motion_mean,right_motion_mean,dominant_hand,non_dominant_presence_ratio,non_dominant_motion_ratio,classification
C:\BSIT 3RD YEAR\New VovGest\FSL-105 A dataset for recognizing 105 Filipino sign language videos\FSL-105 A dataset for recognizing 105 Filipino sign language videos\clips\clips\0\0.MOV,DEAF BLIND,245,1,144,0,0.004082,0.587755,0.0,0.0,0.866933,0.0,0.006062,RIGHT,0.004082,0.0,ONE_HANDED
C:\BSIT 3RD YEAR\New VovGest\FSL-105 A dataset for recognizing 105 Filipino sign language videos\FSL-105 A dataset for recognizing 105 Filipino sign language videos\clips\clips\0\1.MOV,FEBRUARY,244,0,121,0,0.0,0.495902,0.0,0.0,0.894889,0.0,0.007457,RIGHT,0.0,0.0,ONE_HANDED
C:\BSIT 3RD YEAR\New VovGest\FSL-105 A dataset for recognizing 105 Filipino sign language videos\FSL-105 A dataset for recognizing 105 Filipino sign language videos\clips\clips\0\10.MOV,YESTERDAY,245,0,108,0,0.0,0.440816,0.0,0.0,0.953973,0.0,0.008916,RIGHT,0.0,0.0,AMBIGUOUS
C:\BSIT 3RD YEAR\New VovGest\FSL-105 A dataset for recognizing 105 Filipino sign language videos\FSL-105 A dataset for recognizing 105 Filipino sign language videos\clips\clips\0\11.MOV,DON’T KNOW,244,0,113,0,0.0,0.463115,0.0,0.0,0.846772,0.0,0.007629,RIGHT,0.0,0.0,ONE_HANDED
C:\BSIT 3RD YEAR\New VovGest\FSL-105 A dataset for recognizing 105 Filipino sign language videos\FSL-105 A dataset for recognizing 105 Filipino sign language videos\clips\clips\0\12.MOV,WEDNESDAY,244,0,106,0,0.0,0.434426,0.0,0.0,0.900863,0.0,0.008662,RIGHT,0.0,0.0,AMBIGUOUS
C:\BSIT 3RD YEAR\New VovGest\FSL-105 A dataset for recognizing 105 Filipino sign language videos\FSL-105 A dataset for recognizing 105 Filipino sign language videos\clips\clips\0\13.MOV,UNDERSTAND,244,0,111,0,0.0,0.454918,0.0,0.0,0.844348,0.0,0.007746,RIGHT,0.0,0.0,ONE_HANDED
C:\BSIT 3RD YEAR\New VovGest\FSL-105 A dataset for recognizing 105 Filipino sign language videos\FSL-105 A dataset for recognizing 105 Filipino sign language videos\clips\clips\0\14.MOV,HARD OF HEARING,244,0,100,0,0.0,0.409836,0.0,0.0,0.797776,0.0,0.008058,RIGHT,0.0,0.0,AMBIGUOUS
C:\BSIT 3RD YEAR\New VovGest\FSL-105 A dataset for recognizing 105 Filipino sign language videos\FSL-105 A dataset for recognizing 105 Filipino sign language videos\clips\clips\0\15.MOV,NOVEMBER,244,0,102,0,0.0,0.418033,0.0,0.0,0.979027,0.0,0.009693,RIGHT,0.0,0.0,AMBIGUOUS
C:\BSIT 3RD YEAR\New VovGest\FSL-105 A dataset for recognizing 105 Filipino sign language videos\FSL-105 A dataset for recognizing 105 Filipino sign language videos\clips\clips\0\16.MOV,BLIND,244,0,111,0,0.0,0.454918,0.0,0.0,0.575257,0.0,0.005278,RIGHT,0.0,0.0,ONE_HANDED
C:\BSIT 3RD YEAR\New VovGest\FSL-105 A dataset for recognizing 105 Filipino sign language videos\FSL-105 A dataset for recognizing 105 Filipino sign language videos\clips\clips\0\17.MOV,COLD,244,0,117,0,0.0,0.479508,0.0,0.0,0.817568,0.0,0.007109,RIGHT,0.0,0.0,ONE_HANDED
C:\BSIT 3RD YEAR\New VovGest\FSL-105 A dataset for recognizing 105 Filipino sign language videos\FSL-105 A dataset for recognizing 105 Filipino sign language videos\clips\clips\0\18.MOV,GREEN,244,0,124,0,0.0,0.508197,0.0,0.0,1.017141,0.0,0.008476,RIGHT,0.0,0.0,ONE_HANDED
C:\BSIT 3RD YEAR\New VovGest\FSL-105 A dataset for recognizing 105 Filipino sign language videos\FSL-105 A dataset for recognizing 105 Filipino sign language videos\clips\clips\0\19.MOV,IM FINE,244,0,106,0,0.0,0.434426,0.0,0.0,0.935305,0.0,0.008908,RIGHT,0.0,0.0,AMBIGUOUS
C:\BSIT 3RD YEAR\New VovGest\FSL-105 A dataset for recognizing 105 Filipino sign language videos\FSL-105 A dataset for recognizing 105 Filipino sign language videos\clips\clips\0\2.MOV,JUNE,244,0,117,0,0.0,0.479508,0.0,0.0,0.86461,0.0,0.007454,RIGHT,0.0,0.0,ONE_HANDED
C:\BSIT 3RD YEAR\New VovGest\FSL-105 A dataset for recognizing 105 Filipino sign language videos\FSL-105 A dataset for recognizing 105 Filipino sign language videos\clips\clips\0\3.MOV,FATHER,244,29,121,29,0.118852,0.495902,0.118852,0.133686,0.859215,0.005142,0.00716,RIGHT,0.118852,0.155591,ONE_HANDED
C:\BSIT 3RD YEAR\New VovGest\FSL-105 A dataset for recognizing 105 Filipino sign language videos\FSL-105 A dataset for recognizing 105 Filipino sign language videos\clips\clips\0\4.MOV,MOTHER,244,0,114,0,0.0,0.467213,0.0,0.0,0.801904,0.0,0.007096,RIGHT,0.0,0.0,ONE_HANDED
C:\BSIT 3RD YEAR\New VovGest\FSL-105 A dataset for recognizing 105 Filipino sign language videos\FSL-105 A dataset for recognizing 105 Filipino sign language videos\clips\clips\0\5.MOV,UNDERSTAND,245,0,102,0,0.0,0.416327,0.0,0.0,1.16219,0.0,0.011507,RIGHT,0.0,0.0,AMBIGUOUS
C:\BSIT 3RD YEAR\New VovGest\FSL-105 A dataset for recognizing 105 Filipino sign language videos\FSL-105 A dataset for recognizing 105 Filipino sign language videos\clips\clips\0\6.MOV,SUGAR,245,0,88,0,0.0,0.359184,0.0,0.0,1.327371,0.0,0.015257,RIGHT,0.0,0.0,AMBIGUOUS
C:\BSIT 3RD YEAR\New VovGest\FSL-105 A dataset for recognizing 105 Filipino sign language videos\FSL-105 A dataset for recognizing 105 Filipino sign language videos\clips\clips\0\7.MOV,SUNDAY,244,0,88,0,0.0,0.360656,0.0,0.0,1.146145,0.0,0.013174,RIGHT,0.0,0.0,AMBIGUOUS
C:\BSIT 3RD YEAR\New VovGest\FSL-105 A dataset for recognizing 105 Filipino sign language videos\FSL-105 A dataset for recognizing 105 Filipino sign language videos\clips\clips\0\8.MOV,MONDAY,244,0,91,0,0.0,0.372951,0.0,0.0,1.032421,0.0,0.0116,RIGHT,0.0,0.0,AMBIGUOUS
C:\BSIT 3RD YEAR\New VovGest\FSL-105 A dataset for recognizing 105 Filipino sign language videos\FSL-105 A dataset for recognizing 105 Filipino sign language videos\clips\clips\0\9.MOV,COUSIN,244,0,92,0,0.0,0.377049,0.0,0.0,1.178018,0.0,0.012945,RIGHT,0.0,0.0,AMBIGUOUS
C:\BSIT 3RD YEAR\New VovGest\FSL-105 A dataset for recognizing 105 Filipino sign language videos\FSL-105 A dataset for recognizing 105 Filipino sign language videos\clips\clips\1\0.MOV,DEAF BLIND,244,0,125,0,0.0,0.512295,0.0,0.0,0.934489,0.0,0.007597,RIGHT,0.0,0.0,ONE_HANDED
C:\BSIT 3RD YEAR\New VovGest\FSL-105 A dataset for recognizing 105 Filipino sign language videos\FSL-105 A dataset for recognizing 105 Filipino sign language videos\clips\clips\1\1.MOV,FEBRUARY,244,1,110,1,0.004098,0.45082,0.004098,0.0,0.809342,0.0,0.007494,RIGHT,0.004098,0.0,ONE_HANDED
C:\BSIT 3RD YEAR\New VovGest\FSL-105 A dataset for recognizing 105 Filipino sign language videos\FSL-105 A dataset for recognizing 105 Filipino sign language videos\clips\clips\1\10.MOV,YESTERDAY,244,0,118,0,0.0,0.483607,0.0,0.0,0.968503,0.0,0.008349,RIGHT,0.0,0.0,ONE_HANDED
C:\BSIT 3RD YEAR\New VovGest\FSL-105 A dataset for recognizing 105 Filipino sign language videos\FSL-105 A dataset for recognizing 105 Filipino sign language videos\clips\clips\1\11.MOV,DON’T KNOW,244,0,112,0,0.0,0.459016,0.0,0.0,0.868941,0.0,0.007972,RIGHT,0.0,0.0,ONE_HANDED
C:\BSIT 3RD YEAR\New VovGest\FSL-105 A dataset for recognizing 105 Filipino sign language videos\FSL-105 A dataset for recognizing 105 Filipino sign language videos\clips\clips\1\12.MOV,WEDNESDAY,244,0,107,0,0.0,0.438525,0.0,0.0,0.794596,0.0,0.007568,RIGHT,0.0,0.0,AMBIGUOUS
C:\BSIT 3RD YEAR\New VovGest\FSL-105 A dataset for recognizing 105 Filipino sign language videos\FSL-105 A dataset for recognizing 105 Filipino sign language videos\clips\clips\1\13.MOV,UNDERSTAND,244,0,105,0,0.0,0.430328,0.0,0.0,0.802421,0.0,0.007716,RIGHT,0.0,0.0,AMBIGUOUS
C:\BSIT 3RD YEAR\New VovGest\FSL-105 A dataset for recognizing 105 Filipino sign language videos\FSL-105 A dataset for recognizing 105 Filipino sign language videos\clips\clips\1\14.MOV,HARD OF HEARING,244,0,101,0,0.0,0.413934,0.0,0.0,0.758492,0.0,0.007662,RIGHT,0.0,0.0,AMBIGUOUS
C:\BSIT 3RD YEAR\New VovGest\FSL-105 A dataset for recognizing 105 Filipino sign language videos\FSL-105 A dataset for recognizing 105 Filipino sign language videos\clips\clips\1\15.MOV,NOVEMBER,244,0,115,0,0.0,0.471311,0.0,0.0,0.912154,0.0,0.008072,RIGHT,0.0,0.0,ONE_HANDED
C:\BSIT 3RD YEAR\New VovGest\FSL-105 A dataset for recognizing 105 Filipino sign language videos\FSL-105 A dataset for recognizing 105 Filipino sign language videos\clips\clips\1\16.MOV,BLIND,244,0,124,0,0.0,0.508197,0.0,0.0,0.872971,0.0,0.007156,RIGHT,0.0,0.0,ONE_HANDED
C:\BSIT 3RD YEAR\New VovGest\FSL-105 A dataset for recognizing 105 Filipino sign language videos\FSL-105 A dataset for recognizing 105 Filipino sign language videos\clips\clips\1\17.MOV,COLD,244,0,125,0,0.0,0.512295,0.0,0.0,0.916033,0.0,0.007447,RIGHT,0.0,0.0,ONE_HANDED
C:\BSIT 3RD YEAR\New VovGest\FSL-105 A dataset for recognizing 105 Filipino sign language videos\FSL-105 A dataset for recognizing 105 Filipino sign language videos\clips\clips\1\18.MOV,GREEN,244,0,113,0,0.0,0.463115,0.0,0.0,0.896325,0.0,0.008075,RIGHT,0.0,0.0,ONE_HANDED
C:\BSIT 3RD YEAR\New VovGest\FSL-105 A dataset for recognizing 105 Filipino sign language videos\FSL-105 A dataset for recognizing 105 Filipino sign language videos\clips\clips\1\19.MOV,IM FINE,244,0,107,0,0.0,0.438525,0.0,0.0,0.645664,0.0,0.00633,RIGHT,0.0,0.0,AMBIGUOUS
C:\BSIT 3RD YEAR\New VovGest\FSL-105 A dataset for recognizing 105 Filipino sign language videos\FSL-105 A dataset for recognizing 105 Filipino sign language videos\clips\clips\1\2.MOV,JUNE,244,0,108,0,0.0,0.442623,0.0,0.0,0.868097,0.0,0.00819,RIGHT,0.0,0.0,AMBIGUOUS
C:\BSIT 3RD YEAR\New VovGest\FSL-105 A dataset for recognizing 105 Filipino sign language videos\FSL-105 A dataset for recognizing 105 Filipino sign language videos\clips\clips\1\20.MOV,SEVEN,244,0,133,0,0.0,0.545082,0.0,0.0,1.206582,0.0,0.009211,RIGHT,0.0,0.0,ONE_HANDED
C:\BSIT 3RD YEAR\New VovGest\FSL-105 A dataset for recognizing 105 Filipino sign language videos\FSL-105 A dataset for recognizing 105 Filipino sign language videos\clips\clips\1\3.MOV,FATHER,244,0,120,0,0.0,0.491803,0.0,0.0,0.921742,0.0,0.007746,RIGHT,0.0,0.0,ONE_HANDED
C:\BSIT 3RD YEAR\New VovGest\FSL-105 A dataset for recognizing 105 Filipino sign language videos\FSL-105 A dataset for recognizing 105 Filipino sign language videos\clips\clips\1\4.MOV,MOTHER,244,0,122,0,0.0,0.5,0.0,0.0,0.915542,0.0,0.007566,RIGHT,0.0,0.0,ONE_HANDED
C:\BSIT 3RD YEAR\New VovGest\FSL-105 A dataset for recognizing 105 Filipino sign language videos\FSL-105 A dataset for recognizing 105 Filipino sign language videos\clips\clips\1\5.MOV,UNDERSTAND,244,0,95,0,0.0,0.389344,0.0,0.0,1.059309,0.0,0.011269,RIGHT,0.0,0.0,AMBIGUOUS
C:\BSIT 3RD YEAR\New VovGest\FSL-105 A dataset for recognizing 105 Filipino sign language videos\FSL-105 A dataset for recognizing 105 Filipino sign language videos\clips\clips\1\6.MOV,SUGAR,244,0,95,0,0.0,0.389344,0.0,0.0,1.0968,0.0,0.011794,RIGHT,0.0,0.0,AMBIGUOUS
C:\BSIT 3RD YEAR\New VovGest\FSL-105 A dataset for recognizing 105 Filipino sign language videos\FSL-105 A dataset for recognizing 105 Filipino sign language videos\clips\clips\1\7.MOV,SUNDAY,244,0,93,0,0.0,0.381148,0.0,0.0,1.136851,0.0,0.012357,RIGHT,0.0,0.0,AMBIGUOUS
C:\BSIT 3RD YEAR\New VovGest\FSL-105 A dataset for recognizing 105 Filipino sign language videos\FSL-105 A dataset for recognizing 105 Filipino sign language videos\clips\clips\1\8.MOV,MONDAY,244,0,87,0,0.0,0.356557,0.0,0.0,1.000566,0.0,0.011634,RIGHT,0.0,0.0,AMBIGUOUS
C:\BSIT 3RD YEAR\New VovGest\FSL-105 A dataset for recognizing 105 Filipino sign language videos\FSL-105 A dataset for recognizing 105 Filipino sign language videos\clips\clips\1\9.MOV,COUSIN,244,0,86,0,0.0,0.352459,0.0,0.0,0.86829,0.0,0.010215,RIGHT,0.0,0.0,AMBIGUOUS
C:\BSIT 3RD YEAR\New VovGest\FSL-105 A dataset for recognizing 105 Filipino sign language videos\FSL-105 A dataset for recognizing 105 Filipino sign language videos\clips\clips\10\0.MOV,DEAF BLIND,245,0,127,0,0.0,0.518367,0.0,0.0,0.979774,0.0,0.007776,RIGHT,0.0,0.0,ONE_HANDED
C:\BSIT 3RD YEAR\New VovGest\FSL-105 A dataset for recognizing 105 Filipino sign language videos\FSL-105 A dataset for recognizing 105 Filipino sign language videos\clips\clips\10\1.MOV,FEBRUARY,245,0,104,0,0.0,0.42449,0.0,0.0,0.911955,0.0,0.008854,RIGHT,0.0,0.0,AMBIGUOUS
C:\BSIT 3RD YEAR\New VovGest\FSL-105 A dataset for recognizing 105 Filipino sign language videos\FSL-105 A dataset for recognizing 105 Filipino sign language videos\clips\clips\10\10.MOV,YESTERDAY,245,0,80,0,0.0,0.326531,0.0,0.0,0.803562,0.0,0.010302,RIGHT,0.0,0.0,AMBIGUOUS
C:\BSIT 3RD YEAR\New VovGest\FSL-105 A dataset for recognizing 105 Filipino sign language videos\FSL-105 A dataset for recognizing 105 Filipino sign language videos\clips\clips\10\11.MOV,DON’T KNOW,245,0,75,0,0.0,0.306122,0.0,0.0,0.76297,0.0,0.010597,RIGHT,0.0,0.0,AMBIGUOUS
C:\BSIT 3RD YEAR\New VovGest\FSL-105 A dataset for recognizing 105 Filipino sign language videos\FSL-105 A dataset for recognizing 105 Filipino sign language videos\clips\clips\10\12.MOV,WEDNESDAY,244,0,76,0,0.0,0.311475,0.0,0.0,0.916334,0.0,0.012383,RIGHT,0.0,0.0,AMBIGUOUS
C:\BSIT 3RD YEAR\New VovGest\FSL-105 A dataset for recognizing 105 Filipino sign language videos\FSL-105 A dataset for recognizing 105 Filipino sign language videos\clips\clips\10\13.MOV,UNDERSTAND,244,0,74,0,0.0,0.303279,0.0,0.0,0.798373,0.0,0.011089,RIGHT,0.0,0.0,AMBIGUOUS
C:\BSIT 3RD YEAR\New VovGest\FSL-105 A dataset for recognizing 105 Filipino sign language videos\FSL-105 A dataset for recognizing 105 Filipino sign language videos\clips\clips\10\14.MOV,HARD OF HEARING,244,0,85,0,0.0,0.348361,0.0,0.0,0.828743,0.0,0.010359,RIGHT,0.0,0.0,AMBIGUOUS
C:\BSIT 3RD YEAR\New VovGest\FSL-105 A dataset for recognizing 105 Filipino sign language videos\FSL-105 A dataset for recognizing 105 Filipino sign language videos\clips\clips\10\15.MOV,NOVEMBER,244,0,83,0,0.0,0.340164,0.0,0.0,0.969923,0.0,0.011828,RIGHT,0.0,0.0,AMBIGUOUS
C:\BSIT 3RD YEAR\New VovGest\FSL-105 A dataset for recognizing 105 Filipino sign language videos\FSL-105 A dataset for recognizing 105 Filipino sign language videos\clips\clips\10\16.MOV,BLIND,244,0,91,0,0.0,0.372951,0.0,0.0,0.833091,0.0,0.009257,RIGHT,0.0,0.0,AMBIGUOUS
C:\BSIT 3RD YEAR\New VovGest\FSL-105 A dataset for recognizing 105 Filipino sign language videos\FSL-105 A dataset for recognizing 105 Filipino sign language videos\clips\clips\10\17.MOV,COLD,244,0,79,0,0.0,0.32377,0.0,0.0,0.876994,0.0,0.01139,RIGHT,0.0,0.0,AMBIGUOUS
C:\BSIT 3RD YEAR\New VovGest\FSL-105 A dataset for recognizing 105 Filipino sign language videos\FSL-105 A dataset for recognizing 105 Filipino sign language videos\clips\clips\10\18.MOV,GREEN,244,0,78,0,0.0,0.319672,0.0,0.0,0.964682,0.0,0.012528,RIGHT,0.0,0.0,AMBIGUOUS
C:\BSIT 3RD YEAR\New VovGest\FSL-105 A dataset for recognizing 105 Filipino sign language videos\FSL-105 A dataset for recognizing 105 Filipino sign language videos\clips\clips\10\19.MOV,IM FINE,244,0,90,0,0.0,0.368852,0.0,0.0,1.065809,0.0,0.011975,RIGHT,0.0,0.0,AMBIGUOUS
C:\BSIT 3RD YEAR\New VovGest\FSL-105 A dataset for recognizing 105 Filipino sign language videos\FSL-105 A dataset for recognizing 105 Filipino sign language videos\clips\clips\10\2.MOV,JUNE,244,0,89,0,0.0,0.364754,0.0,0.0,0.932972,0.0,0.010724,RIGHT,0.0,0.0,AMBIGUOUS
C:\BSIT 3RD YEAR\New VovGest\FSL-105 A dataset for recognizing 105 Filipino sign language videos\FSL-105 A dataset for recognizing 105 Filipino sign language videos\clips\clips\10\3.MOV,FATHER,244,0,87,0,0.0,0.356557,0.0,0.0,0.906616,0.0,0.010666,RIGHT,0.0,0.0,AMBIGUOUS
C:\BSIT 3RD YEAR\New VovGest\FSL-105 A dataset for recognizing 105 Filipino sign language videos\FSL-105 A dataset for recognizing 105 Filipino sign language videos\clips\clips\10\4.MOV,MOTHER,244,2,103,1,0.008197,0.422131,0.004098,0.03793,0.886193,0.03793,0.008774,RIGHT,0.008197,0.042801,AMBIGUOUS
C:\BSIT 3RD YEAR\New VovGest\FSL-105 A dataset for recognizing 105 Filipino sign language videos\FSL-105 A dataset for recognizing 105 Filipino sign language videos\clips\clips\10\5.MOV,UNDERSTAND,245,0,81,0,0.0,0.330612,0.0,0.0,1.226842,0.0,0.015336,RIGHT,0.0,0.0,AMBIGUOUS
C:\BSIT 3RD YEAR\New VovGest\FSL-105 A dataset for recognizing 105 Filipino sign language videos\FSL-105 A dataset for recognizing 105 Filipino sign language videos\clips\clips\10\6.MOV,SUGAR,244,0,58,0,0.0,0.237705,0.0,0.0,1.172371,0.0,0.020568,RIGHT,0.0,0.0,AMBIGUOUS
C:\BSIT 3RD YEAR\New VovGest\FSL-105 A dataset for recognizing 105 Filipino sign language videos\FSL-105 A dataset for recognizing 105 Filipino sign language videos\clips\clips\10\7.MOV,SUNDAY,244,0,68,0,0.0,0.278689,0.0,0.0,1.122004,0.0,0.016746,RIGHT,0.0,0.0,AMBIGUOUS
C:\BSIT 3RD YEAR\New VovGest\FSL-105 A dataset for recognizing 105 Filipino sign language videos\FSL-105 A dataset for recognizing 105 Filipino sign language videos\clips\clips\10\8.MOV,MONDAY,244,0,74,0,0.0,0.303279,0.0,0.0,1.235141,0.0,0.01692,RIGHT,0.0,0.0,AMBIGUOUS
C:\BSIT 3RD YEAR\New VovGest\FSL-105 A dataset for recognizing 105 Filipino sign language videos\FSL-105 A dataset for recognizing 105 Filipino sign language videos\clips\clips\10\9.MOV,COUSIN,244,0,73,0,0.0,0.29918,0.0,0.0,1.041697,0.0,0.014672,RIGHT,0.0,0.0,AMBIGUOUS
C:\BSIT 3RD YEAR\New VovGest\FSL-105 A dataset for recognizing 105 Filipino sign language videos\FSL-105 A dataset for recognizing 105 Filipino sign language videos\clips\clips\100\0.MOV,DEAF BLIND,244,110,116,109,0.45082,0.47541,0.446721,0.596885,1.491645,0.005476,0.013085,RIGHT,0.45082,0.400152,TWO_HANDED
C:\BSIT 3RD YEAR\New VovGest\FSL-105 A dataset for recognizing 105 Filipino sign language videos\FSL-105 A dataset for recognizing 105 Filipino sign language videos\clips\clips\100\1.MOV,FEBRUARY,244,97,106,95,0.397541,0.434426,0.389344,0.612614,1.341934,0.006449,0.013028,RIGHT,0.397541,0.456516,TWO_HANDED
C:\BSIT 3RD YEAR\New VovGest\FSL-105 A dataset for recognizing 105 Filipino sign language videos\FSL-105 A dataset for recognizing 105 Filipino sign language videos\clips\clips\100\10.MOV,YESTERDAY,244,82,84,81,0.336066,0.344262,0.331967,0.428932,1.086917,0.005295,0.013095,RIGHT,0.336066,0.394632,AMBIGUOUS
C:\BSIT 3RD YEAR\New VovGest\FSL-105 A dataset for recognizing 105 Filipino sign language videos\FSL-105 A dataset for recognizing 105 Filipino sign language videos\clips\clips\100\11.MOV,DON’T KNOW,244,81,81,79,0.331967,0.331967,0.32377,0.418526,0.951501,0.005232,0.012044,RIGHT,0.331967,0.439859,AMBIGUOUS
C:\BSIT 3RD YEAR\New VovGest\FSL-105 A dataset for recognizing 105 Filipino sign language videos\FSL-105 A dataset for recognizing 105 Filipino sign language videos\clips\clips\100\12.MOV,WEDNESDAY,244,78,80,77,0.319672,0.327869,0.315574,0.44527,0.96027,0.005783,0.012471,RIGHT,0.319672,0.463693,AMBIGUOUS
C:\BSIT 3RD YEAR\New VovGest\FSL-105 A dataset for recognizing 105 Filipino sign language videos\FSL-105 A dataset for recognizing 105 Filipino sign language videos\clips\clips\100\13.MOV,UNDERSTAND,244,82,83,81,0.336066,0.340164,0.331967,0.480383,1.123373,0.005931,0.0137,RIGHT,0.336066,0.427626,AMBIGUOUS
C:\BSIT 3RD YEAR\New VovGest\FSL-105 A dataset for recognizing 105 Filipino sign language videos\FSL-105 A dataset for recognizing 105 Filipino sign language videos\clips\clips\100\14.MOV,HARD OF HEARING,244,82,82,80,0.336066,0.336066,0.327869,0.491392,1.131281,0.006067,0.013966,RIGHT,0.336066,0.434368,AMBIGUOUS
C:\BSIT 3RD YEAR\New VovGest\FSL-105 A dataset for recognizing 105 Filipino sign language videos\FSL-105 A dataset for recognizing 105 Filipino sign language videos\clips\clips\100\15.MOV,NOVEMBER,244,89,93,88,0.364754,0.381148,0.360656,0.73635,1.370026,0.008368,0.015055,RIGHT,0.364754,0.537472,TWO_HANDED
C:\BSIT 3RD YEAR\New VovGest\FSL-105 A dataset for recognizing 105 Filipino sign language videos\FSL-105 A dataset for recognizing 105 Filipino sign language videos\clips\clips\100\16.MOV,BLIND,244,90,108,90,0.368852,0.442623,0.368852,0.77747,1.600032,0.008736,0.014954,RIGHT,0.368852,0.485909,TWO_HANDED
C:\BSIT 3RD YEAR\New VovGest\FSL-105 A dataset for recognizing 105 Filipino sign language videos\FSL-105 A dataset for recognizing 105 Filipino sign language videos\clips\clips\100\17.MOV,COLD,244,111,144,111,0.454918,0.590164,0.454918,0.994869,2.531706,0.009127,0.017829,RIGHT,0.454918,0.392964,TWO_HANDED
C:\BSIT 3RD YEAR\New VovGest\FSL-105 A dataset for recognizing 105 Filipino sign language videos\FSL-105 A dataset for recognizing 105 Filipino sign language videos\clips\clips\100\18.MOV,GREEN,244,93,103,92,0.381148,0.422131,0.377049,0.744096,1.563457,0.008088,0.01548,RIGHT,0.381148,0.47593,TWO_HANDED
C:\BSIT 3RD YEAR\New VovGest\FSL-105 A dataset for recognizing 105 Filipino sign language videos\FSL-105 A dataset for recognizing 105 Filipino sign language videos\clips\clips\100\19.MOV,IM FINE,244,109,112,106,0.446721,0.459016,0.434426,0.762624,1.73998,0.007061,0.015818,RIGHT,0.446721,0.438295,TWO_HANDED
C:\BSIT 3RD YEAR\New VovGest\FSL-105 A dataset for recognizing 105 Filipino sign language videos\FSL-105 A dataset for recognizing 105 Filipino sign language videos\clips\clips\100\2.MOV,JUNE,244,89,95,87,0.364754,0.389344,0.356557,0.693089,1.246233,0.007876,0.013546,RIGHT,0.364754,0.556147,TWO_HANDED
C:\BSIT 3RD YEAR\New VovGest\FSL-105 A dataset for recognizing 105 Filipino sign language videos\FSL-105 A dataset for recognizing 105 Filipino sign language videos\clips\clips\100\3.MOV,FATHER,244,96,103,94,0.393443,0.422131,0.385246,0.610541,1.07932,0.006427,0.010902,RIGHT,0.393443,0.565672,TWO_HANDED
C:\BSIT 3RD YEAR\New VovGest\FSL-105 A dataset for recognizing 105 Filipino sign language videos\FSL-105 A dataset for recognizing 105 Filipino sign language videos\clips\clips\100\4.MOV,MOTHER,244,100,102,98,0.409836,0.418033,0.401639,0.643066,1.277116,0.006496,0.0129,RIGHT,0.409836,0.50353,TWO_HANDED
C:\BSIT 3RD YEAR\New VovGest\FSL-105 A dataset for recognizing 105 Filipino sign language videos\FSL-105 A dataset for recognizing 105 Filipino sign language videos\clips\clips\100\5.MOV,UNDERSTAND,244,104,100,96,0.42623,0.409836,0.393443,0.785313,1.505289,0.007624,0.016014,RIGHT,0.42623,0.521702,TWO_HANDED
C:\BSIT 3RD YEAR\New VovGest\FSL-105 A dataset for recognizing 105 Filipino sign language videos\FSL-105 A dataset for recognizing 105 Filipino sign language videos\clips\clips\100\6.MOV,SUGAR,244,101,100,95,0.413934,0.409836,0.389344,0.807288,1.389493,0.008154,0.014782,RIGHT,0.413934,0.580995,TWO_HANDED
C:\BSIT 3RD YEAR\New VovGest\FSL-105 A dataset for recognizing 105 Filipino sign language videos\FSL-105 A dataset for recognizing 105 Filipino sign language videos\clips\clips\100\7.MOV,SUNDAY,244,100,99,97,0.409836,0.405738,0.397541,0.771005,1.700537,0.007788,0.017714,RIGHT,0.409836,0.453389,TWO_HANDED
C:\BSIT 3RD YEAR\New VovGest\FSL-105 A dataset for recognizing 105 Filipino sign language videos\FSL-105 A dataset for recognizing 105 Filipino sign language videos\clips\clips\100\8.MOV,MONDAY,244,103,101,96,0.422131,0.413934,0.393443,0.780662,1.440244,0.007654,0.015322,RIGHT,0.422131,0.542035,TWO_HANDED
C:\BSIT 3RD YEAR\New VovGest\FSL-105 A dataset for recognizing 105 Filipino sign language videos\FSL-105 A dataset for recognizing 105 Filipino sign language videos\clips\clips\100\9.MOV,COUSIN,244,108,103,103,0.442623,0.422131,0.422131,0.832766,1.542262,0.007783,0.015578,RIGHT,0.442623,0.539964,TWO_HANDED
C:\BSIT 3RD YEAR\New VovGest\FSL-105 A dataset for recognizing 105 Filipino sign language videos\FSL-105 A dataset for recognizing 105 Filipino sign language videos\clips\clips\101\0.MOV,DEAF BLIND,243,0,111,0,0.0,0.45679,0.0,0.0,1.148369,0.0,0.010633,RIGHT,0.0,0.0,ONE_HANDED
C:\BSIT 3RD YEAR\New VovGest\FSL-105 A dataset for recognizing 105 Filipino sign language videos\FSL-105 A dataset for recognizing 105 Filipino sign language videos\clips\clips\101\1.MOV,FEBRUARY,243,0,103,0,0.0,0.423868,0.0,0.0,1.13335,0.0,0.011221,RIGHT,0.0,0.0,AMBIGUOUS
C:\BSIT 3RD YEAR\New VovGest\FSL-105 A dataset for recognizing 105 Filipino sign language videos\FSL-105 A dataset for recognizing 105 Filipino sign language videos\clips\clips\101\10.MOV,YESTERDAY,243,0,73,0,0.0,0.300412,0.0,0.0,1.070908,0.0,0.015083,RIGHT,0.0,0.0,AMBIGUOUS
C:\BSIT 3RD YEAR\New VovGest\FSL-105 A dataset for recognizing 105 Filipino sign language videos\FSL-105 A dataset for recognizing 105 Filipino sign language videos\clips\clips\101\11.MOV,DON’T KNOW,243,0,71,0,0.0,0.292181,0.0,0.0,0.855096,0.0,0.012763,RIGHT,0.0,0.0,AMBIGUOUS
C:\BSIT 3RD YEAR\New VovGest\FSL-105 A dataset for recognizing 105 Filipino sign language videos\FSL-105 A dataset for recognizing 105 Filipino sign language videos\clips\clips\101\12.MOV,WEDNESDAY,243,0,67,0,0.0,0.27572,0.0,0.0,0.913366,0.0,0.014052,RIGHT,0.0,0.0,AMBIGUOUS
C:\BSIT 3RD YEAR\New VovGest\FSL-105 A dataset for recognizing 105 Filipino sign language videos\FSL-105 A dataset for recognizing 105 Filipino sign language videos\clips\clips\101\13.MOV,UNDERSTAND,243,0,82,0,0.0,0.337449,0.0,0.0,1.08181,0.0,0.013523,RIGHT,0.0,0.0,AMBIGUOUS
C:\BSIT 3RD YEAR\New VovGest\FSL-105 A dataset for recognizing 105 Filipino sign language videos\FSL-105 A dataset for recognizing 105 Filipino sign language videos\clips\clips\101\14.MOV,HARD OF HEARING,243,0,74,0,0.0,0.304527,0.0,0.0,1.115483,0.0,0.015281,RIGHT,0.0,0.0,AMBIGUOUS
C:\BSIT 3RD YEAR\New VovGest\FSL-105 A dataset for recognizing 105 Filipino sign language videos\FSL-105 A dataset for recognizing 105 Filipino sign language videos\clips\clips\101\15.MOV,NOVEMBER,244,0,110,0,0.0,0.45082,0.0,0.0,1.519236,0.0,0.013938,RIGHT,0.0,0.0,ONE_HANDED
C:\BSIT 3RD YEAR\New VovGest\FSL-105 A dataset for recognizing 105 Filipino sign language videos\FSL-105 A dataset for recognizing 105 Filipino sign language videos\clips\clips\101\16.MOV,BLIND,244,0,102,0,0.0,0.418033,0.0,0.0,1.347794,0.0,0.013344,RIGHT,0.0,0.0,AMBIGUOUS
C:\BSIT 3RD YEAR\New VovGest\FSL-105 A dataset for recognizing 105 Filipino sign language videos\FSL-105 A dataset for recognizing 105 Filipino sign language videos\clips\clips\101\17.MOV,COLD,243,0,104,0,0.0,0.427984,0.0,0.0,1.351978,0.0,0.01352,RIGHT,0.0,0.0,AMBIGUOUS
C:\BSIT 3RD YEAR\New VovGest\FSL-105 A dataset for recognizing 105 Filipino sign language videos\FSL-105 A dataset for recognizing 105 Filipino sign language videos\clips\clips\101\18.MOV,GREEN,243,0,93,0,0.0,0.382716,0.0,0.0,1.336476,0.0,0.014687,RIGHT,0.0,0.0,AMBIGUOUS
C:\BSIT 3RD YEAR\New VovGest\FSL-105 A dataset for recognizing 105 Filipino sign language videos\FSL-105 A dataset for recognizing 105 Filipino sign language videos\clips\clips\101\19.MOV,IM FINE,243,0,94,0,0.0,0.386831,0.0,0.0,1.551112,0.0,0.01686,RIGHT,0.0,0.0,AMBIGUOUS
C:\BSIT 3RD YEAR\New VovGest\FSL-105 A dataset for recognizing 105 Filipino sign language videos\FSL-105 A dataset for recognizing 105 Filipino sign language videos\clips\clips\101\2.MOV,JUNE,243,0,96,0,0.0,0.395062,0.0,0.0,1.22584,0.0,0.013181,RIGHT,0.0,0.0,AMBIGUOUS
C:\BSIT 3RD YEAR\New VovGest\FSL-105 A dataset for recognizing 105 Filipino sign language videos\FSL-105 A dataset for recognizing 105 Filipino sign language videos\clips\clips\101\3.MOV,FATHER,243,0,96,0,0.0,0.395062,0.0,0.0,1.235138,0.0,0.01314,RIGHT,0.0,0.0,AMBIGUOUS
C:\BSIT 3RD YEAR\New VovGest\FSL-105 A dataset for recognizing 105 Filipino sign language videos\FSL-105 A dataset for recognizing 105 Filipino sign language videos\clips\clips\101\4.MOV,MOTHER,243,0,80,0,0.0,0.329218,0.0,0.0,1.042207,0.0,0.013362,RIGHT,0.0,0.0,AMBIGUOUS
C:\BSIT 3RD YEAR\New VovGest\FSL-105 A dataset for recognizing 105 Filipino sign language videos\FSL-105 A dataset for recognizing 105 Filipino sign language videos\clips\clips\101\5.MOV,UNDERSTAND,243,0,89,0,0.0,0.366255,0.0,0.0,0.975918,0.0,0.011618,RIGHT,0.0,0.0,AMBIGUOUS
C:\BSIT 3RD YEAR\New VovGest\FSL-105 A dataset for recognizing 105 Filipino sign language videos\FSL-105 A dataset for recognizing 105 Filipino sign language videos\clips\clips\101\6.MOV,SUGAR,243,0,81,0,0.0,0.333333,0.0,0.0,0.966772,0.0,0.012555,RIGHT,0.0,0.0,AMBIGUOUS
C:\BSIT 3RD YEAR\New VovGest\FSL-105 A dataset for recognizing 105 Filipino sign language videos\FSL-105 A dataset for recognizing 105 Filipino sign language videos\clips\clips\101\7.MOV,SUNDAY,243,0,75,0,0.0,0.308642,0.0,0.0,0.903366,0.0,0.012905,RIGHT,0.0,0.0,AMBIGUOUS
C:\BSIT 3RD YEAR\New VovGest\FSL-105 A dataset for recognizing 105 Filipino sign language videos\FSL-105 A dataset for recognizing 105 Filipino sign language videos\clips\clips\101\8.MOV,MONDAY,243,0,88,0,0.0,0.36214,0.0,0.0,1.125285,0.0,0.013239,RIGHT,0.0,0.0,AMBIGUOUS
C:\BSIT 3RD YEAR\New VovGest\FSL-105 A dataset for recognizing 105 Filipino sign language videos\FSL-105 A dataset for recognizing 105 Filipino sign language videos\clips\clips\101\9.MOV,COUSIN,243,0,81,0,0.0,0.333333,0.0,0.0,1.061206,0.0,0.013605,RIGHT,0.0,0.0,AMBIGUOUS
C:\BSIT 3RD YEAR\New VovGest\FSL-105 A dataset for recognizing 105 Filipino sign language videos\FSL-105 A dataset for recognizing 105 Filipino sign language videos\clips\clips\102\0.MOV,DEAF BLIND,243,0,137,0,0.0,0.563786,0.0,0.0,1.136479,0.0,0.008481,RIGHT,0.0,0.0,ONE_HANDED
C:\BSIT 3RD YEAR\New VovGest\FSL-105 A dataset for recognizing 105 Filipino sign language videos\FSL-105 A dataset for recognizing 105 Filipino sign language videos\clips\clips\102\1.MOV,FEBRUARY,243,0,84,0,0.0,0.345679,0.0,0.0,0.895986,0.0,0.0112,RIGHT,0.0,0.0,AMBIGUOUS
C:\BSIT 3RD YEAR\New VovGest\FSL-105 A dataset for recognizing 105 Filipino sign language videos\FSL-105 A dataset for recognizing 105 Filipino sign language videos\clips\clips\102\10.MOV,YESTERDAY,243,0,73,0,0.0,0.300412,0.0,0.0,0.809065,0.0,0.011395,RIGHT,0.0,0.0,AMBIGUOUS
C:\BSIT 3RD YEAR\New VovGest\FSL-105 A dataset for recognizing 105 Filipino sign language videos\FSL-105 A dataset for recognizing 105 Filipino sign language videos\clips\clips\102\11.MOV,DON’T KNOW,243,0,65,0,0.0,0.26749,0.0,0.0,0.554534,0.0,0.008802,RIGHT,0.0,0.0,AMBIGUOUS
C:\BSIT 3RD YEAR\New VovGest\FSL-105 A dataset for recognizing 105 Filipino sign language videos\FSL-105 A dataset for recognizing 105 Filipino sign language videos\clips\clips\102\12.MOV,WEDNESDAY,243,0,70,0,0.0,0.288066,0.0,0.0,0.599363,0.0,0.008814,RIGHT,0.0,0.0,AMBIGUOUS
C:\BSIT 3RD YEAR\New VovGest\FSL-105 A dataset for recognizing 105 Filipino sign language videos\FSL-105 A dataset for recognizing 105 Filipino sign language videos\clips\clips\102\13.MOV,UNDERSTAND,243,0,78,0,0.0,0.320988,0.0,0.0,0.710797,0.0,0.009477,RIGHT,0.0,0.0,AMBIGUOUS
C:\BSIT 3RD YEAR\New VovGest\FSL-105 A dataset for recognizing 105 Filipino sign language videos\FSL-105 A dataset for recognizing 105 Filipino sign language videos\clips\clips\102\14.MOV,HARD OF HEARING,243,0,74,0,0.0,0.304527,0.0,0.0,0.641225,0.0,0.008906,RIGHT,0.0,0.0,AMBIGUOUS
C:\BSIT 3RD YEAR\New VovGest\FSL-105 A dataset for recognizing 105 Filipino sign language videos\FSL-105 A dataset for recognizing 105 Filipino sign language videos\clips\clips\102\15.MOV,NOVEMBER,243,0,85,0,0.0,0.349794,0.0,0.0,1.161547,0.0,0.013995,RIGHT,0.0,0.0,AMBIGUOUS
C:\BSIT 3RD YEAR\New VovGest\FSL-105 A dataset for recognizing 105 Filipino sign language videos\FSL-105 A dataset for recognizing 105 Filipino sign language videos\clips\clips\102\16.MOV,BLIND,243,0,90,0,0.0,0.37037,0.0,0.0,0.90167,0.0,0.010364,RIGHT,0.0,0.0,AMBIGUOUS
C:\BSIT 3RD YEAR\New VovGest\FSL-105 A dataset for recognizing 105 Filipino sign language videos\FSL-105 A dataset for recognizing 105 Filipino sign language videos\clips\clips\102\17.MOV,COLD,243,0,88,0,0.0,0.36214,0.0,0.0,1.025107,0.0,0.01192,RIGHT,0.0,0.0,AMBIGUOUS
C:\BSIT 3RD YEAR\New VovGest\FSL-105 A dataset for recognizing 105 Filipino sign language videos\FSL-105 A dataset for recognizing 105 Filipino sign language videos\clips\clips\102\18.MOV,GREEN,243,0,100,0,0.0,0.411523,0.0,0.0,1.535697,0.0,0.015832,RIGHT,0.0,0.0,AMBIGUOUS
C:\BSIT 3RD YEAR\New VovGest\FSL-105 A dataset for recognizing 105 Filipino sign language videos\FSL-105 A dataset for recognizing 105 Filipino sign language videos\clips\clips\102\19.MOV,IM FINE,243,0,114,0,0.0,0.469136,0.0,0.0,1.59501,0.0,0.014369,RIGHT,0.0,0.0,ONE_HANDED
C:\BSIT 3RD YEAR\New VovGest\FSL-105 A dataset for recognizing 105 Filipino sign language videos\FSL-105 A dataset for recognizing 105 Filipino sign language videos\clips\clips\102\2.MOV,JUNE,243,0,89,0,0.0,0.366255,0.0,0.0,0.953973,0.0,0.011223,RIGHT,0.0,0.0,AMBIGUOUS
C:\BSIT 3RD YEAR\New VovGest\FSL-105 A dataset for recognizing 105 Filipino sign language videos\FSL-105 A dataset for recognizing 105 Filipino sign language videos\clips\clips\102\3.MOV,FATHER,243,0,93,0,0.0,0.382716,0.0,0.0,1.080324,0.0,0.012004,RIGHT,0.0,0.0,AMBIGUOUS
C:\BSIT 3RD YEAR\New VovGest\FSL-105 A dataset for recognizing 105 Filipino sign language videos\FSL-105 A dataset for recognizing 105 Filipino sign language videos\clips\clips\102\4.MOV,MOTHER,243,0,95,0,0.0,0.390947,0.0,0.0,0.833255,0.0,0.009258,RIGHT,0.0,0.0,AMBIGUOUS
C:\BSIT 3RD YEAR\New VovGest\FSL-105 A dataset for recognizing 105 Filipino sign language videos\FSL-105 A dataset for recognizing 105 Filipino sign language videos\clips\clips\102\5.MOV,UNDERSTAND,243,0,81,0,0.0,0.333333,0.0,0.0,1.24645,0.0,0.01598,RIGHT,0.0,0.0,AMBIGUOUS
C:\BSIT 3RD YEAR\New VovGest\FSL-105 A dataset for recognizing 105 Filipino sign language videos\FSL-105 A dataset for recognizing 105 Filipino sign language videos\clips\clips\102\6.MOV,SUGAR,243,0,85,0,0.0,0.349794,0.0,0.0,0.64162,0.0,0.008122,RIGHT,0.0,0.0,AMBIGUOUS
C:\BSIT 3RD YEAR\New VovGest\FSL-105 A dataset for recognizing 105 Filipino sign language videos\FSL-105 A dataset for recognizing 105 Filipino sign language videos\clips\clips\102\7.MOV,SUNDAY,243,0,98,0,0.0,0.403292,0.0,0.0,0.888922,0.0,0.009558,RIGHT,0.0,0.0,AMBIGUOUS
C:\BSIT 3RD YEAR\New VovGest\FSL-105 A dataset for recognizing 105 Filipino sign language videos\FSL-105 A dataset for recognizing 105 Filipino sign language videos\clips\clips\102\8.MOV,MONDAY,243,0,84,0,0.0,0.345679,0.0,0.0,1.07862,0.0,0.013653,RIGHT,0.0,0.0,AMBIGUOUS
C:\BSIT 3RD YEAR\New VovGest\FSL-105 A dataset for recognizing 105 Filipino sign language videos\FSL-105 A dataset for recognizing 105 Filipino sign language videos\clips\clips\102\9.MOV,COUSIN,243,0,94,0,0.0,0.386831,0.0,0.0,1.404483,0.0,0.01596,RIGHT,0.0,0.0,AMBIGUOUS
C:\BSIT 3RD YEAR\New VovGest\FSL-105 A dataset for recognizing 105 Filipino sign language videos\FSL-105 A dataset for recognizing 105 Filipino sign language videos\clips\clips\103\0.MOV,DEAF BLIND,243,0,109,0,0.0,0.44856,0.0,0.0,1.058904,0.0,0.009896,RIGHT,0.0,0.0,AMBIGUOUS
C:\BSIT 3RD YEAR\New VovGest\FSL-105 A dataset for recognizing 105 Filipino sign language videos\FSL-105 A dataset for recognizing 105 Filipino sign language videos\clips\clips\103\1.MOV,FEBRUARY,243,0,86,0,0.0,0.353909,0.0,0.0,1.016764,0.0,0.011962,RIGHT,0.0,0.0,AMBIGUOUS
C:\BSIT 3RD YEAR\New VovGest\FSL-105 A dataset for recognizing 105 Filipino sign language videos\FSL-105 A dataset for recognizing 105 Filipino sign language videos\clips\clips\103\10.MOV,YESTERDAY,243,0,93,0,0.0,0.382716,0.0,0.0,1.14368,0.0,0.012431,RIGHT,0.0,0.0,AMBIGUOUS
C:\BSIT 3RD YEAR\New VovGest\FSL-105 A dataset for recognizing 105 Filipino sign language videos\FSL-105 A dataset for recognizing 105 Filipino sign language videos\clips\clips\103\11.MOV,DON’T KNOW,243,0,83,0,0.0,0.341564,0.0,0.0,0.755654,0.0,0.009329,RIGHT,0.0,0.0,AMBIGUOUS
C:\BSIT 3RD YEAR\New VovGest\FSL-105 A dataset for recognizing 105 Filipino sign language videos\FSL-105 A dataset for recognizing 105 Filipino sign language videos\clips\clips\103\12.MOV,WEDNESDAY,243,0,81,0,0.0,0.333333,0.0,0.0,0.861692,0.0,0.010907,RIGHT,0.0,0.0,AMBIGUOUS
C:\BSIT 3RD YEAR\New VovGest\FSL-105 A dataset for recognizing 105 Filipino sign language videos\FSL-105 A dataset for recognizing 105 Filipino sign language videos\clips\clips\103\13.MOV,UNDERSTAND,243,0,81,0,0.0,0.333333,0.0,0.0,0.9434,0.0,0.011793,RIGHT,0.0,0.0,AMBIGUOUS
C:\BSIT 3RD YEAR\New VovGest\FSL-105 A dataset for recognizing 105 Filipino sign language videos\FSL-105 A dataset for recognizing 105 Filipino sign language videos\clips\clips\103\14.MOV,HARD OF HEARING,243,0,77,0,0.0,0.316872,0.0,0.0,0.822851,0.0,0.01112,RIGHT,0.0,0.0,AMBIGUOUS
C:\BSIT 3RD YEAR\New VovGest\FSL-105 A dataset for recognizing 105 Filipino sign language videos\FSL-105 A dataset for recognizing 105 Filipino sign language videos\clips\clips\103\15.MOV,NOVEMBER,243,0,73,0,0.0,0.300412,0.0,0.0,0.81038,0.0,0.011414,RIGHT,0.0,0.0,AMBIGUOUS
C:\BSIT 3RD YEAR\New VovGest\FSL-105 A dataset for recognizing 105 Filipino sign language videos\FSL-105 A dataset for recognizing 105 Filipino sign language videos\clips\clips\103\16.MOV,BLIND,243,0,76,0,0.0,0.312757,0.0,0.0,1.072534,0.0,0.0143,RIGHT,0.0,0.0,AMBIGUOUS
C:\BSIT 3RD YEAR\New VovGest\FSL-105 A dataset for recognizing 105 Filipino sign language videos\FSL-105 A dataset for recognizing 105 Filipino sign language videos\clips\clips\103\17.MOV,COLD,243,0,75,0,0.0,0.308642,0.0,0.0,0.963466,0.0,0.01302,RIGHT,0.0,0.0,AMBIGUOUS
C:\BSIT 3RD YEAR\New VovGest\FSL-105 A dataset for recognizing 105 Filipino sign language videos\FSL-105 A dataset for recognizing 105 Filipino sign language videos\clips\clips\103\18.MOV,GREEN,243,0,75,0,0.0,0.308642,0.0,0.0,0.993725,0.0,0.013429,RIGHT,0.0,0.0,AMBIGUOUS
C:\BSIT 3RD YEAR\New VovGest\FSL-105 A dataset for recognizing 105 Filipino sign language videos\FSL-105 A dataset for recognizing 105 Filipino sign language videos\clips\clips\103\19.MOV,IM FINE,243,0,74,0,0.0,0.304527,0.0,0.0,0.992435,0.0,0.013595,RIGHT,0.0,0.0,AMBIGUOUS
C:\BSIT 3RD YEAR\New VovGest\FSL-105 A dataset for recognizing 105 Filipino sign language videos\FSL-105 A dataset for recognizing 105 Filipino sign language videos\clips\clips\103\2.MOV,JUNE,243,0,92,0,0.0,0.378601,0.0,0.0,1.089842,0.0,0.011976,RIGHT,0.0,0.0,AMBIGUOUS
C:\BSIT 3RD YEAR\New VovGest\FSL-105 A dataset for recognizing 105 Filipino sign language videos\FSL-105 A dataset for recognizing 105 Filipino sign language videos\clips\clips\103\20.MOV,SEVEN,243,0,72,0,0.0,0.296296,0.0,0.0,0.969852,0.0,0.01366,RIGHT,0.0,0.0,AMBIGUOUS
C:\BSIT 3RD YEAR\New VovGest\FSL-105 A dataset for recognizing 105 Filipino sign language videos\FSL-105 A dataset for recognizing 105 Filipino sign language videos\clips\clips\103\3.MOV,FATHER,243,0,87,0,0.0,0.358025,0.0,0.0,0.990893,0.0,0.011658,RIGHT,0.0,0.0,AMBIGUOUS
C:\BSIT 3RD YEAR\New VovGest\FSL-105 A dataset for recognizing 105 Filipino sign language videos\FSL-105 A dataset for recognizing 105 Filipino sign language videos\clips\clips\103\4.MOV,MOTHER,243,0,104,0,0.0,0.427984,0.0,0.0,1.185827,0.0,0.011513,RIGHT,0.0,0.0,AMBIGUOUS
C:\BSIT 3RD YEAR\New VovGest\FSL-105 A dataset for recognizing 105 Filipino sign language videos\FSL-105 A dataset for recognizing 105 Filipino sign language videos\clips\clips\103\5.MOV,UNDERSTAND,243,0,93,0,0.0,0.382716,0.0,0.0,0.982995,0.0,0.010802,RIGHT,0.0,0.0,AMBIGUOUS
C:\BSIT 3RD YEAR\New VovGest\FSL-105 A dataset for recognizing 105 Filipino sign language videos\FSL-105 A dataset for recognizing 105 Filipino sign language videos\clips\clips\103\6.MOV,SUGAR,243,0,84,0,0.0,0.345679,0.0,0.0,0.974882,0.0,0.012036,RIGHT,0.0,0.0,AMBIGUOUS
C:\BSIT 3RD YEAR\New VovGest\FSL-105 A dataset for recognizing 105 Filipino sign language videos\FSL-105 A dataset for recognizing 105 Filipino sign language videos\clips\clips\103\7.MOV,SUNDAY,243,0,83,0,0.0,0.341564,0.0,0.0,1.069588,0.0,0.013044,RIGHT,0.0,0.0,AMBIGUOUS
C:\BSIT 3RD YEAR\New VovGest\FSL-105 A dataset for recognizing 105 Filipino sign language videos\FSL-105 A dataset for recognizing 105 Filipino sign language videos\clips\clips\103\8.MOV,MONDAY,243,0,81,0,0.0,0.333333,0.0,0.0,0.925127,0.0,0.012015,RIGHT,0.0,0.0,AMBIGUOUS
C:\BSIT 3RD YEAR\New VovGest\FSL-105 A dataset for recognizing 105 Filipino sign language videos\FSL-105 A dataset for recognizing 105 Filipino sign language videos\clips\clips\103\9.MOV,COUSIN,243,0,77,0,0.0,0.316872,0.0,0.0,1.016049,0.0,0.013547,RIGHT,0.0,0.0,AMBIGUOUS
C:\BSIT 3RD YEAR\New VovGest\FSL-105 A dataset for recognizing 105 Filipino sign language videos\FSL-105 A dataset for recognizing 105 Filipino sign language videos\clips\clips\104\0.MOV,DEAF BLIND,243,0,117,0,0.0,0.481481,0.0,0.0,1.095641,0.0,0.009445,RIGHT,0.0,0.0,ONE_HANDED
C:\BSIT 3RD YEAR\New VovGest\FSL-105 A dataset for recognizing 105 Filipino sign language videos\FSL-105 A dataset for recognizing 105 Filipino sign language videos\clips\clips\104\1.MOV,FEBRUARY,243,0,115,0,0.0,0.473251,0.0,0.0,1.171928,0.0,0.01028,RIGHT,0.0,0.0,ONE_HANDED
C:\BSIT 3RD YEAR\New VovGest\FSL-105 A dataset for recognizing 105 Filipino sign language videos\FSL-105 A dataset for recognizing 105 Filipino sign language videos\clips\clips\104\10.MOV,YESTERDAY,243,0,105,0,0.0,0.432099,0.0,0.0,0.837697,0.0,0.008213,RIGHT,0.0,0.0,AMBIGUOUS
C:\BSIT 3RD YEAR\New VovGest\FSL-105 A dataset for recognizing 105 Filipino sign language videos\FSL-105 A dataset for recognizing 105 Filipino sign language videos\clips\clips\104\11.MOV,DON’T KNOW,243,0,94,0,0.0,0.386831,0.0,0.0,0.895891,0.0,0.009633,RIGHT,0.0,0.0,AMBIGUOUS
C:\BSIT 3RD YEAR\New VovGest\FSL-105 A dataset for recognizing 105 Filipino sign language videos\FSL-105 A dataset for recognizing 105 Filipino sign language videos\clips\clips\104\12.MOV,WEDNESDAY,243,0,94,0,0.0,0.386831,0.0,0.0,0.975248,0.0,0.010601,RIGHT,0.0,0.0,AMBIGUOUS
C:\BSIT 3RD YEAR\New VovGest\FSL-105 A dataset for recognizing 105 Filipino sign language videos\FSL-105 A dataset for recognizing 105 Filipino sign language videos\clips\clips\104\13.MOV,UNDERSTAND,243,0,97,0,0.0,0.399177,0.0,0.0,1.080835,0.0,0.011259,RIGHT,0.0,0.0,AMBIGUOUS
C:\BSIT 3RD YEAR\New VovGest\FSL-105 A dataset for recognizing 105 Filipino sign language videos\FSL-105 A dataset for recognizing 105 Filipino sign language videos\clips\clips\104\14.MOV,HARD OF HEARING,243,0,92,0,0.0,0.378601,0.0,0.0,0.926688,0.0,0.010297,RIGHT,0.0,0.0,AMBIGUOUS
C:\BSIT 3RD YEAR\New VovGest\FSL-105 A dataset for recognizing 105 Filipino sign language videos\FSL-105 A dataset for recognizing 105 Filipino sign language videos\clips\clips\104\15.MOV,NOVEMBER,243,0,94,0,0.0,0.386831,0.0,0.0,0.913445,0.0,0.009929,RIGHT,0.0,0.0,AMBIGUOUS
C:\BSIT 3RD YEAR\New VovGest\FSL-105 A dataset for recognizing 105 Filipino sign language videos\FSL-105 A dataset for recognizing 105 Filipino sign language videos\clips\clips\104\16.MOV,BLIND,243,0,94,0,0.0,0.386831,0.0,0.0,1.01087,0.0,0.010988,RIGHT,0.0,0.0,AMBIGUOUS
C:\BSIT 3RD YEAR\New VovGest\FSL-105 A dataset for recognizing 105 Filipino sign language videos\FSL-105 A dataset for recognizing 105 Filipino sign language videos\clips\clips\104\17.MOV,COLD,243,0,123,0,0.0,0.506173,0.0,0.0,1.62158,0.0,0.013401,RIGHT,0.0,0.0,ONE_HANDED
C:\BSIT 3RD YEAR\New VovGest\FSL-105 A dataset for recognizing 105 Filipino sign language videos\FSL-105 A dataset for recognizing 105 Filipino sign language videos\clips\clips\104\18.MOV,GREEN,243,0,94,0,0.0,0.386831,0.0,0.0,1.078123,0.0,0.011719,RIGHT,0.0,0.0,AMBIGUOUS
C:\BSIT 3RD YEAR\New VovGest\FSL-105 A dataset for recognizing 105 Filipino sign language videos\FSL-105 A dataset for recognizing 105 Filipino sign language videos\clips\clips\104\19.MOV,IM FINE,243,0,115,0,0.0,0.473251,0.0,0.0,1.651001,0.0,0.014611,RIGHT,0.0,0.0,ONE_HANDED
C:\BSIT 3RD YEAR\New VovGest\FSL-105 A dataset for recognizing 105 Filipino sign language videos\FSL-105 A dataset for recognizing 105 Filipino sign language videos\clips\clips\104\2.MOV,JUNE,243,0,108,0,0.0,0.444444,0.0,0.0,1.004562,0.0,0.009388,RIGHT,0.0,0.0,AMBIGUOUS
C:\BSIT 3RD YEAR\New VovGest\FSL-105 A dataset for recognizing 105 Filipino sign language videos\FSL-105 A dataset for recognizing 105 Filipino sign language videos\clips\clips\104\3.MOV,FATHER,243,0,97,0,0.0,0.399177,0.0,0.0,0.976537,0.0,0.010172,RIGHT,0.0,0.0,AMBIGUOUS
C:\BSIT 3RD YEAR\New VovGest\FSL-105 A dataset for recognizing 105 Filipino sign language videos\FSL-105 A dataset for recognizing 105 Filipino sign language videos\clips\clips\104\4.MOV,MOTHER,243,0,108,0,0.0,0.444444,0.0,0.0,1.006768,0.0,0.009409,RIGHT,0.0,0.0,AMBIGUOUS
C:\BSIT 3RD YEAR\New VovGest\FSL-105 A dataset for recognizing 105 Filipino sign language videos\FSL-105 A dataset for recognizing 105 Filipino sign language videos\clips\clips\104\5.MOV,UNDERSTAND,243,0,127,0,0.0,0.522634,0.0,0.0,1.155779,0.0,0.009321,RIGHT,0.0,0.0,ONE_HANDED
C:\BSIT 3RD YEAR\New VovGest\FSL-105 A dataset for recognizing 105 Filipino sign language videos\FSL-105 A dataset for recognizing 105 Filipino sign language videos\clips\clips\104\6.MOV,SUGAR,243,0,120,0,0.0,0.493827,0.0,0.0,1.022714,0.0,0.008741,RIGHT,0.0,0.0,ONE_HANDED
C:\BSIT 3RD YEAR\New VovGest\FSL-105 A dataset for recognizing 105 Filipino sign language videos\FSL-105 A dataset for recognizing 105 Filipino sign language videos\clips\clips\104\7.MOV,SUNDAY,243,0,110,0,0.0,0.452675,0.0,0.0,1.018846,0.0,0.009347,RIGHT,0.0,0.0,ONE_HANDED
C:\BSIT 3RD YEAR\New VovGest\FSL-105 A dataset for recognizing 105 Filipino sign language videos\FSL-105 A dataset for recognizing 105 Filipino sign language videos\clips\clips\104\8.MOV,MONDAY,243,0,112,0,0.0,0.460905,0.0,0.0,0.825355,0.0,0.007503,RIGHT,0.0,0.0,ONE_HANDED
C:\BSIT 3RD YEAR\New VovGest\FSL-105 A dataset for recognizing 105 Filipino sign language videos\FSL-105 A dataset for recognizing 105 Filipino sign language videos\clips\clips\104\9.MOV,COUSIN,243,0,133,0,0.0,0.547325,0.0,0.0,1.265084,0.0,0.009657,RIGHT,0.0,0.0,ONE_HANDED
C:\BSIT 3RD YEAR\New VovGest\FSL-105 A dataset for recognizing 105 Filipino sign language videos\FSL-105 A dataset for recognizing 105 Filipino sign language videos\clips\clips\11\0.MOV,DEAF BLIND,244,0,121,0,0.0,0.495902,0.0,0.0,1.003132,0.0,0.008359,RIGHT,0.0,0.0,ONE_HANDED
C:\BSIT 3RD YEAR\New VovGest\FSL-105 A dataset for recognizing 105 Filipino sign language videos\FSL-105 A dataset for recognizing 105 Filipino sign language videos\clips\clips\11\1.MOV,FEBRUARY,244,0,108,0,0.0,0.442623,0.0,0.0,1.077167,0.0,0.010067,RIGHT,0.0,0.0,AMBIGUOUS
C:\BSIT 3RD YEAR\New VovGest\FSL-105 A dataset for recognizing 105 Filipino sign language videos\FSL-105 A dataset for recognizing 105 Filipino sign language videos\clips\clips\11\10.MOV,YESTERDAY,244,0,84,0,0.0,0.344262,0.0,0.0,1.074992,0.0,0.012952,RIGHT,0.0,0.0,AMBIGUOUS
C:\BSIT 3RD YEAR\New VovGest\FSL-105 A dataset for recognizing 105 Filipino sign language videos\FSL-105 A dataset for recognizing 105 Filipino sign language videos\clips\clips\11\11.MOV,DON’T KNOW,244,0,83,0,0.0,0.340164,0.0,0.0,1.075421,0.0,0.013277,RIGHT,0.0,0.0,AMBIGUOUS
C:\BSIT 3RD YEAR\New VovGest\FSL-105 A dataset for recognizing 105 Filipino sign language videos\FSL-105 A dataset for recognizing 105 Filipino sign language videos\clips\clips\11\12.MOV,WEDNESDAY,244,0,78,0,0.0,0.319672,0.0,0.0,1.063867,0.0,0.013998,RIGHT,0.0,0.0,AMBIGUOUS
C:\BSIT 3RD YEAR\New VovGest\FSL-105 A dataset for recognizing 105 Filipino sign language videos\FSL-105 A dataset for recognizing 105 Filipino sign language videos\clips\clips\11\13.MOV,UNDERSTAND,244,0,74,0,0.0,0.303279,0.0,0.0,1.1015,0.0,0.015089,RIGHT,0.0,0.0,AMBIGUOUS
C:\BSIT 3RD YEAR\New VovGest\FSL-105 A dataset for recognizing 105 Filipino sign language videos\FSL-105 A dataset for recognizing 105 Filipino sign language videos\clips\clips\11\14.MOV,HARD OF HEARING,244,0,82,0,0.0,0.336066,0.0,0.0,1.041694,0.0,0.013528,RIGHT,0.0,0.0,AMBIGUOUS
C:\BSIT 3RD YEAR\New VovGest\FSL-105 A dataset for recognizing 105 Filipino sign language videos\FSL-105 A dataset for recognizing 105 Filipino sign language videos\clips\clips\11\15.MOV,NOVEMBER,244,0,82,0,0.0,0.336066,0.0,0.0,0.972517,0.0,0.012156,RIGHT,0.0,0.0,AMBIGUOUS
C:\BSIT 3RD YEAR\New VovGest\FSL-105 A dataset for recognizing 105 Filipino sign language videos\FSL-105 A dataset for recognizing 105 Filipino sign language videos\clips\clips\11\16.MOV,BLIND,244,0,78,0,0.0,0.319672,0.0,0.0,0.85438,0.0,0.011242,RIGHT,0.0,0.0,AMBIGUOUS
C:\BSIT 3RD YEAR\New VovGest\FSL-105 A dataset for recognizing 105 Filipino sign language videos\FSL-105 A dataset for recognizing 105 Filipino sign language videos\clips\clips\11\17.MOV,COLD,244,0,102,0,0.0,0.418033,0.0,0.0,1.020988,0.0,0.01021,RIGHT,0.0,0.0,AMBIGUOUS
C:\BSIT 3RD YEAR\New VovGest\FSL-105 A dataset for recognizing 105 Filipino sign language videos\FSL-105 A dataset for recognizing 105 Filipino sign language videos\clips\clips\11\18.MOV,GREEN,244,0,103,0,0.0,0.422131,0.0,0.0,1.018216,0.0,0.010081,RIGHT,0.0,0.0,AMBIGUOUS
C:\BSIT 3RD YEAR\New VovGest\FSL-105 A dataset for recognizing 105 Filipino sign language videos\FSL-105 A dataset for recognizing 105 Filipino sign language videos\clips\clips\11\19.MOV,IM FINE,244,0,91,0,0.0,0.372951,0.0,0.0,0.89139,0.0,0.009904,RIGHT,0.0,0.0,AMBIGUOUS
C:\BSIT 3RD YEAR\New VovGest\FSL-105 A dataset for recognizing 105 Filipino sign language videos\FSL-105 A dataset for recognizing 105 Filipino sign language videos\clips\clips\11\2.MOV,JUNE,244,0,102,0,0.0,0.418033,0.0,0.0,1.092847,0.0,0.01082,RIGHT,0.0,0.0,AMBIGUOUS
C:\BSIT 3RD YEAR\New VovGest\FSL-105 A dataset for recognizing 105 Filipino sign language videos\FSL-105 A dataset for recognizing 105 Filipino sign language videos\clips\clips\11\20.MOV,SEVEN,244,0,90,0,0.0,0.368852,0.0,0.0,0.933772,0.0,0.010492,RIGHT,0.0,0.0,AMBIGUOUS
C:\BSIT 3RD YEAR\New VovGest\FSL-105 A dataset for recognizing 105 Filipino sign language videos\FSL-105 A dataset for recognizing 105 Filipino sign language videos\clips\clips\11\3.MOV,FATHER,244,0,83,0,0.0,0.340164,0.0,0.0,1.013214,0.0,0.012665,RIGHT,0.0,0.0,AMBIGUOUS
C:\BSIT 3RD YEAR\New VovGest\FSL-105 A dataset for recognizing 105 Filipino sign language videos\FSL-105 A dataset for recognizing 105 Filipino sign language videos\clips\clips\11\4.MOV,MOTHER,244,0,85,0,0.0,0.348361,0.0,0.0,1.125559,0.0,0.0134,RIGHT,0.0,0.0,AMBIGUOUS
C:\BSIT 3RD YEAR\New VovGest\FSL-105 A dataset for recognizing 105 Filipino sign language videos\FSL-105 A dataset for recognizing 105 Filipino sign language videos\clips\clips\11\5.MOV,UNDERSTAND,244,0,72,0,0.0,0.295082,0.0,0.0,0.819703,0.0,0.01171,RIGHT,0.0,0.0,AMBIGUOUS
C:\BSIT 3RD YEAR\New VovGest\FSL-105 A dataset for recognizing 105 Filipino sign language videos\FSL-105 A dataset for recognizing 105 Filipino sign language videos\clips\clips\11\6.MOV,SUGAR,244,0,90,0,0.0,0.368852,0.0,0.0,0.854411,0.0,0.009709,RIGHT,0.0,0.0,AMBIGUOUS
C:\BSIT 3RD YEAR\New VovGest\FSL-105 A dataset for recognizing 105 Filipino sign language videos\FSL-105 A dataset for recognizing 105 Filipino sign language videos\clips\clips\11\7.MOV,SUNDAY,244,0,86,0,0.0,0.352459,0.0,0.0,0.925307,0.0,0.011016,RIGHT,0.0,0.0,AMBIGUOUS
C:\BSIT 3RD YEAR\New VovGest\FSL-105 A dataset for recognizing 105 Filipino sign language videos\FSL-105 A dataset for recognizing 105 Filipino sign language videos\clips\clips\11\8.MOV,MONDAY,244,0,86,0,0.0,0.352459,0.0,0.0,0.929769,0.0,0.011069,RIGHT,0.0,0.0,AMBIGUOUS
C:\BSIT 3RD YEAR\New VovGest\FSL-105 A dataset for recognizing 105 Filipino sign language videos\FSL-105 A dataset for recognizing 105 Filipino sign language videos\clips\clips\11\9.MOV,COUSIN,244,0,81,0,0.0,0.331967,0.0,0.0,0.809311,0.0,0.010244,RIGHT,0.0,0.0,AMBIGUOUS
C:\BSIT 3RD YEAR\New VovGest\FSL-105 A dataset for recognizing 105 Filipino sign language videos\FSL-105 A dataset for recognizing 105 Filipino sign language videos\clips\clips\12\0.MOV,DEAF BLIND,244,0,100,0,0.0,0.409836,0.0,0.0,0.919437,0.0,0.009479,RIGHT,0.0,0.0,AMBIGUOUS
C:\BSIT 3RD YEAR\New VovGest\FSL-105 A dataset for recognizing 105 Filipino sign language videos\FSL-105 A dataset for recognizing 105 Filipino sign language videos\clips\clips\12\1.MOV,FEBRUARY,244,0,82,0,0.0,0.336066,0.0,0.0,0.738826,0.0,0.009121,RIGHT,0.0,0.0,AMBIGUOUS
C:\BSIT 3RD YEAR\New VovGest\FSL-105 A dataset for recognizing 105 Filipino sign language videos\FSL-105 A dataset for recognizing 105 Filipino sign language videos\clips\clips\12\10.MOV,YESTERDAY,244,0,81,0,0.0,0.331967,0.0,0.0,0.67052,0.0,0.008488,RIGHT,0.0,0.0,AMBIGUOUS
C:\BSIT 3RD YEAR\New VovGest\FSL-105 A dataset for recognizing 105 Filipino sign language videos\FSL-105 A dataset for recognizing 105 Filipino sign language videos\clips\clips\12\11.MOV,DON’T KNOW,244,0,75,0,0.0,0.307377,0.0,0.0,0.560794,0.0,0.007682,RIGHT,0.0,0.0,AMBIGUOUS
C:\BSIT 3RD YEAR\New VovGest\FSL-105 A dataset for recognizing 105 Filipino sign language videos\FSL-105 A dataset for recognizing 105 Filipino sign language videos\clips\clips\12\12.MOV,WEDNESDAY,244,0,79,0,0.0,0.32377,0.0,0.0,0.658223,0.0,0.008776,RIGHT,0.0,0.0,AMBIGUOUS
C:\BSIT 3RD YEAR\New VovGest\FSL-105 A dataset for recognizing 105 Filipino sign language videos\FSL-105 A dataset for recognizing 105 Filipino sign language videos\clips\clips\12\13.MOV,UNDERSTAND,244,0,73,0,0.0,0.29918,0.0,0.0,0.566982,0.0,0.0081,RIGHT,0.0,0.0,AMBIGUOUS
C:\BSIT 3RD YEAR\New VovGest\FSL-105 A dataset for recognizing 105 Filipino sign language videos\FSL-105 A dataset for recognizing 105 Filipino sign language videos\clips\clips\12\14.MOV,HARD OF HEARING,244,0,79,0,0.0,0.32377,0.0,0.0,0.669225,0.0,0.008806,RIGHT,0.0,0.0,AMBIGUOUS
C:\BSIT 3RD YEAR\New VovGest\FSL-105 A dataset for recognizing 105 Filipino sign language videos\FSL-105 A dataset for recognizing 105 Filipino sign language videos\clips\clips\12\15.MOV,NOVEMBER,244,0,77,0,0.0,0.315574,0.0,0.0,0.774011,0.0,0.01075,RIGHT,0.0,0.0,AMBIGUOUS
C:\BSIT 3RD YEAR\New VovGest\FSL-105 A dataset for recognizing 105 Filipino sign language videos\FSL-105 A dataset for recognizing 105 Filipino sign language videos\clips\clips\12\16.MOV,BLIND,244,0,99,0,0.0,0.405738,0.0,0.0,1.062642,0.0,0.011069,RIGHT,0.0,0.0,AMBIGUOUS
C:\BSIT 3RD YEAR\New VovGest\FSL-105 A dataset for recognizing 105 Filipino sign language videos\FSL-105 A dataset for recognizing 105 Filipino sign language videos\clips\clips\12\17.MOV,COLD,244,0,94,0,0.0,0.385246,0.0,0.0,0.658634,0.0,0.007318,RIGHT,0.0,0.0,AMBIGUOUS
C:\BSIT 3RD YEAR\New VovGest\FSL-105 A dataset for recognizing 105 Filipino sign language videos\FSL-105 A dataset for recognizing 105 Filipino sign language videos\clips\clips\12\18.MOV,GREEN,244,0,80,0,0.0,0.327869,0.0,0.0,0.838787,0.0,0.010893,RIGHT,0.0,0.0,AMBIGUOUS
C:\BSIT 3RD YEAR\New VovGest\FSL-105 A dataset for recognizing 105 Filipino sign language videos\FSL-105 A dataset for recognizing 105 Filipino sign language videos\clips\clips\12\19.MOV,IM FINE,244,0,86,0,0.0,0.352459,0.0,0.0,0.658792,0.0,0.007937,RIGHT,0.0,0.0,AMBIGUOUS
C:\BSIT 3RD YEAR\New VovGest\FSL-105 A dataset for recognizing 105 Filipino sign language videos\FSL-105 A dataset for recognizing 105 Filipino sign language videos\clips\clips\12\2.MOV,JUNE,244,0,78,0,0.0,0.319672,0.0,0.0,0.870123,0.0,0.011449,RIGHT,0.0,0.0,AMBIGUOUS
C:\BSIT 3RD YEAR\New VovGest\FSL-105 A dataset for recognizing 105 Filipino sign language videos\FSL-105 A dataset for recognizing 105 Filipino sign language videos\clips\clips\12\20.MOV,SEVEN,244,0,76,0,0.0,0.311475,0.0,0.0,0.527055,0.0,0.00722,RIGHT,0.0,0.0,AMBIGUOUS
C:\BSIT 3RD YEAR\New VovGest\FSL-105 A dataset for recognizing 105 Filipino sign language videos\FSL-105 A dataset for recognizing 105 Filipino sign language videos\clips\clips\12\3.MOV,FATHER,244,0,95,0,0.0,0.389344,0.0,0.0,0.972755,0.0,0.01046,RIGHT,0.0,0.0,AMBIGUOUS
C:\BSIT 3RD YEAR\New VovGest\FSL-105 A dataset for recognizing 105 Filipino sign language videos\FSL-105 A dataset for recognizing 105 Filipino sign language videos\clips\clips\12\4.MOV,MOTHER,244,0,83,0,0.0,0.340164,0.0,0.0,0.761659,0.0,0.009403,RIGHT,0.0,0.0,AMBIGUOUS
C:\BSIT 3RD YEAR\New VovGest\FSL-105 A dataset for recognizing 105 Filipino sign language videos\FSL-105 A dataset for recognizing 105 Filipino sign language videos\clips\clips\12\5.MOV,UNDERSTAND,244,0,88,0,0.0,0.360656,0.0,0.0,0.87654,0.0,0.010312,RIGHT,0.0,0.0,AMBIGUOUS
C:\BSIT 3RD YEAR\New VovGest\FSL-105 A dataset for recognizing 105 Filipino sign language videos\FSL-105 A dataset for recognizing 105 Filipino sign language videos\clips\clips\12\6.MOV,SUGAR,244,0,73,0,0.0,0.29918,0.0,0.0,0.672331,0.0,0.009469,RIGHT,0.0,0.0,AMBIGUOUS
C:\BSIT 3RD YEAR\New VovGest\FSL-105 A dataset for recognizing 105 Filipino sign language videos\FSL-105 A dataset for recognizing 105 Filipino sign language videos\clips\clips\12\7.MOV,SUNDAY,244,0,81,0,0.0,0.331967,0.0,0.0,0.767188,0.0,0.009836,RIGHT,0.0,0.0,AMBIGUOUS
C:\BSIT 3RD YEAR\New VovGest\FSL-105 A dataset for recognizing 105 Filipino sign language videos\FSL-105 A dataset for recognizing 105 Filipino sign language videos\clips\clips\12\8.MOV,MONDAY,244,0,81,0,0.0,0.331967,0.0,0.0,0.925866,0.0,0.01172,RIGHT,0.0,0.0,AMBIGUOUS
C:\BSIT 3RD YEAR\New VovGest\FSL-105 A dataset for recognizing 105 Filipino sign language videos\FSL-105 A dataset for recognizing 105 Filipino sign language videos\clips\clips\12\9.MOV,COUSIN,244,0,82,0,0.0,0.336066,0.0,0.0,0.840505,0.0,0.010776,RIGHT,0.0,0.0,AMBIGUOUS
C:\BSIT 3RD YEAR\New VovGest\FSL-105 A dataset for recognizing 105 Filipino sign language videos\FSL-105 A dataset for recognizing 105 Filipino sign language videos\clips\clips\13\0.MOV,DEAF BLIND,244,0,96,0,0.0,0.393443,0.0,0.0,1.028324,0.0,0.010824,RIGHT,0.0,0.0,AMBIGUOUS
C:\BSIT 3RD YEAR\New VovGest\FSL-105 A dataset for recognizing 105 Filipino sign language videos\FSL-105 A dataset for recognizing 105 Filipino sign language videos\clips\clips\13\1.MOV,FEBRUARY,244,0,85,0,0.0,0.348361,0.0,0.0,1.014363,0.0,0.012076,RIGHT,0.0,0.0,AMBIGUOUS
C:\BSIT 3RD YEAR\New VovGest\FSL-105 A dataset for recognizing 105 Filipino sign language videos\FSL-105 A dataset for recognizing 105 Filipino sign language videos\clips\clips\13\10.MOV,YESTERDAY,244,0,72,0,0.0,0.295082,0.0,0.0,1.070056,0.0,0.015071,RIGHT,0.0,0.0,AMBIGUOUS
C:\BSIT 3RD YEAR\New VovGest\FSL-105 A dataset for recognizing 105 Filipino sign language videos\FSL-105 A dataset for recognizing 105 Filipino sign language videos\clips\clips\13\11.MOV,DON’T KNOW,244,0,68,0,0.0,0.278689,0.0,0.0,1.020045,0.0,0.015225,RIGHT,0.0,0.0,AMBIGUOUS
C:\BSIT 3RD YEAR\New VovGest\FSL-105 A dataset for recognizing 105 Filipino sign language videos\FSL-105 A dataset for recognizing 105 Filipino sign language videos\clips\clips\13\12.MOV,WEDNESDAY,244,0,65,0,0.0,0.266393,0.0,0.0,1.061519,0.0,0.016586,RIGHT,0.0,0.0,AMBIGUOUS
C:\BSIT 3RD YEAR\New VovGest\FSL-105 A dataset for recognizing 105 Filipino sign language videos\FSL-105 A dataset for recognizing 105 Filipino sign language videos\clips\clips\13\13.MOV,UNDERSTAND,244,0,72,0,0.0,0.295082,0.0,0.0,1.114264,0.0,0.015694,RIGHT,0.0,0.0,AMBIGUOUS
C:\BSIT 3RD YEAR\New VovGest\FSL-105 A dataset for recognizing 105 Filipino sign language videos\FSL-105 A dataset for recognizing 105 Filipino sign language videos\clips\clips\13\14.MOV,HARD OF HEARING,244,0,69,0,0.0,0.282787,0.0,0.0,0.957593,0.0,0.014082,RIGHT,0.0,0.0,AMBIGUOUS
C:\BSIT 3RD YEAR\New VovGest\FSL-105 A dataset for recognizing 105 Filipino sign language videos\FSL-105 A dataset for recognizing 105 Filipino sign language videos\clips\clips\13\15.MOV,NOVEMBER,244,0,77,0,0.0,0.315574,0.0,0.0,0.912058,0.0,0.012494,RIGHT,0.0,0.0,AMBIGUOUS
C:\BSIT 3RD YEAR\New VovGest\FSL-105 A dataset for recognizing 105 Filipino sign language videos\FSL-105 A dataset for recognizing 105 Filipino sign language videos\clips\clips\13\16.MOV,BLIND,244,0,83,0,0.0,0.340164,0.0,0.0,1.092528,0.0,0.013488,RIGHT,0.0,0.0,AMBIGUOUS
C:\BSIT 3RD YEAR\New VovGest\FSL-105 A dataset for recognizing 105 Filipino sign language videos\FSL-105 A dataset for recognizing 105 Filipino sign language videos\clips\clips\13\17.MOV,COLD,244,0,82,0,0.0,0.336066,0.0,0.0,0.779625,0.0,0.009995,RIGHT,0.0,0.0,AMBIGUOUS
C:\BSIT 3RD YEAR\New VovGest\FSL-105 A dataset for recognizing 105 Filipino sign language videos\FSL-105 A dataset for recognizing 105 Filipino sign language videos\clips\clips\13\18.MOV,GREEN,244,0,88,0,0.0,0.360656,0.0,0.0,0.921812,0.0,0.010845,RIGHT,0.0,0.0,AMBIGUOUS
C:\BSIT 3RD YEAR\New VovGest\FSL-105 A dataset for recognizing 105 Filipino sign language videos\FSL-105 A dataset for recognizing 105 Filipino sign language videos\clips\clips\13\19.MOV,IM FINE,244,0,73,0,0.0,0.29918,0.0,0.0,0.931357,0.0,0.013118,RIGHT,0.0,0.0,AMBIGUOUS
C:\BSIT 3RD YEAR\New VovGest\FSL-105 A dataset for recognizing 105 Filipino sign language videos\FSL-105 A dataset for recognizing 105 Filipino sign language videos\clips\clips\13\2.MOV,JUNE,244,0,79,0,0.0,0.32377,0.0,0.0,0.931614,0.0,0.012099,RIGHT,0.0,0.0,AMBIGUOUS
C:\BSIT 3RD YEAR\New VovGest\FSL-105 A dataset for recognizing 105 Filipino sign language videos\FSL-105 A dataset for recognizing 105 Filipino sign language videos\clips\clips\13\3.MOV,FATHER,244,0,85,0,0.0,0.348361,0.0,0.0,1.037842,0.0,0.012504,RIGHT,0.0,0.0,AMBIGUOUS
C:\BSIT 3RD YEAR\New VovGest\FSL-105 A dataset for recognizing 105 Filipino sign language videos\FSL-105 A dataset for recognizing 105 Filipino sign language videos\clips\clips\13\4.MOV,MOTHER,244,0,84,0,0.0,0.344262,0.0,0.0,0.925534,0.0,0.011151,RIGHT,0.0,0.0,AMBIGUOUS
C:\BSIT 3RD YEAR\New VovGest\FSL-105 A dataset for recognizing 105 Filipino sign language videos\FSL-105 A dataset for recognizing 105 Filipino sign language videos\clips\clips\13\5.MOV,UNDERSTAND,244,0,79,0,0.0,0.32377,0.0,0.0,0.943515,0.0,0.012415,RIGHT,0.0,0.0,AMBIGUOUS
C:\BSIT 3RD YEAR\New VovGest\FSL-105 A dataset for recognizing 105 Filipino sign language videos\FSL-105 A dataset for recognizing 105 Filipino sign language videos\clips\clips\13\6.MOV,SUGAR,244,0,90,0,0.0,0.368852,0.0,0.0,1.140113,0.0,0.012956,RIGHT,0.0,0.0,AMBIGUOUS
C:\BSIT 3RD YEAR\New VovGest\FSL-105 A dataset for recognizing 105 Filipino sign language videos\FSL-105 A dataset for recognizing 105 Filipino sign language videos\clips\clips\13\7.MOV,SUNDAY,244,0,92,0,0.0,0.377049,0.0,0.0,1.019641,0.0,0.011457,RIGHT,0.0,0.0,AMBIGUOUS
C:\BSIT 3RD YEAR\New VovGest\FSL-105 A dataset for recognizing 105 Filipino sign language videos\FSL-105 A dataset for recognizing 105 Filipino sign language videos\clips\clips\13\8.MOV,MONDAY,244,0,94,0,0.0,0.385246,0.0,0.0,1.027895,0.0,0.011296,RIGHT,0.0,0.0,AMBIGUOUS
C:\BSIT 3RD YEAR\New VovGest\FSL-105 A dataset for recognizing 105 Filipino sign language videos\FSL-105 A dataset for recognizing 105 Filipino sign language videos\clips\clips\13\9.MOV,COUSIN,244,0,101,0,0.0,0.413934,0.0,0.0,1.16411,0.0,0.011759,RIGHT,0.0,0.0,AMBIGUOUS
C:\BSIT 3RD YEAR\New VovGest\FSL-105 A dataset for recognizing 105 Filipino sign language videos\FSL-105 A dataset for recognizing 105 Filipino sign language videos\clips\clips\14\0.MOV,DEAF BLIND,244,0,97,0,0.0,0.397541,0.0,0.0,0.396083,0.0,0.004126,RIGHT,0.0,0.0,AMBIGUOUS
C:\BSIT 3RD YEAR\New VovGest\FSL-105 A dataset for recognizing 105 Filipino sign language videos\FSL-105 A dataset for recognizing 105 Filipino sign language videos\clips\clips\14\1.MOV,FEBRUARY,244,0,79,0,0.0,0.32377,0.0,0.0,0.582584,0.0,0.007566,RIGHT,0.0,0.0,AMBIGUOUS
C:\BSIT 3RD YEAR\New VovGest\FSL-105 A dataset for recognizing 105 Filipino sign language videos\FSL-105 A dataset for recognizing 105 Filipino sign language videos\clips\clips\14\10.MOV,YESTERDAY,244,0,81,0,0.0,0.331967,0.0,0.0,0.608439,0.0,0.007605,RIGHT,0.0,0.0,AMBIGUOUS
C:\BSIT 3RD YEAR\New VovGest\FSL-105 A dataset for recognizing 105 Filipino sign language videos\FSL-105 A dataset for recognizing 105 Filipino sign language videos\clips\clips\14\11.MOV,DON’T KNOW,244,0,72,0,0.0,0.295082,0.0,0.0,0.620336,0.0,0.008862,RIGHT,0.0,0.0,AMBIGUOUS
C:\BSIT 3RD YEAR\New VovGest\FSL-105 A dataset for recognizing 105 Filipino sign language videos\FSL-105 A dataset for recognizing 105 Filipino sign language videos\clips\clips\14\12.MOV,WEDNESDAY,244,0,75,0,0.0,0.307377,0.0,0.0,0.556684,0.0,0.007841,RIGHT,0.0,0.0,AMBIGUOUS
C:\BSIT 3RD YEAR\New VovGest\FSL-105 A dataset for recognizing 105 Filipino sign language videos\FSL-105 A dataset for recognizing 105 Filipino sign language videos\clips\clips\14\13.MOV,UNDERSTAND,244,0,75,0,0.0,0.307377,0.0,0.0,0.491544,0.0,0.006827,RIGHT,0.0,0.0,AMBIGUOUS
C:\BSIT 3RD YEAR\New VovGest\FSL-105 A dataset for recognizing 105 Filipino sign language videos\FSL-105 A dataset for recognizing 105 Filipino sign language videos\clips\clips\14\14.MOV,HARD OF HEARING,244,0,79,0,0.0,0.32377,0.0,0.0,0.478622,0.0,0.006216,RIGHT,0.0,0.0,AMBIGUOUS
C:\BSIT 3RD YEAR\New VovGest\FSL-105 A dataset for recognizing 105 Filipino sign language videos\FSL-105 A dataset for recognizing 105 Filipino sign language videos\clips\clips\14\15.MOV,NOVEMBER,244,0,77,0,0.0,0.315574,0.0,0.0,0.632354,0.0,0.008431,RIGHT,0.0,0.0,AMBIGUOUS
C:\BSIT 3RD YEAR\New VovGest\FSL-105 A dataset for recognizing 105 Filipino sign language videos\FSL-105 A dataset for recognizing 105 Filipino sign language videos\clips\clips\14\16.MOV,BLIND,244,0,66,0,0.0,0.270492,0.0,0.0,0.784183,0.0,0.012064,RIGHT,0.0,0.0,AMBIGUOUS
C:\BSIT 3RD YEAR\New VovGest\FSL-105 A dataset for recognizing 105 Filipino sign language videos\FSL-105 A dataset for recognizing 105 Filipino sign language videos\clips\clips\14\17.MOV,COLD,244,0,62,0,0.0,0.254098,0.0,0.0,0.792413,0.0,0.01299,RIGHT,0.0,0.0,AMBIGUOUS
C:\BSIT 3RD YEAR\New VovGest\FSL-105 A dataset for recognizing 105 Filipino sign language videos\FSL-105 A dataset for recognizing 105 Filipino sign language videos\clips\clips\14\18.MOV,GREEN,244,0,94,0,0.0,0.385246,0.0,0.0,0.67356,0.0,0.007321,RIGHT,0.0,0.0,AMBIGUOUS
C:\BSIT 3RD YEAR\New VovGest\FSL-105 A dataset for recognizing 105 Filipino sign language videos\FSL-105 A dataset for recognizing 105 Filipino sign language videos\clips\clips\14\19.MOV,IM FINE,244,0,87,0,0.0,0.356557,0.0,0.0,0.745334,0.0,0.008667,RIGHT,0.0,0.0,AMBIGUOUS
C:\BSIT 3RD YEAR\New VovGest\FSL-105 A dataset for recognizing 105 Filipino sign language videos\FSL-105 A dataset for recognizing 105 Filipino sign language videos\clips\clips\14\2.MOV,JUNE,244,2,73,2,0.008197,0.29918,0.008197,0.057975,0.660434,0.057975,0.009173,RIGHT,0.008197,0.087783,AMBIGUOUS
C:\BSIT 3RD YEAR\New VovGest\FSL-105 A dataset for recognizing 105 Filipino sign language videos\FSL-105 A dataset for recognizing 105 Filipino sign language videos\clips\clips\14\20.MOV,SEVEN,244,0,94,0,0.0,0.385246,0.0,0.0,0.804902,0.0,0.008655,RIGHT,0.0,0.0,AMBIGUOUS
C:\BSIT 3RD YEAR\New VovGest\FSL-105 A dataset for recognizing 105 Filipino sign language videos\FSL-105 A dataset for recognizing 105 Filipino sign language videos\clips\clips\14\3.MOV,FATHER,244,0,72,0,0.0,0.295082,0.0,0.0,0.587713,0.0,0.008396,RIGHT,0.0,0.0,AMBIGUOUS
C:\BSIT 3RD YEAR\New VovGest\FSL-105 A dataset for recognizing 105 Filipino sign language videos\FSL-105 A dataset for recognizing 105 Filipino sign language videos\clips\clips\14\4.MOV,MOTHER,244,0,82,0,0.0,0.336066,0.0,0.0,0.773445,0.0,0.009549,RIGHT,0.0,0.0,AMBIGUOUS
C:\BSIT 3RD YEAR\New VovGest\FSL-105 A dataset for recognizing 105 Filipino sign language videos\FSL-105 A dataset for recognizing 105 Filipino sign language videos\clips\clips\14\5.MOV,UNDERSTAND,244,0,70,0,0.0,0.286885,0.0,0.0,0.927521,0.0,0.013442,RIGHT,0.0,0.0,AMBIGUOUS
C:\BSIT 3RD YEAR\New VovGest\FSL-105 A dataset for recognizing 105 Filipino sign language videos\FSL-105 A dataset for recognizing 105 Filipino sign language videos\clips\clips\14\6.MOV,SUGAR,244,0,71,0,0.0,0.290984,0.0,0.0,0.781948,0.0,0.011171,RIGHT,0.0,0.0,AMBIGUOUS
C:\BSIT 3RD YEAR\New VovGest\FSL-105 A dataset for recognizing 105 Filipino sign language videos\FSL-105 A dataset for recognizing 105 Filipino sign language videos\clips\clips\14\7.MOV,SUNDAY,244,0,77,0,0.0,0.315574,0.0,0.0,0.631631,0.0,0.008311,RIGHT,0.0,0.0,AMBIGUOUS
C:\BSIT 3RD YEAR\New VovGest\FSL-105 A dataset for recognizing 105 Filipino sign language videos\FSL-105 A dataset for recognizing 105 Filipino sign language videos\clips\clips\14\8.MOV,MONDAY,244,0,82,0,0.0,0.336066,0.0,0.0,1.063058,0.0,0.013124,RIGHT,0.0,0.0,AMBIGUOUS
C:\BSIT 3RD YEAR\New VovGest\FSL-105 A dataset for recognizing 105 Filipino sign language videos\FSL-105 A dataset for recognizing 105 Filipino sign language videos\clips\clips\14\9.MOV,COUSIN,244,0,79,0,0.0,0.32377,0.0,0.0,0.803143,0.0,0.010297,RIGHT,0.0,0.0,AMBIGUOUS
C:\BSIT 3RD YEAR\New VovGest\FSL-105 A dataset for recognizing 105 Filipino sign language videos\FSL-105 A dataset for recognizing 105 Filipino sign language videos\clips\clips\15\0.MOV,DEAF BLIND,243,0,108,0,0.0,0.444444,0.0,0.0,0.917206,0.0,0.008572,RIGHT,0.0,0.0,AMBIGUOUS
C:\BSIT 3RD YEAR\New VovGest\FSL-105 A dataset for recognizing 105 Filipino sign language videos\FSL-105 A dataset for recognizing 105 Filipino sign language videos\clips\clips\15\1.MOV,FEBRUARY,243,0,90,0,0.0,0.37037,0.0,0.0,0.854414,0.0,0.0096,RIGHT,0.0,0.0,AMBIGUOUS
C:\BSIT 3RD YEAR\New VovGest\FSL-105 A dataset for recognizing 105 Filipino sign language videos\FSL-105 A dataset for recognizing 105 Filipino sign language videos\clips\clips\15\10.MOV,YESTERDAY,243,0,69,0,0.0,0.283951,0.0,0.0,0.739438,0.0,0.010874,RIGHT,0.0,0.0,AMBIGUOUS
C:\BSIT 3RD YEAR\New VovGest\FSL-105 A dataset for recognizing 105 Filipino sign language videos\FSL-105 A dataset for recognizing 105 Filipino sign language videos\clips\clips\15\11.MOV,DON’T KNOW,243,0,77,0,0.0,0.316872,0.0,0.0,0.732507,0.0,0.009638,RIGHT,0.0,0.0,AMBIGUOUS
C:\BSIT 3RD YEAR\New VovGest\FSL-105 A dataset for recognizing 105 Filipino sign language videos\FSL-105 A dataset for recognizing 105 Filipino sign language videos\clips\clips\15\12.MOV,WEDNESDAY,243,0,66,0,0.0,0.271605,0.0,0.0,0.697625,0.0,0.010733,RIGHT,0.0,0.0,AMBIGUOUS
C:\BSIT 3RD YEAR\New VovGest\FSL-105 A dataset for recognizing 105 Filipino sign language videos\FSL-105 A dataset for recognizing 105 Filipino sign language videos\clips\clips\15\13.MOV,UNDERSTAND,243,0,61,0,0.0,0.251029,0.0,0.0,0.458349,0.0,0.007903,RIGHT,0.0,0.0,AMBIGUOUS
C:\BSIT 3RD YEAR\New VovGest\FSL-105 A dataset for recognizing 105 Filipino sign language videos\FSL-105 A dataset for recognizing 105 Filipino sign language videos\clips\clips\15\14.MOV,HARD OF HEARING,243,0,68,0,0.0,0.279835,0.0,0.0,0.653569,0.0,0.009755,RIGHT,0.0,0.0,AMBIGUOUS
C:\BSIT 3RD YEAR\New VovGest\FSL-105 A dataset for recognizing 105 Filipino sign language videos\FSL-105 A dataset for recognizing 105 Filipino sign language videos\clips\clips\15\15.MOV,NOVEMBER,243,0,86,0,0.0,0.353909,0.0,0.0,1.018971,0.0,0.011988,RIGHT,0.0,0.0,AMBIGUOUS
C:\BSIT 3RD YEAR\New VovGest\FSL-105 A dataset for recognizing 105 Filipino sign language videos\FSL-105 A dataset for recognizing 105 Filipino sign language videos\clips\clips\15\16.MOV,BLIND,243,0,71,0,0.0,0.292181,0.0,0.0,0.887725,0.0,0.012866,RIGHT,0.0,0.0,AMBIGUOUS
C:\BSIT 3RD YEAR\New VovGest\FSL-105 A dataset for recognizing 105 Filipino sign language videos\FSL-105 A dataset for recognizing 105 Filipino sign language videos\clips\clips\15\17.MOV,COLD,243,0,80,0,0.0,0.329218,0.0,0.0,1.023187,0.0,0.013118,RIGHT,0.0,0.0,AMBIGUOUS
C:\BSIT 3RD YEAR\New VovGest\FSL-105 A dataset for recognizing 105 Filipino sign language videos\FSL-105 A dataset for recognizing 105 Filipino sign language videos\clips\clips\15\18.MOV,GREEN,243,0,90,0,0.0,0.37037,0.0,0.0,0.946718,0.0,0.010637,RIGHT,0.0,0.0,AMBIGUOUS
C:\BSIT 3RD YEAR\New VovGest\FSL-105 A dataset for recognizing 105 Filipino sign language videos\FSL-105 A dataset for recognizing 105 Filipino sign language videos\clips\clips\15\19.MOV,IM FINE,243,0,104,0,0.0,0.427984,0.0,0.0,1.144937,0.0,0.011225,RIGHT,0.0,0.0,AMBIGUOUS
C:\BSIT 3RD YEAR\New VovGest\FSL-105 A dataset for recognizing 105 Filipino sign language videos\FSL-105 A dataset for recognizing 105 Filipino sign language videos\clips\clips\15\2.MOV,JUNE,243,0,87,0,0.0,0.358025,0.0,0.0,0.955696,0.0,0.011113,RIGHT,0.0,0.0,AMBIGUOUS
C:\BSIT 3RD YEAR\New VovGest\FSL-105 A dataset for recognizing 105 Filipino sign language videos\FSL-105 A dataset for recognizing 105 Filipino sign language videos\clips\clips\15\3.MOV,FATHER,243,0,76,0,0.0,0.312757,0.0,0.0,0.884244,0.0,0.01179,RIGHT,0.0,0.0,AMBIGUOUS
C:\BSIT 3RD YEAR\New VovGest\FSL-105 A dataset for recognizing 105 Filipino sign language videos\FSL-105 A dataset for recognizing 105 Filipino sign language videos\clips\clips\15\4.MOV,MOTHER,243,0,70,0,0.0,0.288066,0.0,0.0,0.822053,0.0,0.011914,RIGHT,0.0,0.0,AMBIGUOUS
C:\BSIT 3RD YEAR\New VovGest\FSL-105 A dataset for recognizing 105 Filipino sign language videos\FSL-105 A dataset for recognizing 105 Filipino sign language videos\clips\clips\15\5.MOV,UNDERSTAND,244,0,77,0,0.0,0.315574,0.0,0.0,1.081725,0.0,0.014423,RIGHT,0.0,0.0,AMBIGUOUS
C:\BSIT 3RD YEAR\New VovGest\FSL-105 A dataset for recognizing 105 Filipino sign language videos\FSL-105 A dataset for recognizing 105 Filipino sign language videos\clips\clips\15\6.MOV,SUGAR,244,0,76,0,0.0,0.311475,0.0,0.0,1.065978,0.0,0.014213,RIGHT,0.0,0.0,AMBIGUOUS
C:\BSIT 3RD YEAR\New VovGest\FSL-105 A dataset for recognizing 105 Filipino sign language videos\FSL-105 A dataset for recognizing 105 Filipino sign language videos\clips\clips\15\7.MOV,SUNDAY,243,0,77,0,0.0,0.316872,0.0,0.0,1.58621,0.0,0.020871,RIGHT,0.0,0.0,AMBIGUOUS
C:\BSIT 3RD YEAR\New VovGest\FSL-105 A dataset for recognizing 105 Filipino sign language videos\FSL-105 A dataset for recognizing 105 Filipino sign language videos\clips\clips\15\8.MOV,MONDAY,243,0,87,0,0.0,0.358025,0.0,0.0,1.189466,0.0,0.01416,RIGHT,0.0,0.0,AMBIGUOUS
C:\BSIT 3RD YEAR\New VovGest\FSL-105 A dataset for recognizing 105 Filipino sign language videos\FSL-105 A dataset for recognizing 105 Filipino sign language videos\clips\clips\15\9.MOV,COUSIN,243,0,71,0,0.0,0.292181,0.0,0.0,1.005154,0.0,0.014567,RIGHT,0.0,0.0,AMBIGUOUS
C:\BSIT 3RD YEAR\New VovGest\FSL-105 A dataset for recognizing 105 Filipino sign language videos\FSL-105 A dataset for recognizing 105 Filipino sign language videos\clips\clips\16\0.MOV,DEAF BLIND,243,0,87,0,0.0,0.358025,0.0,0.0,0.673799,0.0,0.007927,RIGHT,0.0,0.0,AMBIGUOUS
C:\BSIT 3RD YEAR\New VovGest\FSL-105 A dataset for recognizing 105 Filipino sign language videos\FSL-105 A dataset for recognizing 105 Filipino sign language videos\clips\clips\16\1.MOV,FEBRUARY,243,1,75,1,0.004115,0.308642,0.004115,0.0,0.770822,0.0,0.010417,RIGHT,0.004115,0.0,AMBIGUOUS
C:\BSIT 3RD YEAR\New VovGest\FSL-105 A dataset for recognizing 105 Filipino sign language videos\FSL-105 A dataset for recognizing 105 Filipino sign language videos\clips\clips\16\10.MOV,YESTERDAY,243,0,68,0,0.0,0.279835,0.0,0.0,0.778036,0.0,0.011788,RIGHT,0.0,0.0,AMBIGUOUS
C:\BSIT 3RD YEAR\New VovGest\FSL-105 A dataset for recognizing 105 Filipino sign language videos\FSL-105 A dataset for recognizing 105 Filipino sign language videos\clips\clips\16\11.MOV,DON’T KNOW,243,0,64,0,0.0,0.263374,0.0,0.0,0.850815,0.0,0.013723,RIGHT,0.0,0.0,AMBIGUOUS
C:\BSIT 3RD YEAR\New VovGest\FSL-105 A dataset for recognizing 105 Filipino sign language videos\FSL-105 A dataset for recognizing 105 Filipino sign language videos\clips\clips\16\12.MOV,WEDNESDAY,243,0,78,0,0.0,0.320988,0.0,0.0,0.825789,0.0,0.010725,RIGHT,0.0,0.0,AMBIGUOUS
C:\BSIT 3RD YEAR\New VovGest\FSL-105 A dataset for recognizing 105 Filipino sign language videos\FSL-105 A dataset for recognizing 105 Filipino sign language videos\clips\clips\16\13.MOV,UNDERSTAND,243,0,72,0,0.0,0.296296,0.0,0.0,0.723813,0.0,0.010195,RIGHT,0.0,0.0,AMBIGUOUS
C:\BSIT 3RD YEAR\New VovGest\FSL-105 A dataset for recognizing 105 Filipino sign language videos\FSL-105 A dataset for recognizing 105 Filipino sign language videos\clips\clips\16\14.MOV,HARD OF HEARING,243,0,74,0,0.0,0.304527,0.0,0.0,0.7543,0.0,0.010476,RIGHT,0.0,0.0,AMBIGUOUS
C:\BSIT 3RD YEAR\New VovGest\FSL-105 A dataset for recognizing 105 Filipino sign language videos\FSL-105 A dataset for recognizing 105 Filipino sign language videos\clips\clips\16\15.MOV,NOVEMBER,243,0,76,0,0.0,0.312757,0.0,0.0,0.681155,0.0,0.009205,RIGHT,0.0,0.0,AMBIGUOUS
C:\BSIT 3RD YEAR\New VovGest\FSL-105 A dataset for recognizing 105 Filipino sign language videos\FSL-105 A dataset for recognizing 105 Filipino sign language videos\clips\clips\16\16.MOV,BLIND,243,0,99,0,0.0,0.407407,0.0,0.0,0.958132,0.0,0.009878,RIGHT,0.0,0.0,AMBIGUOUS
C:\BSIT 3RD YEAR\New VovGest\FSL-105 A dataset for recognizing 105 Filipino sign language videos\FSL-105 A dataset for recognizing 105 Filipino sign language videos\clips\clips\16\17.MOV,COLD,243,0,111,0,0.0,0.45679,0.0,0.0,0.968308,0.0,0.008803,RIGHT,0.0,0.0,ONE_HANDED
C:\BSIT 3RD YEAR\New VovGest\FSL-105 A dataset for recognizing 105 Filipino sign language videos\FSL-105 A dataset for recognizing 105 Filipino sign language videos\clips\clips\16\18.MOV,GREEN,243,0,103,0,0.0,0.423868,0.0,0.0,0.867142,0.0,0.008501,RIGHT,0.0,0.0,AMBIGUOUS
C:\BSIT 3RD YEAR\New VovGest\FSL-105 A dataset for recognizing 105 Filipino sign language videos\FSL-105 A dataset for recognizing 105 Filipino sign language videos\clips\clips\16\19.MOV,IM FINE,243,0,107,0,0.0,0.440329,0.0,0.0,0.888521,0.0,0.008382,RIGHT,0.0,0.0,AMBIGUOUS
C:\BSIT 3RD YEAR\New VovGest\FSL-105 A dataset for recognizing 105 Filipino sign language videos\FSL-105 A dataset for recognizing 105 Filipino sign language videos\clips\clips\16\2.MOV,JUNE,243,0,72,0,0.0,0.296296,0.0,0.0,0.807109,0.0,0.011368,RIGHT,0.0,0.0,AMBIGUOUS
C:\BSIT 3RD YEAR\New VovGest\FSL-105 A dataset for recognizing 105 Filipino sign language videos\FSL-105 A dataset for recognizing 105 Filipino sign language videos\clips\clips\16\20.MOV,SEVEN,243,0,107,0,0.0,0.440329,0.0,0.0,0.866505,0.0,0.008175,RIGHT,0.0,0.0,AMBIGUOUS
C:\BSIT 3RD YEAR\New VovGest\FSL-105 A dataset for recognizing 105 Filipino sign language videos\FSL-105 A dataset for recognizing 105 Filipino sign language videos\clips\clips\16\3.MOV,FATHER,243,0,85,0,0.0,0.349794,0.0,0.0,0.759937,0.0,0.009047,RIGHT,0.0,0.0,AMBIGUOUS
C:\BSIT 3RD YEAR\New VovGest\FSL-105 A dataset for recognizing 105 Filipino sign language videos\FSL-105 A dataset for recognizing 105 Filipino sign language videos\clips\clips\16\4.MOV,MOTHER,243,0,79,0,0.0,0.325103,0.0,0.0,0.779885,0.0,0.009999,RIGHT,0.0,0.0,AMBIGUOUS
C:\BSIT 3RD YEAR\New VovGest\FSL-105 A dataset for recognizing 105 Filipino sign language videos\FSL-105 A dataset for recognizing 105 Filipino sign language videos\clips\clips\16\5.MOV,UNDERSTAND,243,0,81,0,0.0,0.333333,0.0,0.0,0.942822,0.0,0.011785,RIGHT,0.0,0.0,AMBIGUOUS
C:\BSIT 3RD YEAR\New VovGest\FSL-105 A dataset for recognizing 105 Filipino sign language videos\FSL-105 A dataset for recognizing 105 Filipino sign language videos\clips\clips\16\6.MOV,SUGAR,243,0,88,0,0.0,0.36214,0.0,0.0,0.939143,0.0,0.010795,RIGHT,0.0,0.0,AMBIGUOUS
C:\BSIT 3RD YEAR\New VovGest\FSL-105 A dataset for recognizing 105 Filipino sign language videos\FSL-105 A dataset for recognizing 105 Filipino sign language videos\clips\clips\16\7.MOV,SUNDAY,243,0,81,0,0.0,0.333333,0.0,0.0,1.106766,0.0,0.013835,RIGHT,0.0,0.0,AMBIGUOUS
C:\BSIT 3RD YEAR\New VovGest\FSL-105 A dataset for recognizing 105 Filipino sign language videos\FSL-105 A dataset for recognizing 105 Filipino sign language videos\clips\clips\16\8.MOV,MONDAY,243,0,86,0,0.0,0.353909,0.0,0.0,1.091723,0.0,0.012844,RIGHT,0.0,0.0,AMBIGUOUS
C:\BSIT 3RD YEAR\New VovGest\FSL-105 A dataset for recognizing 105 Filipino sign language videos\FSL-105 A dataset for recognizing 105 Filipino sign language videos\clips\clips\16\9.MOV,COUSIN,243,0,79,0,0.0,0.325103,0.0,0.0,0.853725,0.0,0.011087,RIGHT,0.0,0.0,AMBIGUOUS
C:\BSIT 3RD YEAR\New VovGest\FSL-105 A dataset for recognizing 105 Filipino sign language videos\FSL-105 A dataset for recognizing 105 Filipino sign language videos\clips\clips\17\0.MOV,DEAF BLIND,243,77,103,77,0.316872,0.423868,0.316872,0.352683,0.843513,0.004641,0.00827,RIGHT,0.316872,0.418112,AMBIGUOUS
C:\BSIT 3RD YEAR\New VovGest\FSL-105 A dataset for recognizing 105 Filipino sign language videos\FSL-105 A dataset for recognizing 105 Filipino sign language videos\clips\clips\17\1.MOV,FEBRUARY,243,25,73,25,0.102881,0.300412,0.102881,0.198958,0.656118,0.009474,0.009241,RIGHT,0.102881,0.303235,AMBIGUOUS
C:\BSIT 3RD YEAR\New VovGest\FSL-105 A dataset for recognizing 105 Filipino sign language videos\FSL-105 A dataset for recognizing 105 Filipino sign language videos\clips\clips\17\10.MOV,YESTERDAY,243,35,51,34,0.144033,0.209877,0.139918,0.338695,0.608515,0.010263,0.01217,RIGHT,0.144033,0.556593,AMBIGUOUS
C:\BSIT 3RD YEAR\New VovGest\FSL-105 A dataset for recognizing 105 Filipino sign language videos\FSL-105 A dataset for recognizing 105 Filipino sign language videos\clips\clips\17\11.MOV,DON’T KNOW,243,34,52,34,0.139918,0.213992,0.139918,0.282875,0.664916,0.00884,0.013298,RIGHT,0.139918,0.42543,AMBIGUOUS
C:\BSIT 3RD YEAR\New VovGest\FSL-105 A dataset for recognizing 105 Filipino sign language videos\FSL-105 A dataset for recognizing 105 Filipino sign language videos\clips\clips\17\12.MOV,WEDNESDAY,243,37,49,36,0.152263,0.201646,0.148148,0.308252,0.599665,0.008807,0.012493,RIGHT,0.152263,0.51404,AMBIGUOUS
C:\BSIT 3RD YEAR\New VovGest\FSL-105 A dataset for recognizing 105 Filipino sign language videos\FSL-105 A dataset for recognizing 105 Filipino sign language videos\clips\clips\17\13.MOV,UNDERSTAND,243,34,47,34,0.139918,0.193416,0.139918,0.492395,0.60967,0.015387,0.013254,RIGHT,0.139918,0.807642,AMBIGUOUS
C:\BSIT 3RD YEAR\New VovGest\FSL-105 A dataset for recognizing 105 Filipino sign language videos\FSL-105 A dataset for recognizing 105 Filipino sign language videos\clips\clips\17\14.MOV,HARD OF HEARING,243,38,51,38,0.156379,0.209877,0.156379,0.406007,0.589582,0.0116,0.011792,RIGHT,0.156379,0.688635,AMBIGUOUS
C:\BSIT 3RD YEAR\New VovGest\FSL-105 A dataset for recognizing 105 Filipino sign language videos\FSL-105 A dataset for recognizing 105 Filipino sign language videos\clips\clips\17\15.MOV,NOVEMBER,243,52,65,50,0.213992,0.26749,0.205761,0.695186,0.799879,0.013904,0.012696,RIGHT,0.213992,0.869114,AMBIGUOUS
C:\BSIT 3RD YEAR\New VovGest\FSL-105 A dataset for recognizing 105 Filipino sign language videos\FSL-105 A dataset for recognizing 105 Filipino sign language videos\clips\clips\17\16.MOV,BLIND,243,78,57,56,0.320988,0.234568,0.230453,0.945269,0.433515,0.012438,0.008337,LEFT,0.234568,0.458615,AMBIGUOUS
C:\BSIT 3RD YEAR\New VovGest\FSL-105 A dataset for recognizing 105 Filipino sign language videos\FSL-105 A dataset for recognizing 105 Filipino sign language videos\clips\clips\17\17.MOV,COLD,243,84,64,64,0.345679,0.263374,0.263374,1.173179,0.597601,0.014135,0.009639,LEFT,0.263374,0.509386,AMBIGUOUS
C:\BSIT 3RD YEAR\New VovGest\FSL-105 A dataset for recognizing 105 Filipino sign language videos\FSL-105 A dataset for recognizing 105 Filipino sign language videos\clips\clips\17\18.MOV,GREEN,243,111,98,97,0.45679,0.403292,0.399177,1.312158,0.599878,0.012038,0.006249,LEFT,0.403292,0.457169,TWO_HANDED
C:\BSIT 3RD YEAR\New VovGest\FSL-105 A dataset for recognizing 105 Filipino sign language videos\FSL-105 A dataset for recognizing 105 Filipino sign language videos\clips\clips\17\19.MOV,IM FINE,243,90,79,79,0.37037,0.325103,0.325103,1.036349,1.274409,0.011912,0.016339,RIGHT,0.37037,0.8132,AMBIGUOUS
C:\BSIT 3RD YEAR\New VovGest\FSL-105 A dataset for recognizing 105 Filipino sign language videos\FSL-105 A dataset for recognizing 105 Filipino sign language videos\clips\clips\17\2.MOV,JUNE,243,45,81,45,0.185185,0.333333,0.185185,0.180661,0.949434,0.004106,0.011868,RIGHT,0.185185,0.190283,AMBIGUOUS
C:\BSIT 3RD YEAR\New VovGest\FSL-105 A dataset for recognizing 105 Filipino sign language videos\FSL-105 A dataset for recognizing 105 Filipino sign language videos\clips\clips\17\20.MOV,SEVEN,243,99,88,87,0.407407,0.36214,0.358025,0.918155,1.080123,0.009466,0.01256,RIGHT,0.407407,0.850047,TWO_HANDED
C:\BSIT 3RD YEAR\New VovGest\FSL-105 A dataset for recognizing 105 Filipino sign language videos\FSL-105 A dataset for recognizing 105 Filipino sign language videos\clips\clips\17\21.MOV,GOOD EVENING,243,82,67,65,0.337449,0.27572,0.26749,0.908119,0.873557,0.011495,0.013439,LEFT,0.27572,0.961941,AMBIGUOUS
C:\BSIT 3RD YEAR\New VovGest\FSL-105 A dataset for recognizing 105 Filipino sign language videos\FSL-105 A dataset for recognizing 105 Filipino sign language videos\clips\clips\17\3.MOV,FATHER,243,5,67,5,0.020576,0.27572,0.020576,0.039704,0.710882,0.009926,0.010937,RIGHT,0.020576,0.055852,AMBIGUOUS
C:\BSIT 3RD YEAR\New VovGest\FSL-105 A dataset for recognizing 105 Filipino sign language videos\FSL-105 A dataset for recognizing 105 Filipino sign language videos\clips\clips\17\4.MOV,MOTHER,243,25,69,25,0.102881,0.283951,0.102881,0.245923,0.774387,0.012296,0.011388,RIGHT,0.102881,0.317571,AMBIGUOUS
C:\BSIT 3RD YEAR\New VovGest\FSL-105 A dataset for recognizing 105 Filipino sign language videos\FSL-105 A dataset for recognizing 105 Filipino sign language videos\clips\clips\17\5.MOV,UNDERSTAND,243,34,81,34,0.139918,0.333333,0.139918,0.355801,1.319525,0.011477,0.016917,RIGHT,0.139918,0.269643,AMBIGUOUS
C:\BSIT 3RD YEAR\New VovGest\FSL-105 A dataset for recognizing 105 Filipino sign language videos\FSL-105 A dataset for recognizing 105 Filipino sign language videos\clips\clips\17\6.MOV,SUGAR,243,75,87,72,0.308642,0.358025,0.296296,0.834764,1.058223,0.011435,0.012598,RIGHT,0.308642,0.788836,AMBIGUOUS
C:\BSIT 3RD YEAR\New VovGest\FSL-105 A dataset for recognizing 105 Filipino sign language videos\FSL-105 A dataset for recognizing 105 Filipino sign language videos\clips\clips\17\7.MOV,SUNDAY,243,65,87,65,0.26749,0.358025,0.26749,0.505307,1.219365,0.008284,0.014516,RIGHT,0.26749,0.414402,AMBIGUOUS
C:\BSIT 3RD YEAR\New VovGest\FSL-105 A dataset for recognizing 105 Filipino sign language videos\FSL-105 A dataset for recognizing 105 Filipino sign language videos\clips\clips\17\8.MOV,MONDAY,243,57,75,56,0.234568,0.308642,0.230453,0.435525,1.007182,0.007777,0.013989,RIGHT,0.234568,0.432419,AMBIGUOUS
C:\BSIT 3RD YEAR\New VovGest\FSL-105 A dataset for recognizing 105 Filipino sign language videos\FSL-105 A dataset for recognizing 105 Filipino sign language videos\clips\clips\17\9.MOV,COUSIN,243,50,69,49,0.205761,0.283951,0.201646,0.458391,1.035142,0.009355,0.01545,RIGHT,0.205761,0.442829,AMBIGUOUS
C:\BSIT 3RD YEAR\New VovGest\FSL-105 A dataset for recognizing 105 Filipino sign language videos\FSL-105 A dataset for recognizing 105 Filipino sign language videos\clips\clips\18\0.MOV,DEAF BLIND,243,72,109,57,0.296296,0.44856,0.234568,0.851245,0.72793,0.013512,0.006867,LEFT,0.44856,0.855136,AMBIGUOUS
C:\BSIT 3RD YEAR\New VovGest\FSL-105 A dataset for recognizing 105 Filipino sign language videos\FSL-105 A dataset for recognizing 105 Filipino sign language videos\clips\clips\18\1.MOV,FEBRUARY,243,70,70,38,0.288066,0.288066,0.156379,0.582256,0.79621,0.010039,0.012064,RIGHT,0.288066,0.731284,AMBIGUOUS
C:\BSIT 3RD YEAR\New VovGest\FSL-105 A dataset for recognizing 105 Filipino sign language videos\FSL-105 A dataset for recognizing 105 Filipino sign language videos\clips\clips\18\10.MOV,YESTERDAY,243,41,99,41,0.168724,0.407407,0.168724,0.50121,0.724036,0.014741,0.007388,RIGHT,0.168724,0.692245,AMBIGUOUS
C:\BSIT 3RD YEAR\New VovGest\FSL-105 A dataset for recognizing 105 Filipino sign language videos\FSL-105 A dataset for recognizing 105 Filipino sign language videos\clips\clips\18\11.MOV,DON’T KNOW,243,47,96,47,0.193416,0.395062,0.193416,0.564613,0.92062,0.013771,0.009691,RIGHT,0.193416,0.613296,AMBIGUOUS
C:\BSIT 3RD YEAR\New VovGest\FSL-105 A dataset for recognizing 105 Filipino sign language videos\FSL-105 A dataset for recognizing 105 Filipino sign language videos\clips\clips\18\12.MOV,WEDNESDAY,243,52,99,52,0.213992,0.407407,0.213992,0.621807,0.847167,0.015166,0.008645,RIGHT,0.213992,0.733984,AMBIGUOUS
C:\BSIT 3RD YEAR\New VovGest\FSL-105 A dataset for recognizing 105 Filipino sign language videos\FSL-105 A dataset for recognizing 105 Filipino sign language videos\clips\clips\18\13.MOV,UNDERSTAND,243,49,95,49,0.201646,0.390947,0.201646,0.520856,0.751477,0.013355,0.007994,RIGHT,0.201646,0.69311,AMBIGUOUS
C:\BSIT 3RD YEAR\New VovGest\FSL-105 A dataset for recognizing 105 Filipino sign language videos\FSL-105 A dataset for recognizing 105 Filipino sign language videos\clips\clips\18\14.MOV,HARD OF HEARING,243,50,99,50,0.205761,0.407407,0.205761,0.654425,0.711035,0.01678,0.007255,RIGHT,0.205761,0.920384,AMBIGUOUS
C:\BSIT 3RD YEAR\New VovGest\FSL-105 A dataset for recognizing 105 Filipino sign language videos\FSL-105 A dataset for recognizing 105 Filipino sign language videos\clips\clips\18\15.MOV,NOVEMBER,243,123,102,101,0.506173,0.419753,0.415638,0.946234,0.54387,0.007885,0.005912,LEFT,0.419753,0.574773,TWO_HANDED
C:\BSIT 3RD YEAR\New VovGest\FSL-105 A dataset for recognizing 105 Filipino sign language videos\FSL-105 A dataset for recognizing 105 Filipino sign language videos\clips\clips\18\16.MOV,BLIND,243,126,101,99,0.518519,0.415638,0.407407,1.152305,0.740244,0.009445,0.007711,LEFT,0.415638,0.642403,TWO_HANDED
C:\BSIT 3RD YEAR\New VovGest\FSL-105 A dataset for recognizing 105 Filipino sign language videos\FSL-105 A dataset for recognizing 105 Filipino sign language videos\clips\clips\18\17.MOV,COLD,243,133,129,121,0.547325,0.530864,0.497942,1.329478,0.856847,0.010551,0.006694,LEFT,0.530864,0.644499,TWO_HANDED
C:\BSIT 3RD YEAR\New VovGest\FSL-105 A dataset for recognizing 105 Filipino sign language videos\FSL-105 A dataset for recognizing 105 Filipino sign language videos\clips\clips\18\18.MOV,GREEN,243,126,115,111,0.518519,0.473251,0.45679,1.169481,0.931971,0.009665,0.008248,LEFT,0.473251,0.79691,TWO_HANDED
C:\BSIT 3RD YEAR\New VovGest\FSL-105 A dataset for recognizing 105 Filipino sign language videos\FSL-105 A dataset for recognizing 105 Filipino sign language videos\clips\clips\18\19.MOV,IM FINE,243,114,96,93,0.469136,0.395062,0.382716,1.017713,0.672719,0.009252,0.007234,LEFT,0.395062,0.661011,TWO_HANDED
C:\BSIT 3RD YEAR\New VovGest\FSL-105 A dataset for recognizing 105 Filipino sign language videos\FSL-105 A dataset for recognizing 105 Filipino sign language videos\clips\clips\18\2.MOV,JUNE,243,54,82,37,0.222222,0.337449,0.152263,0.697845,0.691503,0.014242,0.009099,LEFT,0.337449,0.990912,AMBIGUOUS
C:\BSIT 3RD YEAR\New VovGest\FSL-105 A dataset for recognizing 105 Filipino sign language videos\FSL-105 A dataset for recognizing 105 Filipino sign language videos\clips\clips\18\20.MOV,SEVEN,243,98,95,82,0.403292,0.390947,0.337449,1.274421,0.934547,0.014482,0.009942,LEFT,0.390947,0.733311,AMBIGUOUS
C:\BSIT 3RD YEAR\New VovGest\FSL-105 A dataset for recognizing 105 Filipino sign language videos\FSL-105 A dataset for recognizing 105 Filipino sign language videos\clips\clips\18\3.MOV,FATHER,243,84,70,44,0.345679,0.288066,0.18107,0.948909,0.681174,0.011861,0.01048,LEFT,0.288066,0.71785,AMBIGUOUS
C:\BSIT 3RD YEAR\New VovGest\FSL-105 A dataset for recognizing 105 Filipino sign language videos\FSL-105 A dataset for recognizing 105 Filipino sign language videos\clips\clips\18\4.MOV,MOTHER,243,62,67,34,0.255144,0.27572,0.139918,0.661856,0.80324,0.013237,0.012358,RIGHT,0.255144,0.823983,AMBIGUOUS
C:\BSIT 3RD YEAR\New VovGest\FSL-105 A dataset for recognizing 105 Filipino sign language videos\FSL-105 A dataset for recognizing 105 Filipino sign language videos\clips\clips\18\5.MOV,UNDERSTAND,243,85,109,85,0.349794,0.44856,0.349794,0.772561,0.766369,0.010301,0.007096,LEFT,0.44856,0.991985,AMBIGUOUS
C:\BSIT 3RD YEAR\New VovGest\FSL-105 A dataset for recognizing 105 Filipino sign language videos\FSL-105 A dataset for recognizing 105 Filipino sign language videos\clips\clips\18\6.MOV,SUGAR,243,76,106,76,0.312757,0.436214,0.312757,0.98993,1.083134,0.014347,0.010516,RIGHT,0.312757,0.91395,AMBIGUOUS
C:\BSIT 3RD YEAR\New VovGest\FSL-105 A dataset for recognizing 105 Filipino sign language videos\FSL-105 A dataset for recognizing 105 Filipino sign language videos\clips\clips\18\7.MOV,SUNDAY,243,62,98,61,0.255144,0.403292,0.251029,0.701111,0.920584,0.0123,0.009491,RIGHT,0.255144,0.761594,AMBIGUOUS
C:\BSIT 3RD YEAR\New VovGest\FSL-105 A dataset for recognizing 105 Filipino sign language videos\FSL-105 A dataset for recognizing 105 Filipino sign language videos\clips\clips\18\8.MOV,MONDAY,243,67,104,66,0.27572,0.427984,0.271605,0.687093,0.895504,0.011082,0.008694,RIGHT,0.27572,0.76727,AMBIGUOUS
C:\BSIT 3RD YEAR\New VovGest\FSL-105 A dataset for recognizing 105 Filipino sign language videos\FSL-105 A dataset for recognizing 105 Filipino sign language videos\clips\clips\18\9.MOV,COUSIN,243,61,95,53,0.251029,0.390947,0.218107,0.826183,1.091192,0.0153,0.01364,RIGHT,0.251029,0.757138,AMBIGUOUS
C:\BSIT 3RD YEAR\New VovGest\FSL-105 A dataset for recognizing 105 Filipino sign language videos\FSL-105 A dataset for recognizing 105 Filipino sign language videos\clips\clips\19\0.MOV,DEAF BLIND,243,0,76,0,0.0,0.312757,0.0,0.0,0.794844,0.0,0.010598,RIGHT,0.0,0.0,AMBIGUOUS
C:\BSIT 3RD YEAR\New VovGest\FSL-105 A dataset for recognizing 105 Filipino sign language videos\FSL-105 A dataset for recognizing 105 Filipino sign language videos\clips\clips\19\1.MOV,FEBRUARY,243,0,66,0,0.0,0.271605,0.0,0.0,0.647497,0.0,0.010117,RIGHT,0.0,0.0,AMBIGUOUS
C:\BSIT 3RD YEAR\New VovGest\FSL-105 A dataset for recognizing 105 Filipino sign language videos\FSL-105 A dataset for recognizing 105 Filipino sign language videos\clips\clips\19\10.MOV,YESTERDAY,243,0,73,0,0.0,0.300412,0.0,0.0,0.897305,0.0,0.012638,RIGHT,0.0,0.0,AMBIGUOUS
C:\BSIT 3RD YEAR\New VovGest\FSL-105 A dataset for recognizing 105 Filipino sign language videos\FSL-105 A dataset for recognizing 105 Filipino sign language videos\clips\clips\19\11.MOV,DON’T KNOW,243,0,104,0,0.0,0.427984,0.0,0.0,0.690034,0.0,0.006832,RIGHT,0.0,0.0,AMBIGUOUS
C:\BSIT 3RD YEAR\New VovGest\FSL-105 A dataset for recognizing 105 Filipino sign language videos\FSL-105 A dataset for recognizing 105 Filipino sign language videos\clips\clips\19\12.MOV,WEDNESDAY,243,0,88,0,0.0,0.36214,0.0,0.0,0.473981,0.0,0.005511,RIGHT,0.0,0.0,AMBIGUOUS
C:\BSIT 3RD YEAR\New VovGest\FSL-105 A dataset for recognizing 105 Filipino sign language videos\FSL-105 A dataset for recognizing 105 Filipino sign language videos\clips\clips\19\13.MOV,UNDERSTAND,243,0,83,0,0.0,0.341564,0.0,0.0,0.495007,0.0,0.006111,RIGHT,0.0,0.0,AMBIGUOUS
C:\BSIT 3RD YEAR\New VovGest\FSL-105 A dataset for recognizing 105 Filipino sign language videos\FSL-105 A dataset for recognizing 105 Filipino sign language videos\clips\clips\19\14.MOV,HARD OF HEARING,242,0,70,0,0.0,0.289256,0.0,0.0,0.486889,0.0,0.00716,RIGHT,0.0,0.0,AMBIGUOUS
C:\BSIT 3RD YEAR\New VovGest\FSL-105 A dataset for recognizing 105 Filipino sign language videos\FSL-105 A dataset for recognizing 105 Filipino sign language videos\clips\clips\19\15.MOV,NOVEMBER,242,0,78,0,0.0,0.322314,0.0,0.0,0.621267,0.0,0.008175,RIGHT,0.0,0.0,AMBIGUOUS
C:\BSIT 3RD YEAR\New VovGest\FSL-105 A dataset for recognizing 105 Filipino sign language videos\FSL-105 A dataset for recognizing 105 Filipino sign language videos\clips\clips\19\16.MOV,BLIND,243,0,91,0,0.0,0.374486,0.0,0.0,0.874679,0.0,0.009719,RIGHT,0.0,0.0,AMBIGUOUS
C:\BSIT 3RD YEAR\New VovGest\FSL-105 A dataset for recognizing 105 Filipino sign language videos\FSL-105 A dataset for recognizing 105 Filipino sign language videos\clips\clips\19\17.MOV,COLD,243,0,101,0,0.0,0.415638,0.0,0.0,0.891564,0.0,0.008916,RIGHT,0.0,0.0,AMBIGUOUS
C:\BSIT 3RD YEAR\New VovGest\FSL-105 A dataset for recognizing 105 Filipino sign language videos\FSL-105 A dataset for recognizing 105 Filipino sign language videos\clips\clips\19\18.MOV,GREEN,242,0,101,0,0.0,0.417355,0.0,0.0,0.96651,0.0,0.009763,RIGHT,0.0,0.0,AMBIGUOUS
C:\BSIT 3RD YEAR\New VovGest\FSL-105 A dataset for recognizing 105 Filipino sign language videos\FSL-105 A dataset for recognizing 105 Filipino sign language videos\clips\clips\19\19.MOV,IM FINE,242,0,89,0,0.0,0.367769,0.0,0.0,0.830048,0.0,0.009541,RIGHT,0.0,0.0,AMBIGUOUS
C:\BSIT 3RD YEAR\New VovGest\FSL-105 A dataset for recognizing 105 Filipino sign language videos\FSL-105 A dataset for recognizing 105 Filipino sign language videos\clips\clips\19\2.MOV,JUNE,243,0,67,0,0.0,0.27572,0.0,0.0,0.526877,0.0,0.008232,RIGHT,0.0,0.0,AMBIGUOUS
C:\BSIT 3RD YEAR\New VovGest\FSL-105 A dataset for recognizing 105 Filipino sign language videos\FSL-105 A dataset for recognizing 105 Filipino sign language videos\clips\clips\19\20.MOV,SEVEN,242,0,116,0,0.0,0.479339,0.0,0.0,1.083561,0.0,0.009422,RIGHT,0.0,0.0,ONE_HANDED
C:\BSIT 3RD YEAR\New VovGest\FSL-105 A dataset for recognizing 105 Filipino sign language videos\FSL-105 A dataset for recognizing 105 Filipino sign language videos\clips\clips\19\3.MOV,FATHER,243,0,71,0,0.0,0.292181,0.0,0.0,0.692771,0.0,0.009897,RIGHT,0.0,0.0,AMBIGUOUS
C:\BSIT 3RD YEAR\New VovGest\FSL-105 A dataset for recognizing 105 Filipino sign language videos\FSL-105 A dataset for recognizing 105 Filipino sign language videos\clips\clips\19\4.MOV,MOTHER,243,24,105,23,0.098765,0.432099,0.09465,0.642458,1.256071,0.029203,0.012314,RIGHT,0.098765,0.511482,AMBIGUOUS
C:\BSIT 3RD YEAR\New VovGest\FSL-105 A dataset for recognizing 105 Filipino sign language videos\FSL-105 A dataset for recognizing 105 Filipino sign language videos\clips\clips\19\5.MOV,UNDERSTAND,243,0,70,0,0.0,0.288066,0.0,0.0,1.04353,0.0,0.015346,RIGHT,0.0,0.0,AMBIGUOUS
C:\BSIT 3RD YEAR\New VovGest\FSL-105 A dataset for recognizing 105 Filipino sign language videos\FSL-105 A dataset for recognizing 105 Filipino sign language videos\clips\clips\19\6.MOV,SUGAR,243,0,72,0,0.0,0.296296,0.0,0.0,0.837188,0.0,0.01196,RIGHT,0.0,0.0,AMBIGUOUS
C:\BSIT 3RD YEAR\New VovGest\FSL-105 A dataset for recognizing 105 Filipino sign language videos\FSL-105 A dataset for recognizing 105 Filipino sign language videos\clips\clips\19\7.MOV,SUNDAY,243,0,73,0,0.0,0.300412,0.0,0.0,0.962896,0.0,0.013374,RIGHT,0.0,0.0,AMBIGUOUS
C:\BSIT 3RD YEAR\New VovGest\FSL-105 A dataset for recognizing 105 Filipino sign language videos\FSL-105 A dataset for recognizing 105 Filipino sign language videos\clips\clips\19\8.MOV,MONDAY,243,0,68,0,0.0,0.279835,0.0,0.0,1.04294,0.0,0.015802,RIGHT,0.0,0.0,AMBIGUOUS
C:\BSIT 3RD YEAR\New VovGest\FSL-105 A dataset for recognizing 105 Filipino sign language videos\FSL-105 A dataset for recognizing 105 Filipino sign language videos\clips\clips\19\9.MOV,COUSIN,243,0,77,0,0.0,0.316872,0.0,0.0,0.884434,0.0,0.011792,RIGHT,0.0,0.0,AMBIGUOUS
C:\BSIT 3RD YEAR\New VovGest\FSL-105 A dataset for recognizing 105 Filipino sign language videos\FSL-105 A dataset for recognizing 105 Filipino sign language videos\clips\clips\2\0.MOV,DEAF BLIND,244,0,143,0,0.0,0.586066,0.0,0.0,0.858745,0.0,0.006047,RIGHT,0.0,0.0,ONE_HANDED
C:\BSIT 3RD YEAR\New VovGest\FSL-105 A dataset for recognizing 105 Filipino sign language videos\FSL-105 A dataset for recognizing 105 Filipino sign language videos\clips\clips\2\1.MOV,FEBRUARY,244,0,135,0,0.0,0.553279,0.0,0.0,0.791,0.0,0.005903,RIGHT,0.0,0.0,ONE_HANDED
C:\BSIT 3RD YEAR\New VovGest\FSL-105 A dataset for recognizing 105 Filipino sign language videos\FSL-105 A dataset for recognizing 105 Filipino sign language videos\clips\clips\2\10.MOV,YESTERDAY,244,0,95,0,0.0,0.389344,0.0,0.0,1.068514,0.0,0.011367,RIGHT,0.0,0.0,AMBIGUOUS
C:\BSIT 3RD YEAR\New VovGest\FSL-105 A dataset for recognizing 105 Filipino sign language videos\FSL-105 A dataset for recognizing 105 Filipino sign language videos\clips\clips\2\11.MOV,DON’T KNOW,244,0,116,0,0.0,0.47541,0.0,0.0,0.816011,0.0,0.007221,RIGHT,0.0,0.0,ONE_HANDED
C:\BSIT 3RD YEAR\New VovGest\FSL-105 A dataset for recognizing 105 Filipino sign language videos\FSL-105 A dataset for recognizing 105 Filipino sign language videos\clips\clips\2\12.MOV,WEDNESDAY,244,0,101,0,0.0,0.413934,0.0,0.0,0.766056,0.0,0.007661,RIGHT,0.0,0.0,AMBIGUOUS
C:\BSIT 3RD YEAR\New VovGest\FSL-105 A dataset for recognizing 105 Filipino sign language videos\FSL-105 A dataset for recognizing 105 Filipino sign language videos\clips\clips\2\13.MOV,UNDERSTAND,244,0,92,0,0.0,0.377049,0.0,0.0,0.758337,0.0,0.008426,RIGHT,0.0,0.0,AMBIGUOUS
C:\BSIT 3RD YEAR\New VovGest\FSL-105 A dataset for recognizing 105 Filipino sign language videos\FSL-105 A dataset for recognizing 105 Filipino sign language videos\clips\clips\2\14.MOV,HARD OF HEARING,244,0,98,0,0.0,0.401639,0.0,0.0,0.757375,0.0,0.007808,RIGHT,0.0,0.0,AMBIGUOUS
C:\BSIT 3RD YEAR\New VovGest\FSL-105 A dataset for recognizing 105 Filipino sign language videos\FSL-105 A dataset for recognizing 105 Filipino sign language videos\clips\clips\2\15.MOV,NOVEMBER,244,0,108,0,0.0,0.442623,0.0,0.0,0.719666,0.0,0.006854,RIGHT,0.0,0.0,AMBIGUOUS
C:\BSIT 3RD YEAR\New VovGest\FSL-105 A dataset for recognizing 105 Filipino sign language videos\FSL-105 A dataset for recognizing 105 Filipino sign language videos\clips\clips\2\16.MOV,BLIND,244,0,123,0,0.0,0.504098,0.0,0.0,1.066554,0.0,0.008814,RIGHT,0.0,0.0,ONE_HANDED
C:\BSIT 3RD YEAR\New VovGest\FSL-105 A dataset for recognizing 105 Filipino sign language videos\FSL-105 A dataset for recognizing 105 Filipino sign language videos\clips\clips\2\17.MOV,COLD,244,0,119,0,0.0,0.487705,0.0,0.0,0.989369,0.0,0.008384,RIGHT,0.0,0.0,ONE_HANDED
C:\BSIT 3RD YEAR\New VovGest\FSL-105 A dataset for recognizing 105 Filipino sign language videos\FSL-105 A dataset for recognizing 105 Filipino sign language videos\clips\clips\2\18.MOV,GREEN,244,0,122,0,0.0,0.5,0.0,0.0,0.986619,0.0,0.008291,RIGHT,0.0,0.0,ONE_HANDED
C:\BSIT 3RD YEAR\New VovGest\FSL-105 A dataset for recognizing 105 Filipino sign language videos\FSL-105 A dataset for recognizing 105 Filipino sign language videos\clips\clips\2\19.MOV,IM FINE,244,0,132,0,0.0,0.540984,0.0,0.0,0.74385,0.0,0.005766,RIGHT,0.0,0.0,ONE_HANDED
C:\BSIT 3RD YEAR\New VovGest\FSL-105 A dataset for recognizing 105 Filipino sign language videos\FSL-105 A dataset for recognizing 105 Filipino sign language videos\clips\clips\2\2.MOV,JUNE,244,0,114,0,0.0,0.467213,0.0,0.0,0.763555,0.0,0.006757,RIGHT,0.0,0.0,ONE_HANDED
C:\BSIT 3RD YEAR\New VovGest\FSL-105 A dataset for recognizing 105 Filipino sign language videos\FSL-105 A dataset for recognizing 105 Filipino sign language videos\clips\clips\2\20.MOV,SEVEN,244,0,129,0,0.0,0.528689,0.0,0.0,0.942406,0.0,0.007363,RIGHT,0.0,0.0,ONE_HANDED
C:\BSIT 3RD YEAR\New VovGest\FSL-105 A dataset for recognizing 105 Filipino sign language videos\FSL-105 A dataset for recognizing 105 Filipino sign language videos\clips\clips\2\21.MOV,GOOD EVENING,244,0,158,0,0.0,0.647541,0.0,0.0,1.203632,0.0,0.007666,RIGHT,0.0,0.0,ONE_HANDED
C:\BSIT 3RD YEAR\New VovGest\FSL-105 A dataset for recognizing 105 Filipino sign language videos\FSL-105 A dataset for recognizing 105 Filipino sign language videos\clips\clips\2\3.MOV,FATHER,244,0,133,0,0.0,0.545082,0.0,0.0,0.777056,0.0,0.005887,RIGHT,0.0,0.0,ONE_HANDED
C:\BSIT 3RD YEAR\New VovGest\FSL-105 A dataset for recognizing 105 Filipino sign language videos\FSL-105 A dataset for recognizing 105 Filipino sign language videos\clips\clips\2\4.MOV,MOTHER,244,0,108,0,0.0,0.442623,0.0,0.0,0.71761,0.0,0.006707,RIGHT,0.0,0.0,AMBIGUOUS
C:\BSIT 3RD YEAR\New VovGest\FSL-105 A dataset for recognizing 105 Filipino sign language videos\FSL-105 A dataset for recognizing 105 Filipino sign language videos\clips\clips\2\5.MOV,UNDERSTAND,244,0,120,0,0.0,0.491803,0.0,0.0,0.808498,0.0,0.006852,RIGHT,0.0,0.0,ONE_HANDED
C:\BSIT 3RD YEAR\New VovGest\FSL-105 A dataset for recognizing 105 Filipino sign language videos\FSL-105 A dataset for recognizing 105 Filipino sign language videos\clips\clips\2\6.MOV,SUGAR,244,0,102,0,0.0,0.418033,0.0,0.0,1.205787,0.0,0.011938,RIGHT,0.0,0.0,AMBIGUOUS
C:\BSIT 3RD YEAR\New VovGest\FSL-105 A dataset for recognizing 105 Filipino sign language videos\FSL-105 A dataset for recognizing 105 Filipino sign language videos\clips\clips\2\7.MOV,SUNDAY,244,0,94,0,0.0,0.385246,0.0,0.0,1.014171,0.0,0.010905,RIGHT,0.0,0.0,AMBIGUOUS
C:\BSIT 3RD YEAR\New VovGest\FSL-105 A dataset for recognizing 105 Filipino sign language videos\FSL-105 A dataset for recognizing 105 Filipino sign language videos\clips\clips\2\8.MOV,MONDAY,244,0,97,0,0.0,0.397541,0.0,0.0,1.163855,0.0,0.012123,RIGHT,0.0,0.0,AMBIGUOUS
C:\BSIT 3RD YEAR\New VovGest\FSL-105 A dataset for recognizing 105 Filipino sign language videos\FSL-105 A dataset for recognizing 105 Filipino sign language videos\clips\clips\2\9.MOV,COUSIN,244,0,97,0,0.0,0.397541,0.0,0.0,1.168234,0.0,0.012169,RIGHT,0.0,0.0,AMBIGUOUS
C:\BSIT 3RD YEAR\New VovGest\FSL-105 A dataset for recognizing 105 Filipino sign language videos\FSL-105 A dataset for recognizing 105 Filipino sign language videos\clips\clips\20\0.MOV,DEAF BLIND,245,0,111,0,0.0,0.453061,0.0,0.0,0.673622,0.0,0.00618,RIGHT,0.0,0.0,ONE_HANDED
C:\BSIT 3RD YEAR\New VovGest\FSL-105 A dataset for recognizing 105 Filipino sign language videos\FSL-105 A dataset for recognizing 105 Filipino sign language videos\clips\clips\20\1.MOV,FEBRUARY,245,0,87,0,0.0,0.355102,0.0,0.0,0.532306,0.0,0.006337,RIGHT,0.0,0.0,AMBIGUOUS
C:\BSIT 3RD YEAR\New VovGest\FSL-105 A dataset for recognizing 105 Filipino sign language videos\FSL-105 A dataset for recognizing 105 Filipino sign language videos\clips\clips\20\10.MOV,YESTERDAY,245,0,53,0,0.0,0.216327,0.0,0.0,0.407907,0.0,0.007998,RIGHT,0.0,0.0,AMBIGUOUS
C:\BSIT 3RD YEAR\New VovGest\FSL-105 A dataset for recognizing 105 Filipino sign language videos\FSL-105 A dataset for recognizing 105 Filipino sign language videos\clips\clips\20\11.MOV,DON’T KNOW,245,0,55,0,0.0,0.22449,0.0,0.0,0.481353,0.0,0.008914,RIGHT,0.0,0.0,AMBIGUOUS
C:\BSIT 3RD YEAR\New VovGest\FSL-105 A dataset for recognizing 105 Filipino sign language videos\FSL-105 A dataset for recognizing 105 Filipino sign language videos\clips\clips\20\12.MOV,WEDNESDAY,244,0,60,0,0.0,0.245902,0.0,0.0,0.523923,0.0,0.009033,RIGHT,0.0,0.0,AMBIGUOUS
C:\BSIT 3RD YEAR\New VovGest\FSL-105 A dataset for recognizing 105 Filipino sign language videos\FSL-105 A dataset for recognizing 105 Filipino sign language videos\clips\clips\20\13.MOV,UNDERSTAND,244,0,54,0,0.0,0.221311,0.0,0.0,0.408762,0.0,0.008015,RIGHT,0.0,0.0,AMBIGUOUS
C:\BSIT 3RD YEAR\New VovGest\FSL-105 A dataset for recognizing 105 Filipino sign language videos\FSL-105 A dataset for recognizing 105 Filipino sign language videos\clips\clips\20\14.MOV,HARD OF HEARING,244,0,56,0,0.0,0.229508,0.0,0.0,0.477066,0.0,0.008835,RIGHT,0.0,0.0,AMBIGUOUS
C:\BSIT 3RD YEAR\New VovGest\FSL-105 A dataset for recognizing 105 Filipino sign language videos\FSL-105 A dataset for recognizing 105 Filipino sign language videos\clips\clips\20\15.MOV,NOVEMBER,245,0,97,0,0.0,0.395918,0.0,0.0,0.592981,0.0,0.006177,RIGHT,0.0,0.0,AMBIGUOUS
C:\BSIT 3RD YEAR\New VovGest\FSL-105 A dataset for recognizing 105 Filipino sign language videos\FSL-105 A dataset for recognizing 105 Filipino sign language videos\clips\clips\20\16.MOV,BLIND,245,0,85,0,0.0,0.346939,0.0,0.0,0.646278,0.0,0.007694,RIGHT,0.0,0.0,AMBIGUOUS
C:\BSIT 3RD YEAR\New VovGest\FSL-105 A dataset for recognizing 105 Filipino sign language videos\FSL-105 A dataset for recognizing 105 Filipino sign language videos\clips\clips\20\17.MOV,COLD,244,0,87,0,0.0,0.356557,0.0,0.0,0.748327,0.0,0.008701,RIGHT,0.0,0.0,AMBIGUOUS
C:\BSIT 3RD YEAR\New VovGest\FSL-105 A dataset for recognizing 105 Filipino sign language videos\FSL-105 A dataset for recognizing 105 Filipino sign language videos\clips\clips\20\18.MOV,GREEN,244,0,83,0,0.0,0.340164,0.0,0.0,0.596141,0.0,0.00736,RIGHT,0.0,0.0,AMBIGUOUS
C:\BSIT 3RD YEAR\New VovGest\FSL-105 A dataset for recognizing 105 Filipino sign language videos\FSL-105 A dataset for recognizing 105 Filipino sign language videos\clips\clips\20\19.MOV,IM FINE,244,0,85,0,0.0,0.348361,0.0,0.0,0.603655,0.0,0.007273,RIGHT,0.0,0.0,AMBIGUOUS
C:\BSIT 3RD YEAR\New VovGest\FSL-105 A dataset for recognizing 105 Filipino sign language videos\FSL-105 A dataset for recognizing 105 Filipino sign language videos\clips\clips\20\2.MOV,JUNE,244,0,77,0,0.0,0.315574,0.0,0.0,0.67504,0.0,0.009001,RIGHT,0.0,0.0,AMBIGUOUS
C:\BSIT 3RD YEAR\New VovGest\FSL-105 A dataset for recognizing 105 Filipino sign language videos\FSL-105 A dataset for recognizing 105 Filipino sign language videos\clips\clips\20\3.MOV,FATHER,244,0,77,0,0.0,0.315574,0.0,0.0,0.794424,0.0,0.010453,RIGHT,0.0,0.0,AMBIGUOUS
C:\BSIT 3RD YEAR\New VovGest\FSL-105 A dataset for recognizing 105 Filipino sign language videos\FSL-105 A dataset for recognizing 105 Filipino sign language videos\clips\clips\20\4.MOV,MOTHER,244,0,69,0,0.0,0.282787,0.0,0.0,0.74805,0.0,0.011001,RIGHT,0.0,0.0,AMBIGUOUS
C:\BSIT 3RD YEAR\New VovGest\FSL-105 A dataset for recognizing 105 Filipino sign language videos\FSL-105 A dataset for recognizing 105 Filipino sign language videos\clips\clips\20\5.MOV,UNDERSTAND,245,0,61,0,0.0,0.24898,0.0,0.0,0.637281,0.0,0.010621,RIGHT,0.0,0.0,AMBIGUOUS
C:\BSIT 3RD YEAR\New VovGest\FSL-105 A dataset for recognizing 105 Filipino sign language videos\FSL-105 A dataset for recognizing 105 Filipino sign language videos\clips\clips\20\6.MOV,SUGAR,244,0,56,0,0.0,0.229508,0.0,0.0,0.551375,0.0,0.010025,RIGHT,0.0,0.0,AMBIGUOUS
C:\BSIT 3RD YEAR\New VovGest\FSL-105 A dataset for recognizing 105 Filipino sign language videos\FSL-105 A dataset for recognizing 105 Filipino sign language videos\clips\clips\20\7.MOV,SUNDAY,244,0,52,0,0.0,0.213115,0.0,0.0,0.479191,0.0,0.009396,RIGHT,0.0,0.0,AMBIGUOUS
C:\BSIT 3RD YEAR\New VovGest\FSL-105 A dataset for recognizing 105 Filipino sign language videos\FSL-105 A dataset for recognizing 105 Filipino sign language videos\clips\clips\20\8.MOV,MONDAY,244,0,48,0,0.0,0.196721,0.0,0.0,0.519114,0.0,0.011045,RIGHT,0.0,0.0,AMBIGUOUS
C:\BSIT 3RD YEAR\New VovGest\FSL-105 A dataset for recognizing 105 Filipino sign language videos\FSL-105 A dataset for recognizing 105 Filipino sign language videos\clips\clips\20\9.MOV,COUSIN,244,0,55,0,0.0,0.22541,0.0,0.0,0.530897,0.0,0.010017,RIGHT,0.0,0.0,AMBIGUOUS
C:\BSIT 3RD YEAR\New VovGest\FSL-105 A dataset for recognizing 105 Filipino sign language videos\FSL-105 A dataset for recognizing 105 Filipino sign language videos\clips\clips\21\0.MOV,DEAF BLIND,244,0,71,0,0.0,0.290984,0.0,0.0,0.676488,0.0,0.009804,RIGHT,0.0,0.0,AMBIGUOUS
C:\BSIT 3RD YEAR\New VovGest\FSL-105 A dataset for recognizing 105 Filipino sign language videos\FSL-105 A dataset for recognizing 105 Filipino sign language videos\clips\clips\21\1.MOV,FEBRUARY,244,0,85,0,0.0,0.348361,0.0,0.0,0.613614,0.0,0.007393,RIGHT,0.0,0.0,AMBIGUOUS
C:\BSIT 3RD YEAR\New VovGest\FSL-105 A dataset for recognizing 105 Filipino sign language videos\FSL-105 A dataset for recognizing 105 Filipino sign language videos\clips\clips\21\10.MOV,YESTERDAY,244,0,58,0,0.0,0.237705,0.0,0.0,0.573018,0.0,0.010053,RIGHT,0.0,0.0,AMBIGUOUS
C:\BSIT 3RD YEAR\New VovGest\FSL-105 A dataset for recognizing 105 Filipino sign language videos\FSL-105 A dataset for recognizing 105 Filipino sign language videos\clips\clips\21\11.MOV,DON’T KNOW,244,0,56,0,0.0,0.229508,0.0,0.0,0.509137,0.0,0.009257,RIGHT,0.0,0.0,AMBIGUOUS
C:\BSIT 3RD YEAR\New VovGest\FSL-105 A dataset for recognizing 105 Filipino sign language videos\FSL-105 A dataset for recognizing 105 Filipino sign language videos\clips\clips\21\12.MOV,WEDNESDAY,244,0,58,0,0.0,0.237705,0.0,0.0,0.487565,0.0,0.008707,RIGHT,0.0,0.0,AMBIGUOUS
C:\BSIT 3RD YEAR\New VovGest\FSL-105 A dataset for recognizing 105 Filipino sign language videos\FSL-105 A dataset for recognizing 105 Filipino sign language videos\clips\clips\21\13.MOV,UNDERSTAND,244,0,53,0,0.0,0.217213,0.0,0.0,0.436125,0.0,0.008551,RIGHT,0.0,0.0,AMBIGUOUS
C:\BSIT 3RD YEAR\New VovGest\FSL-105 A dataset for recognizing 105 Filipino sign language videos\FSL-105 A dataset for recognizing 105 Filipino sign language videos\clips\clips\21\14.MOV,HARD OF HEARING,244,0,57,0,0.0,0.233607,0.0,0.0,0.343169,0.0,0.006475,RIGHT,0.0,0.0,AMBIGUOUS
C:\BSIT 3RD YEAR\New VovGest\FSL-105 A dataset for recognizing 105 Filipino sign language videos\FSL-105 A dataset for recognizing 105 Filipino sign language videos\clips\clips\21\15.MOV,NOVEMBER,244,0,71,0,0.0,0.290984,0.0,0.0,0.697602,0.0,0.01011,RIGHT,0.0,0.0,AMBIGUOUS
C:\BSIT 3RD YEAR\New VovGest\FSL-105 A dataset for recognizing 105 Filipino sign language videos\FSL-105 A dataset for recognizing 105 Filipino sign language videos\clips\clips\21\16.MOV,BLIND,244,0,88,0,0.0,0.360656,0.0,0.0,0.622077,0.0,0.00715,RIGHT,0.0,0.0,AMBIGUOUS
C:\BSIT 3RD YEAR\New VovGest\FSL-105 A dataset for recognizing 105 Filipino sign language videos\FSL-105 A dataset for recognizing 105 Filipino sign language videos\clips\clips\21\17.MOV,COLD,244,0,78,0,0.0,0.319672,0.0,0.0,0.55303,0.0,0.007182,RIGHT,0.0,0.0,AMBIGUOUS
C:\BSIT 3RD YEAR\New VovGest\FSL-105 A dataset for recognizing 105 Filipino sign language videos\FSL-105 A dataset for recognizing 105 Filipino sign language videos\clips\clips\21\18.MOV,GREEN,244,0,79,0,0.0,0.32377,0.0,0.0,0.769458,0.0,0.009865,RIGHT,0.0,0.0,AMBIGUOUS
C:\BSIT 3RD YEAR\New VovGest\FSL-105 A dataset for recognizing 105 Filipino sign language videos\FSL-105 A dataset for recognizing 105 Filipino sign language videos\clips\clips\21\19.MOV,IM FINE,244,0,74,0,0.0,0.303279,0.0,0.0,0.698033,0.0,0.009562,RIGHT,0.0,0.0,AMBIGUOUS
C:\BSIT 3RD YEAR\New VovGest\FSL-105 A dataset for recognizing 105 Filipino sign language videos\FSL-105 A dataset for recognizing 105 Filipino sign language videos\clips\clips\21\2.MOV,JUNE,244,0,67,0,0.0,0.27459,0.0,0.0,0.536783,0.0,0.008387,RIGHT,0.0,0.0,AMBIGUOUS
C:\BSIT 3RD YEAR\New VovGest\FSL-105 A dataset for recognizing 105 Filipino sign language videos\FSL-105 A dataset for recognizing 105 Filipino sign language videos\clips\clips\21\3.MOV,FATHER,244,0,67,0,0.0,0.27459,0.0,0.0,0.561515,0.0,0.008774,RIGHT,0.0,0.0,AMBIGUOUS
C:\BSIT 3RD YEAR\New VovGest\FSL-105 A dataset for recognizing 105 Filipino sign language videos\FSL-105 A dataset for recognizing 105 Filipino sign language videos\clips\clips\21\4.MOV,MOTHER,244,0,76,0,0.0,0.311475,0.0,0.0,0.673762,0.0,0.00923,RIGHT,0.0,0.0,AMBIGUOUS
C:\BSIT 3RD YEAR\New VovGest\FSL-105 A dataset for recognizing 105 Filipino sign language videos\FSL-105 A dataset for recognizing 105 Filipino sign language videos\clips\clips\21\5.MOV,UNDERSTAND,244,0,73,0,0.0,0.29918,0.0,0.0,0.736864,0.0,0.010234,RIGHT,0.0,0.0,AMBIGUOUS
C:\BSIT 3RD YEAR\New VovGest\FSL-105 A dataset for recognizing 105 Filipino sign language videos\FSL-105 A dataset for recognizing 105 Filipino sign language videos\clips\clips\21\6.MOV,SUGAR,244,0,66,0,0.0,0.270492,0.0,0.0,0.551708,0.0,0.00862,RIGHT,0.0,0.0,AMBIGUOUS
C:\BSIT 3RD YEAR\New VovGest\FSL-105 A dataset for recognizing 105 Filipino sign language videos\FSL-105 A dataset for recognizing 105 Filipino sign language videos\clips\clips\21\7.MOV,SUNDAY,244,0,65,0,0.0,0.266393,0.0,0.0,0.738277,0.0,0.011719,RIGHT,0.0,0.0,AMBIGUOUS
C:\BSIT 3RD YEAR\New VovGest\FSL-105 A dataset for recognizing 105 Filipino sign language videos\FSL-105 A dataset for recognizing 105 Filipino sign language videos\clips\clips\21\8.MOV,MONDAY,244,0,66,0,0.0,0.270492,0.0,0.0,0.879736,0.0,0.013746,RIGHT,0.0,0.0,AMBIGUOUS
C:\BSIT 3RD YEAR\New VovGest\FSL-105 A dataset for recognizing 105 Filipino sign language videos\FSL-105 A dataset for recognizing 105 Filipino sign language videos\clips\clips\21\9.MOV,COUSIN,244,0,82,0,0.0,0.336066,0.0,0.0,0.937683,0.0,0.011721,RIGHT,0.0,0.0,AMBIGUOUS
C:\BSIT 3RD YEAR\New VovGest\FSL-105 A dataset for recognizing 105 Filipino sign language videos\FSL-105 A dataset for recognizing 105 Filipino sign language videos\clips\clips\22\0.MOV,DEAF BLIND,244,0,111,0,0.0,0.454918,0.0,0.0,0.586373,0.0,0.00548,RIGHT,0.0,0.0,ONE_HANDED
C:\BSIT 3RD YEAR\New VovGest\FSL-105 A dataset for recognizing 105 Filipino sign language videos\FSL-105 A dataset for recognizing 105 Filipino sign language videos\clips\clips\22\1.MOV,FEBRUARY,244,0,85,0,0.0,0.348361,0.0,0.0,0.693108,0.0,0.008251,RIGHT,0.0,0.0,AMBIGUOUS
C:\BSIT 3RD YEAR\New VovGest\FSL-105 A dataset for recognizing 105 Filipino sign language videos\FSL-105 A dataset for recognizing 105 Filipino sign language videos\clips\clips\22\10.MOV,YESTERDAY,244,0,54,0,0.0,0.221311,0.0,0.0,0.555323,0.0,0.010478,RIGHT,0.0,0.0,AMBIGUOUS
C:\BSIT 3RD YEAR\New VovGest\FSL-105 A dataset for recognizing 105 Filipino sign language videos\FSL-105 A dataset for recognizing 105 Filipino sign language videos\clips\clips\22\11.MOV,DON’T KNOW,244,0,59,0,0.0,0.241803,0.0,0.0,0.517582,0.0,0.008924,RIGHT,0.0,0.0,AMBIGUOUS
C:\BSIT 3RD YEAR\New VovGest\FSL-105 A dataset for recognizing 105 Filipino sign language videos\FSL-105 A dataset for recognizing 105 Filipino sign language videos\clips\clips\22\12.MOV,WEDNESDAY,244,0,56,0,0.0,0.229508,0.0,0.0,0.379975,0.0,0.007169,RIGHT,0.0,0.0,AMBIGUOUS
C:\BSIT 3RD YEAR\New VovGest\FSL-105 A dataset for recognizing 105 Filipino sign language videos\FSL-105 A dataset for recognizing 105 Filipino sign language videos\clips\clips\22\13.MOV,UNDERSTAND,244,0,58,0,0.0,0.237705,0.0,0.0,0.495989,0.0,0.008702,RIGHT,0.0,0.0,AMBIGUOUS
C:\BSIT 3RD YEAR\New VovGest\FSL-105 A dataset for recognizing 105 Filipino sign language videos\FSL-105 A dataset for recognizing 105 Filipino sign language videos\clips\clips\22\14.MOV,HARD OF HEARING,244,0,61,0,0.0,0.25,0.0,0.0,0.53791,0.0,0.008965,RIGHT,0.0,0.0,AMBIGUOUS
C:\BSIT 3RD YEAR\New VovGest\FSL-105 A dataset for recognizing 105 Filipino sign language videos\FSL-105 A dataset for recognizing 105 Filipino sign language videos\clips\clips\22\15.MOV,NOVEMBER,244,0,87,0,0.0,0.356557,0.0,0.0,0.725583,0.0,0.008536,RIGHT,0.0,0.0,AMBIGUOUS
C:\BSIT 3RD YEAR\New VovGest\FSL-105 A dataset for recognizing 105 Filipino sign language videos\FSL-105 A dataset for recognizing 105 Filipino sign language videos\clips\clips\22\16.MOV,BLIND,244,0,74,0,0.0,0.303279,0.0,0.0,0.691994,0.0,0.009479,RIGHT,0.0,0.0,AMBIGUOUS
C:\BSIT 3RD YEAR\New VovGest\FSL-105 A dataset for recognizing 105 Filipino sign language videos\FSL-105 A dataset for recognizing 105 Filipino sign language videos\clips\clips\22\17.MOV,COLD,244,0,91,0,0.0,0.372951,0.0,0.0,0.824382,0.0,0.009368,RIGHT,0.0,0.0,AMBIGUOUS
C:\BSIT 3RD YEAR\New VovGest\FSL-105 A dataset for recognizing 105 Filipino sign language videos\FSL-105 A dataset for recognizing 105 Filipino sign language videos\clips\clips\22\18.MOV,GREEN,244,0,83,0,0.0,0.340164,0.0,0.0,0.788399,0.0,0.009733,RIGHT,0.0,0.0,AMBIGUOUS
C:\BSIT 3RD YEAR\New VovGest\FSL-105 A dataset for recognizing 105 Filipino sign language videos\FSL-105 A dataset for recognizing 105 Filipino sign language videos\clips\clips\22\19.MOV,IM FINE,244,0,75,0,0.0,0.307377,0.0,0.0,0.759465,0.0,0.010263,RIGHT,0.0,0.0,AMBIGUOUS
C:\BSIT 3RD YEAR\New VovGest\FSL-105 A dataset for recognizing 105 Filipino sign language videos\FSL-105 A dataset for recognizing 105 Filipino sign language videos\clips\clips\22\2.MOV,JUNE,244,0,81,0,0.0,0.331967,0.0,0.0,0.658945,0.0,0.008341,RIGHT,0.0,0.0,AMBIGUOUS
C:\BSIT 3RD YEAR\New VovGest\FSL-105 A dataset for recognizing 105 Filipino sign language videos\FSL-105 A dataset for recognizing 105 Filipino sign language videos\clips\clips\22\3.MOV,FATHER,244,0,73,0,0.0,0.29918,0.0,0.0,0.746233,0.0,0.010364,RIGHT,0.0,0.0,AMBIGUOUS
C:\BSIT 3RD YEAR\New VovGest\FSL-105 A dataset for recognizing 105 Filipino sign language videos\FSL-105 A dataset for recognizing 105 Filipino sign language videos\clips\clips\22\4.MOV,MOTHER,244,0,91,0,0.0,0.372951,0.0,0.0,0.591877,0.0,0.006726,RIGHT,0.0,0.0,AMBIGUOUS
C:\BSIT 3RD YEAR\New VovGest\FSL-105 A dataset for recognizing 105 Filipino sign language videos\FSL-105 A dataset for recognizing 105 Filipino sign language videos\clips\clips\22\5.MOV,UNDERSTAND,244,0,67,0,0.0,0.27459,0.0,0.0,0.840023,0.0,0.012728,RIGHT,0.0,0.0,AMBIGUOUS
C:\BSIT 3RD YEAR\New VovGest\FSL-105 A dataset for recognizing 105 Filipino sign language videos\FSL-105 A dataset for recognizing 105 Filipino sign language videos\clips\clips\22\6.MOV,SUGAR,244,0,72,0,0.0,0.295082,0.0,0.0,0.725245,0.0,0.010361,RIGHT,0.0,0.0,AMBIGUOUS
C:\BSIT 3RD YEAR\New VovGest\FSL-105 A dataset for recognizing 105 Filipino sign language videos\FSL-105 A dataset for recognizing 105 Filipino sign language videos\clips\clips\22\7.MOV,SUNDAY,244,0,65,0,0.0,0.266393,0.0,0.0,0.691177,0.0,0.010971,RIGHT,0.0,0.0,AMBIGUOUS
C:\BSIT 3RD YEAR\New VovGest\FSL-105 A dataset for recognizing 105 Filipino sign language videos\FSL-105 A dataset for recognizing 105 Filipino sign language videos\clips\clips\22\8.MOV,MONDAY,244,0,68,0,0.0,0.278689,0.0,0.0,0.822695,0.0,0.012465,RIGHT,0.0,0.0,AMBIGUOUS
C:\BSIT 3RD YEAR\New VovGest\FSL-105 A dataset for recognizing 105 Filipino sign language videos\FSL-105 A dataset for recognizing 105 Filipino sign language videos\clips\clips\22\9.MOV,COUSIN,244,0,67,0,0.0,0.27459,0.0,0.0,0.809349,0.0,0.012263,RIGHT,0.0,0.0,AMBIGUOUS
C:\BSIT 3RD YEAR\New VovGest\FSL-105 A dataset for recognizing 105 Filipino sign language videos\FSL-105 A dataset for recognizing 105 Filipino sign language videos\clips\clips\23\0.MOV,DEAF BLIND,244,0,82,0,0.0,0.336066,0.0,0.0,0.71473,0.0,0.008934,RIGHT,0.0,0.0,AMBIGUOUS
C:\BSIT 3RD YEAR\New VovGest\FSL-105 A dataset for recognizing 105 Filipino sign language videos\FSL-105 A dataset for recognizing 105 Filipino sign language videos\clips\clips\23\1.MOV,FEBRUARY,244,0,67,0,0.0,0.27459,0.0,0.0,0.671569,0.0,0.010175,RIGHT,0.0,0.0,AMBIGUOUS
C:\BSIT 3RD YEAR\New VovGest\FSL-105 A dataset for recognizing 105 Filipino sign language videos\FSL-105 A dataset for recognizing 105 Filipino sign language videos\clips\clips\23\10.MOV,YESTERDAY,244,0,58,0,0.0,0.237705,0.0,0.0,0.48575,0.0,0.008522,RIGHT,0.0,0.0,AMBIGUOUS
C:\BSIT 3RD YEAR\New VovGest\FSL-105 A dataset for recognizing 105 Filipino sign language videos\FSL-105 A dataset for recognizing 105 Filipino sign language videos\clips\clips\23\11.MOV,DON’T KNOW,244,0,54,0,0.0,0.221311,0.0,0.0,0.385769,0.0,0.007715,RIGHT,0.0,0.0,AMBIGUOUS
C:\BSIT 3RD YEAR\New VovGest\FSL-105 A dataset for recognizing 105 Filipino sign language videos\FSL-105 A dataset for recognizing 105 Filipino sign language videos\clips\clips\23\12.MOV,WEDNESDAY,244,0,57,0,0.0,0.233607,0.0,0.0,0.463305,0.0,0.008424,RIGHT,0.0,0.0,AMBIGUOUS
C:\BSIT 3RD YEAR\New VovGest\FSL-105 A dataset for recognizing 105 Filipino sign language videos\FSL-105 A dataset for recognizing 105 Filipino sign language videos\clips\clips\23\13.MOV,UNDERSTAND,244,0,56,0,0.0,0.229508,0.0,0.0,0.468488,0.0,0.008676,RIGHT,0.0,0.0,AMBIGUOUS
C:\BSIT 3RD YEAR\New VovGest\FSL-105 A dataset for recognizing 105 Filipino sign language videos\FSL-105 A dataset for recognizing 105 Filipino sign language videos\clips\clips\23\14.MOV,HARD OF HEARING,244,0,58,0,0.0,0.237705,0.0,0.0,0.499724,0.0,0.008924,RIGHT,0.0,0.0,AMBIGUOUS
C:\BSIT 3RD YEAR\New VovGest\FSL-105 A dataset for recognizing 105 Filipino sign language videos\FSL-105 A dataset for recognizing 105 Filipino sign language videos\clips\clips\23\15.MOV,NOVEMBER,244,0,66,0,0.0,0.270492,0.0,0.0,0.569955,0.0,0.009047,RIGHT,0.0,0.0,AMBIGUOUS
C:\BSIT 3RD YEAR\New VovGest\FSL-105 A dataset for recognizing 105 Filipino sign language videos\FSL-105 A dataset for recognizing 105 Filipino sign language videos\clips\clips\23\16.MOV,BLIND,244,0,66,0,0.0,0.270492,0.0,0.0,0.674628,0.0,0.010379,RIGHT,0.0,0.0,AMBIGUOUS
C:\BSIT 3RD YEAR\New VovGest\FSL-105 A dataset for recognizing 105 Filipino sign language videos\FSL-105 A dataset for recognizing 105 Filipino sign language videos\clips\clips\23\17.MOV,COLD,244,0,72,0,0.0,0.295082,0.0,0.0,0.625237,0.0,0.008932,RIGHT,0.0,0.0,AMBIGUOUS
C:\BSIT 3RD YEAR\New VovGest\FSL-105 A dataset for recognizing 105 Filipino sign language videos\FSL-105 A dataset for recognizing 105 Filipino sign language videos\clips\clips\23\18.MOV,GREEN,244,0,74,0,0.0,0.303279,0.0,0.0,0.775242,0.0,0.01062,RIGHT,0.0,0.0,AMBIGUOUS
C:\BSIT 3RD YEAR\New VovGest\FSL-105 A dataset for recognizing 105 Filipino sign language videos\FSL-105 A dataset for recognizing 105 Filipino sign language videos\clips\clips\23\19.MOV,IM FINE,244,0,170,0,0.0,0.696721,0.0,0.0,0.436213,0.0,0.002597,RIGHT,0.0,0.0,ONE_HANDED
C:\BSIT 3RD YEAR\New VovGest\FSL-105 A dataset for recognizing 105 Filipino sign language videos\FSL-105 A dataset for recognizing 105 Filipino sign language videos\clips\clips\23\2.MOV,JUNE,244,0,67,0,0.0,0.27459,0.0,0.0,0.595881,0.0,0.009311,RIGHT,0.0,0.0,AMBIGUOUS
C:\BSIT 3RD YEAR\New VovGest\FSL-105 A dataset for recognizing 105 Filipino sign language videos\FSL-105 A dataset for recognizing 105 Filipino sign language videos\clips\clips\23\3.MOV,FATHER,244,0,69,0,0.0,0.282787,0.0,0.0,0.63971,0.0,0.009693,RIGHT,0.0,0.0,AMBIGUOUS
C:\BSIT 3RD YEAR\New VovGest\FSL-105 A dataset for recognizing 105 Filipino sign language videos\FSL-105 A dataset for recognizing 105 Filipino sign language videos\clips\clips\23\4.MOV,MOTHER,244,0,63,0,0.0,0.258197,0.0,0.0,0.700265,0.0,0.01148,RIGHT,0.0,0.0,AMBIGUOUS
C:\BSIT 3RD YEAR\New VovGest\FSL-105 A dataset for recognizing 105 Filipino sign language videos\FSL-105 A dataset for recognizing 105 Filipino sign language videos\clips\clips\23\5.MOV,UNDERSTAND,244,0,68,0,0.0,0.278689,0.0,0.0,0.814708,0.0,0.012344,RIGHT,0.0,0.0,AMBIGUOUS
C:\BSIT 3RD YEAR\New VovGest\FSL-105 A dataset for recognizing 105 Filipino sign language videos\FSL-105 A dataset for recognizing 105 Filipino sign language videos\clips\clips\23\6.MOV,SUGAR,244,0,69,0,0.0,0.282787,0.0,0.0,0.855027,0.0,0.012574,RIGHT,0.0,0.0,AMBIGUOUS
C:\BSIT 3RD YEAR\New VovGest\FSL-105 A dataset for recognizing 105 Filipino sign language videos\FSL-105 A dataset for recognizing 105 Filipino sign language videos\clips\clips\23\7.MOV,SUNDAY,244,0,65,0,0.0,0.266393,0.0,0.0,0.827629,0.0,0.012932,RIGHT,0.0,0.0,AMBIGUOUS
C:\BSIT 3RD YEAR\New VovGest\FSL-105 A dataset for recognizing 105 Filipino sign language videos\FSL-105 A dataset for recognizing 105 Filipino sign language videos\clips\clips\23\8.MOV,MONDAY,244,0,75,0,0.0,0.307377,0.0,0.0,0.737453,0.0,0.010102,RIGHT,0.0,0.0,AMBIGUOUS
C:\BSIT 3RD YEAR\New VovGest\FSL-105 A dataset for recognizing 105 Filipino sign language videos\FSL-105 A dataset for recognizing 105 Filipino sign language videos\clips\clips\23\9.MOV,COUSIN,244,2,65,2,0.008197,0.266393,0.008197,0.045111,0.811654,0.045111,0.012682,RIGHT,0.008197,0.055579,AMBIGUOUS
C:\BSIT 3RD YEAR\New VovGest\FSL-105 A dataset for recognizing 105 Filipino sign language videos\FSL-105 A dataset for recognizing 105 Filipino sign language videos\clips\clips\24\0.MOV,DEAF BLIND,244,0,69,0,0.0,0.282787,0.0,0.0,0.660394,0.0,0.009857,RIGHT,0.0,0.0,AMBIGUOUS
C:\BSIT 3RD YEAR\New VovGest\FSL-105 A dataset for recognizing 105 Filipino sign language videos\FSL-105 A dataset for recognizing 105 Filipino sign language videos\clips\clips\24\1.MOV,FEBRUARY,244,0,70,0,0.0,0.286885,0.0,0.0,0.814647,0.0,0.011806,RIGHT,0.0,0.0,AMBIGUOUS
C:\BSIT 3RD YEAR\New VovGest\FSL-105 A dataset for recognizing 105 Filipino sign language videos\FSL-105 A dataset for recognizing 105 Filipino sign language videos\clips\clips\24\10.MOV,YESTERDAY,244,0,65,0,0.0,0.266393,0.0,0.0,0.604952,0.0,0.009452,RIGHT,0.0,0.0,AMBIGUOUS
C:\BSIT 3RD YEAR\New VovGest\FSL-105 A dataset for recognizing 105 Filipino sign language videos\FSL-105 A dataset for recognizing 105 Filipino sign language videos\clips\clips\24\11.MOV,DON’T KNOW,244,0,62,0,0.0,0.254098,0.0,0.0,0.661742,0.0,0.010848,RIGHT,0.0,0.0,AMBIGUOUS
C:\BSIT 3RD YEAR\New VovGest\FSL-105 A dataset for recognizing 105 Filipino sign language videos\FSL-105 A dataset for recognizing 105 Filipino sign language videos\clips\clips\24\12.MOV,WEDNESDAY,244,0,58,0,0.0,0.237705,0.0,0.0,0.616448,0.0,0.011008,RIGHT,0.0,0.0,AMBIGUOUS
C:\BSIT 3RD YEAR\New VovGest\FSL-105 A dataset for recognizing 105 Filipino sign language videos\FSL-105 A dataset for recognizing 105 Filipino sign language videos\clips\clips\24\13.MOV,UNDERSTAND,244,0,63,0,0.0,0.258197,0.0,0.0,0.637547,0.0,0.010283,RIGHT,0.0,0.0,AMBIGUOUS
C:\BSIT 3RD YEAR\New VovGest\FSL-105 A dataset for recognizing 105 Filipino sign language videos\FSL-105 A dataset for recognizing 105 Filipino sign language videos\clips\clips\24\14.MOV,HARD OF HEARING,244,0,59,0,0.0,0.241803,0.0,0.0,0.686088,0.0,0.011829,RIGHT,0.0,0.0,AMBIGUOUS
C:\BSIT 3RD YEAR\New VovGest\FSL-105 A dataset for recognizing 105 Filipino sign language videos\FSL-105 A dataset for recognizing 105 Filipino sign language videos\clips\clips\24\15.MOV,NOVEMBER,244,0,49,0,0.0,0.20082,0.0,0.0,0.828143,0.0,0.017253,RIGHT,0.0,0.0,AMBIGUOUS
C:\BSIT 3RD YEAR\New VovGest\FSL-105 A dataset for recognizing 105 Filipino sign language videos\FSL-105 A dataset for recognizing 105 Filipino sign language videos\clips\clips\24\16.MOV,BLIND,244,0,58,0,0.0,0.237705,0.0,0.0,0.773023,0.0,0.013804,RIGHT,0.0,0.0,AMBIGUOUS
C:\BSIT 3RD YEAR\New VovGest\FSL-105 A dataset for recognizing 105 Filipino sign language videos\FSL-105 A dataset for recognizing 105 Filipino sign language videos\clips\clips\24\17.MOV,COLD,244,0,59,0,0.0,0.241803,0.0,0.0,0.7389,0.0,0.012963,RIGHT,0.0,0.0,AMBIGUOUS
C:\BSIT 3RD YEAR\New VovGest\FSL-105 A dataset for recognizing 105 Filipino sign language videos\FSL-105 A dataset for recognizing 105 Filipino sign language videos\clips\clips\24\18.MOV,GREEN,244,0,82,0,0.0,0.336066,0.0,0.0,0.668591,0.0,0.008357,RIGHT,0.0,0.0,AMBIGUOUS
C:\BSIT 3RD YEAR\New VovGest\FSL-105 A dataset for recognizing 105 Filipino sign language videos\FSL-105 A dataset for recognizing 105 Filipino sign language videos\clips\clips\24\19.MOV,IM FINE,244,0,113,0,0.0,0.463115,0.0,0.0,0.746615,0.0,0.006726,RIGHT,0.0,0.0,ONE_HANDED
C:\BSIT 3RD YEAR\New VovGest\FSL-105 A dataset for recognizing 105 Filipino sign language videos\FSL-105 A dataset for recognizing 105 Filipino sign language videos\clips\clips\24\2.MOV,JUNE,244,0,72,0,0.0,0.295082,0.0,0.0,0.796373,0.0,0.011217,RIGHT,0.0,0.0,AMBIGUOUS
C:\BSIT 3RD YEAR\New VovGest\FSL-105 A dataset for recognizing 105 Filipino sign language videos\FSL-105 A dataset for recognizing 105 Filipino sign language videos\clips\clips\24\3.MOV,FATHER,244,0,72,0,0.0,0.295082,0.0,0.0,0.754621,0.0,0.010628,RIGHT,0.0,0.0,AMBIGUOUS
C:\BSIT 3RD YEAR\New VovGest\FSL-105 A dataset for recognizing 105 Filipino sign language videos\FSL-105 A dataset for recognizing 105 Filipino sign language videos\clips\clips\24\4.MOV,MOTHER,244,0,70,0,0.0,0.286885,0.0,0.0,0.724995,0.0,0.010507,RIGHT,0.0,0.0,AMBIGUOUS
C:\BSIT 3RD YEAR\New VovGest\FSL-105 A dataset for recognizing 105 Filipino sign language videos\FSL-105 A dataset for recognizing 105 Filipino sign language videos\clips\clips\24\5.MOV,UNDERSTAND,244,4,66,4,0.016393,0.270492,0.016393,0.135465,0.912949,0.045155,0.014045,RIGHT,0.016393,0.148382,AMBIGUOUS
C:\BSIT 3RD YEAR\New VovGest\FSL-105 A dataset for recognizing 105 Filipino sign language videos\FSL-105 A dataset for recognizing 105 Filipino sign language videos\clips\clips\24\6.MOV,SUGAR,244,4,68,4,0.016393,0.278689,0.016393,0.128751,0.845807,0.042917,0.012624,RIGHT,0.016393,0.152223,AMBIGUOUS
C:\BSIT 3RD YEAR\New VovGest\FSL-105 A dataset for recognizing 105 Filipino sign language videos\FSL-105 A dataset for recognizing 105 Filipino sign language videos\clips\clips\24\7.MOV,SUNDAY,244,1,63,1,0.004098,0.258197,0.004098,0.0,0.841293,0.0,0.013569,RIGHT,0.004098,0.0,AMBIGUOUS
C:\BSIT 3RD YEAR\New VovGest\FSL-105 A dataset for recognizing 105 Filipino sign language videos\FSL-105 A dataset for recognizing 105 Filipino sign language videos\clips\clips\24\8.MOV,MONDAY,244,0,66,0,0.0,0.270492,0.0,0.0,0.860946,0.0,0.013245,RIGHT,0.0,0.0,AMBIGUOUS
C:\BSIT 3RD YEAR\New VovGest\FSL-105 A dataset for recognizing 105 Filipino sign language videos\FSL-105 A dataset for recognizing 105 Filipino sign language videos\clips\clips\24\9.MOV,COUSIN,244,0,74,0,0.0,0.303279,0.0,0.0,0.880757,0.0,0.012065,RIGHT,0.0,0.0,AMBIGUOUS
C:\BSIT 3RD YEAR\New VovGest\FSL-105 A dataset for recognizing 105 Filipino sign language videos\FSL-105 A dataset for recognizing 105 Filipino sign language videos\clips\clips\25\0.MOV,DEAF BLIND,244,0,94,0,0.0,0.385246,0.0,0.0,0.596544,0.0,0.006484,RIGHT,0.0,0.0,AMBIGUOUS
C:\BSIT 3RD YEAR\New VovGest\FSL-105 A dataset for recognizing 105 Filipino sign language videos\FSL-105 A dataset for recognizing 105 Filipino sign language videos\clips\clips\25\1.MOV,FEBRUARY,244,0,111,0,0.0,0.454918,0.0,0.0,0.683118,0.0,0.006267,RIGHT,0.0,0.0,ONE_HANDED
C:\BSIT 3RD YEAR\New VovGest\FSL-105 A dataset for recognizing 105 Filipino sign language videos\FSL-105 A dataset for recognizing 105 Filipino sign language videos\clips\clips\25\10.MOV,YESTERDAY,244,0,62,0,0.0,0.254098,0.0,0.0,0.510584,0.0,0.00837,RIGHT,0.0,0.0,AMBIGUOUS
C:\BSIT 3RD YEAR\New VovGest\FSL-105 A dataset for recognizing 105 Filipino sign language videos\FSL-105 A dataset for recognizing 105 Filipino sign language videos\clips\clips\25\11.MOV,DON’T KNOW,244,0,72,0,0.0,0.295082,0.0,0.0,0.67646,0.0,0.009664,RIGHT,0.0,0.0,AMBIGUOUS
C:\BSIT 3RD YEAR\New VovGest\FSL-105 A dataset for recognizing 105 Filipino sign language videos\FSL-105 A dataset for recognizing 105 Filipino sign language videos\clips\clips\25\12.MOV,WEDNESDAY,244,0,65,0,0.0,0.266393,0.0,0.0,0.559869,0.0,0.008748,RIGHT,0.0,0.0,AMBIGUOUS
C:\BSIT 3RD YEAR\New VovGest\FSL-105 A dataset for recognizing 105 Filipino sign language videos\FSL-105 A dataset for recognizing 105 Filipino sign language videos\clips\clips\25\13.MOV,UNDERSTAND,244,0,75,0,0.0,0.307377,0.0,0.0,0.528704,0.0,0.007343,RIGHT,0.0,0.0,AMBIGUOUS
C:\BSIT 3RD YEAR\New VovGest\FSL-105 A dataset for recognizing 105 Filipino sign language videos\FSL-105 A dataset for recognizing 105 Filipino sign language videos\clips\clips\25\14.MOV,HARD OF HEARING,244,0,67,0,0.0,0.27459,0.0,0.0,0.526881,0.0,0.008233,RIGHT,0.0,0.0,AMBIGUOUS
C:\BSIT 3RD YEAR\New VovGest\FSL-105 A dataset for recognizing 105 Filipino sign language videos\FSL-105 A dataset for recognizing 105 Filipino sign language videos\clips\clips\25\15.MOV,NOVEMBER,243,0,109,0,0.0,0.44856,0.0,0.0,0.819501,0.0,0.007588,RIGHT,0.0,0.0,AMBIGUOUS
C:\BSIT 3RD YEAR\New VovGest\FSL-105 A dataset for recognizing 105 Filipino sign language videos\FSL-105 A dataset for recognizing 105 Filipino sign language videos\clips\clips\25\16.MOV,BLIND,243,0,113,0,0.0,0.465021,0.0,0.0,0.890479,0.0,0.007951,RIGHT,0.0,0.0,ONE_HANDED
C:\BSIT 3RD YEAR\New VovGest\FSL-105 A dataset for recognizing 105 Filipino sign language videos\FSL-105 A dataset for recognizing 105 Filipino sign language videos\clips\clips\25\17.MOV,COLD,243,0,111,0,0.0,0.45679,0.0,0.0,0.798778,0.0,0.007262,RIGHT,0.0,0.0,ONE_HANDED
C:\BSIT 3RD YEAR\New VovGest\FSL-105 A dataset for recognizing 105 Filipino sign language videos\FSL-105 A dataset for recognizing 105 Filipino sign language videos\clips\clips\25\18.MOV,GREEN,243,0,111,0,0.0,0.45679,0.0,0.0,0.874224,0.0,0.007947,RIGHT,0.0,0.0,ONE_HANDED
C:\BSIT 3RD YEAR\New VovGest\FSL-105 A dataset for recognizing 105 Filipino sign language videos\FSL-105 A dataset for recognizing 105 Filipino sign language videos\clips\clips\25\19.MOV,IM FINE,243,0,134,0,0.0,0.55144,0.0,0.0,0.88303,0.0,0.00669,RIGHT,0.0,0.0,ONE_HANDED
C:\BSIT 3RD YEAR\New VovGest\FSL-105 A dataset for recognizing 105 Filipino sign language videos\FSL-105 A dataset for recognizing 105 Filipino sign language videos\clips\clips\25\2.MOV,JUNE,244,0,80,0,0.0,0.327869,0.0,0.0,0.627782,0.0,0.00826,RIGHT,0.0,0.0,AMBIGUOUS
C:\BSIT 3RD YEAR\New VovGest\FSL-105 A dataset for recognizing 105 Filipino sign language videos\FSL-105 A dataset for recognizing 105 Filipino sign language videos\clips\clips\25\3.MOV,FATHER,244,0,99,0,0.0,0.405738,0.0,0.0,0.780279,0.0,0.007962,RIGHT,0.0,0.0,AMBIGUOUS
C:\BSIT 3RD YEAR\New VovGest\FSL-105 A dataset for recognizing 105 Filipino sign language videos\FSL-105 A dataset for recognizing 105 Filipino sign language videos\clips\clips\25\4.MOV,MOTHER,244,0,89,0,0.0,0.364754,0.0,0.0,0.610975,0.0,0.007023,RIGHT,0.0,0.0,AMBIGUOUS
C:\BSIT 3RD YEAR\New VovGest\FSL-105 A dataset for recognizing 105 Filipino sign language videos\FSL-105 A dataset for recognizing 105 Filipino sign language videos\clips\clips\25\5.MOV,UNDERSTAND,244,0,76,0,0.0,0.311475,0.0,0.0,0.769777,0.0,0.010402,RIGHT,0.0,0.0,AMBIGUOUS
C:\BSIT 3RD YEAR\New VovGest\FSL-105 A dataset for recognizing 105 Filipino sign language videos\FSL-105 A dataset for recognizing 105 Filipino sign language videos\clips\clips\25\6.MOV,SUGAR,244,0,71,0,0.0,0.290984,0.0,0.0,0.763481,0.0,0.010907,RIGHT,0.0,0.0,AMBIGUOUS
C:\BSIT 3RD YEAR\New VovGest\FSL-105 A dataset for recognizing 105 Filipino sign language videos\FSL-105 A dataset for recognizing 105 Filipino sign language videos\clips\clips\25\7.MOV,SUNDAY,244,0,79,0,0.0,0.32377,0.0,0.0,0.715226,0.0,0.009289,RIGHT,0.0,0.0,AMBIGUOUS
C:\BSIT 3RD YEAR\New VovGest\FSL-105 A dataset for recognizing 105 Filipino sign language videos\FSL-105 A dataset for recognizing 105 Filipino sign language videos\clips\clips\25\8.MOV,MONDAY,244,0,82,0,0.0,0.336066,0.0,0.0,0.819142,0.0,0.010113,RIGHT,0.0,0.0,AMBIGUOUS
C:\BSIT 3RD YEAR\New VovGest\FSL-105 A dataset for recognizing 105 Filipino sign language videos\FSL-105 A dataset for recognizing 105 Filipino sign language videos\clips\clips\25\9.MOV,COUSIN,244,0,73,0,0.0,0.29918,0.0,0.0,0.724688,0.0,0.010065,RIGHT,0.0,0.0,AMBIGUOUS
C:\BSIT 3RD YEAR\New VovGest\FSL-105 A dataset for recognizing 105 Filipino sign language videos\FSL-105 A dataset for recognizing 105 Filipino sign language videos\clips\clips\26\0.MOV,DEAF BLIND,243,0,96,0,0.0,0.395062,0.0,0.0,0.606284,0.0,0.006519,RIGHT,0.0,0.0,AMBIGUOUS
C:\BSIT 3RD YEAR\New VovGest\FSL-105 A dataset for recognizing 105 Filipino sign language videos\FSL-105 A dataset for recognizing 105 Filipino sign language videos\clips\clips\26\1.MOV,FEBRUARY,243,0,78,0,0.0,0.320988,0.0,0.0,0.601131,0.0,0.007807,RIGHT,0.0,0.0,AMBIGUOUS
C:\BSIT 3RD YEAR\New VovGest\FSL-105 A dataset for recognizing 105 Filipino sign language videos\FSL-105 A dataset for recognizing 105 Filipino sign language videos\clips\clips\26\10.MOV,YESTERDAY,244,5,66,5,0.020492,0.270492,0.020492,0.191369,0.929642,0.047842,0.014302,RIGHT,0.020492,0.205852,AMBIGUOUS
C:\BSIT 3RD YEAR\New VovGest\FSL-105 A dataset for recognizing 105 Filipino sign language videos\FSL-105 A dataset for recognizing 105 Filipino sign language videos\clips\clips\26\11.MOV,DON’T KNOW,244,0,66,0,0.0,0.270492,0.0,0.0,0.619826,0.0,0.009536,RIGHT,0.0,0.0,AMBIGUOUS
C:\BSIT 3RD YEAR\New VovGest\FSL-105 A dataset for recognizing 105 Filipino sign language videos\FSL-105 A dataset for recognizing 105 Filipino sign language videos\clips\clips\26\12.MOV,WEDNESDAY,244,0,68,0,0.0,0.278689,0.0,0.0,0.564194,0.0,0.008548,RIGHT,0.0,0.0,AMBIGUOUS
C:\BSIT 3RD YEAR\New VovGest\FSL-105 A dataset for recognizing 105 Filipino sign language videos\FSL-105 A dataset for recognizing 105 Filipino sign language videos\clips\clips\26\13.MOV,UNDERSTAND,243,0,66,0,0.0,0.271605,0.0,0.0,0.531856,0.0,0.008182,RIGHT,0.0,0.0,AMBIGUOUS
C:\BSIT 3RD YEAR\New VovGest\FSL-105 A dataset for recognizing 105 Filipino sign language videos\FSL-105 A dataset for recognizing 105 Filipino sign language videos\clips\clips\26\14.MOV,HARD OF HEARING,243,0,64,0,0.0,0.263374,0.0,0.0,0.556245,0.0,0.008829,RIGHT,0.0,0.0,AMBIGUOUS
C:\BSIT 3RD YEAR\New VovGest\FSL-105 A dataset for recognizing 105 Filipino sign language videos\FSL-105 A dataset for recognizing 105 Filipino sign language videos\clips\clips\26\15.MOV,NOVEMBER,243,0,73,0,0.0,0.300412,0.0,0.0,0.496965,0.0,0.0071,RIGHT,0.0,0.0,AMBIGUOUS
C:\BSIT 3RD YEAR\New VovGest\FSL-105 A dataset for recognizing 105 Filipino sign language videos\FSL-105 A dataset for recognizing 105 Filipino sign language videos\clips\clips\26\16.MOV,BLIND,243,0,107,0,0.0,0.440329,0.0,0.0,0.913807,0.0,0.008703,RIGHT,0.0,0.0,AMBIGUOUS
C:\BSIT 3RD YEAR\New VovGest\FSL-105 A dataset for recognizing 105 Filipino sign language videos\FSL-105 A dataset for recognizing 105 Filipino sign language videos\clips\clips\26\17.MOV,COLD,243,0,102,0,0.0,0.419753,0.0,0.0,0.88172,0.0,0.008817,RIGHT,0.0,0.0,AMBIGUOUS
C:\BSIT 3RD YEAR\New VovGest\FSL-105 A dataset for recognizing 105 Filipino sign language videos\FSL-105 A dataset for recognizing 105 Filipino sign language videos\clips\clips\26\18.MOV,GREEN,243,0,82,0,0.0,0.337449,0.0,0.0,0.726798,0.0,0.009085,RIGHT,0.0,0.0,AMBIGUOUS
C:\BSIT 3RD YEAR\New VovGest\FSL-105 A dataset for recognizing 105 Filipino sign language videos\FSL-105 A dataset for recognizing 105 Filipino sign language videos\clips\clips\26\19.MOV,IM FINE,243,0,89,0,0.0,0.366255,0.0,0.0,0.746705,0.0,0.008583,RIGHT,0.0,0.0,AMBIGUOUS
C:\BSIT 3RD YEAR\New VovGest\FSL-105 A dataset for recognizing 105 Filipino sign language videos\FSL-105 A dataset for recognizing 105 Filipino sign language videos\clips\clips\26\2.MOV,JUNE,243,0,77,0,0.0,0.316872,0.0,0.0,0.704052,0.0,0.009387,RIGHT,0.0,0.0,AMBIGUOUS
C:\BSIT 3RD YEAR\New VovGest\FSL-105 A dataset for recognizing 105 Filipino sign language videos\FSL-105 A dataset for recognizing 105 Filipino sign language videos\clips\clips\26\20.MOV,SEVEN,243,0,87,0,0.0,0.358025,0.0,0.0,0.707112,0.0,0.008319,RIGHT,0.0,0.0,AMBIGUOUS
C:\BSIT 3RD YEAR\New VovGest\FSL-105 A dataset for recognizing 105 Filipino sign language videos\FSL-105 A dataset for recognizing 105 Filipino sign language videos\clips\clips\26\3.MOV,FATHER,243,0,67,0,0.0,0.27572,0.0,0.0,0.636511,0.0,0.009945,RIGHT,0.0,0.0,AMBIGUOUS
C:\BSIT 3RD YEAR\New VovGest\FSL-105 A dataset for recognizing 105 Filipino sign language videos\FSL-105 A dataset for recognizing 105 Filipino sign language videos\clips\clips\26\4.MOV,MOTHER,243,0,87,0,0.0,0.358025,0.0,0.0,0.698127,0.0,0.008213,RIGHT,0.0,0.0,AMBIGUOUS
C:\BSIT 3RD YEAR\New VovGest\FSL-105 A dataset for recognizing 105 Filipino sign language videos\FSL-105 A dataset for recognizing 105 Filipino sign language videos\clips\clips\26\5.MOV,UNDERSTAND,243,0,91,0,0.0,0.374486,0.0,0.0,0.613169,0.0,0.007048,RIGHT,0.0,0.0,AMBIGUOUS
C:\BSIT 3RD YEAR\New VovGest\FSL-105 A dataset for recognizing 105 Filipino sign language videos\FSL-105 A dataset for recognizing 105 Filipino sign language videos\clips\clips\26\6.MOV,SUGAR,244,2,68,2,0.008197,0.278689,0.008197,0.041333,0.807103,0.041333,0.012229,RIGHT,0.008197,0.051212,AMBIGUOUS
C:\BSIT 3RD YEAR\New VovGest\FSL-105 A dataset for recognizing 105 Filipino sign language videos\FSL-105 A dataset for recognizing 105 Filipino sign language videos\clips\clips\26\7.MOV,SUNDAY,244,0,69,0,0.0,0.282787,0.0,0.0,0.815183,0.0,0.011988,RIGHT,0.0,0.0,AMBIGUOUS
C:\BSIT 3RD YEAR\New VovGest\FSL-105 A dataset for recognizing 105 Filipino sign language videos\FSL-105 A dataset for recognizing 105 Filipino sign language videos\clips\clips\26\8.MOV,MONDAY,244,0,65,0,0.0,0.266393,0.0,0.0,0.837896,0.0,0.013092,RIGHT,0.0,0.0,AMBIGUOUS
C:\BSIT 3RD YEAR\New VovGest\FSL-105 A dataset for recognizing 105 Filipino sign language videos\FSL-105 A dataset for recognizing 105 Filipino sign language videos\clips\clips\26\9.MOV,COUSIN,244,0,75,0,0.0,0.307377,0.0,0.0,0.729112,0.0,0.009988,RIGHT,0.0,0.0,AMBIGUOUS
C:\BSIT 3RD YEAR\New VovGest\FSL-105 A dataset for recognizing 105 Filipino sign language videos\FSL-105 A dataset for recognizing 105 Filipino sign language videos\clips\clips\27\0.MOV,DEAF BLIND,243,0,92,0,0.0,0.378601,0.0,0.0,0.703927,0.0,0.007735,RIGHT,0.0,0.0,AMBIGUOUS
C:\BSIT 3RD YEAR\New VovGest\FSL-105 A dataset for recognizing 105 Filipino sign language videos\FSL-105 A dataset for recognizing 105 Filipino sign language videos\clips\clips\27\1.MOV,FEBRUARY,243,0,73,0,0.0,0.300412,0.0,0.0,0.570775,0.0,0.008154,RIGHT,0.0,0.0,AMBIGUOUS
C:\BSIT 3RD YEAR\New VovGest\FSL-105 A dataset for recognizing 105 Filipino sign language videos\FSL-105 A dataset for recognizing 105 Filipino sign language videos\clips\clips\27\10.MOV,YESTERDAY,243,0,74,0,0.0,0.304527,0.0,0.0,0.787822,0.0,0.010792,RIGHT,0.0,0.0,AMBIGUOUS
C:\BSIT 3RD YEAR\New VovGest\FSL-105 A dataset for recognizing 105 Filipino sign language videos\FSL-105 A dataset for recognizing 105 Filipino sign language videos\clips\clips\27\11.MOV,DON’T KNOW,243,0,67,0,0.0,0.27572,0.0,0.0,0.700941,0.0,0.01062,RIGHT,0.0,0.0,AMBIGUOUS
C:\BSIT 3RD YEAR\New VovGest\FSL-105 A dataset for recognizing 105 Filipino sign language videos\FSL-105 A dataset for recognizing 105 Filipino sign language videos\clips\clips\27\12.MOV,WEDNESDAY,243,0,65,0,0.0,0.26749,0.0,0.0,0.563645,0.0,0.008947,RIGHT,0.0,0.0,AMBIGUOUS
C:\BSIT 3RD YEAR\New VovGest\FSL-105 A dataset for recognizing 105 Filipino sign language videos\FSL-105 A dataset for recognizing 105 Filipino sign language videos\clips\clips\27\13.MOV,UNDERSTAND,243,0,74,0,0.0,0.304527,0.0,0.0,0.59623,0.0,0.008281,RIGHT,0.0,0.0,AMBIGUOUS
C:\BSIT 3RD YEAR\New VovGest\FSL-105 A dataset for recognizing 105 Filipino sign language videos\FSL-105 A dataset for recognizing 105 Filipino sign language videos\clips\clips\27\14.MOV,HARD OF HEARING,243,0,61,0,0.0,0.251029,0.0,0.0,0.521882,0.0,0.008698,RIGHT,0.0,0.0,AMBIGUOUS
C:\BSIT 3RD YEAR\New VovGest\FSL-105 A dataset for recognizing 105 Filipino sign language videos\FSL-105 A dataset for recognizing 105 Filipino sign language videos\clips\clips\27\15.MOV,NOVEMBER,243,0,53,0,0.0,0.218107,0.0,0.0,0.516555,0.0,0.010129,RIGHT,0.0,0.0,AMBIGUOUS
C:\BSIT 3RD YEAR\New VovGest\FSL-105 A dataset for recognizing 105 Filipino sign language videos\FSL-105 A dataset for recognizing 105 Filipino sign language videos\clips\clips\27\16.MOV,BLIND,243,0,92,0,0.0,0.378601,0.0,0.0,0.794279,0.0,0.008728,RIGHT,0.0,0.0,AMBIGUOUS
C:\BSIT 3RD YEAR\New VovGest\FSL-105 A dataset for recognizing 105 Filipino sign language videos\FSL-105 A dataset for recognizing 105 Filipino sign language videos\clips\clips\27\17.MOV,COLD,243,0,88,0,0.0,0.36214,0.0,0.0,0.786838,0.0,0.009044,RIGHT,0.0,0.0,AMBIGUOUS
C:\BSIT 3RD YEAR\New VovGest\FSL-105 A dataset for recognizing 105 Filipino sign language videos\FSL-105 A dataset for recognizing 105 Filipino sign language videos\clips\clips\27\18.MOV,GREEN,243,0,81,0,0.0,0.333333,0.0,0.0,0.80801,0.0,0.010228,RIGHT,0.0,0.0,AMBIGUOUS
C:\BSIT 3RD YEAR\New VovGest\FSL-105 A dataset for recognizing 105 Filipino sign language videos\FSL-105 A dataset for recognizing 105 Filipino sign language videos\clips\clips\27\19.MOV,IM FINE,243,0,78,0,0.0,0.320988,0.0,0.0,0.654158,0.0,0.008722,RIGHT,0.0,0.0,AMBIGUOUS
C:\BSIT 3RD YEAR\New VovGest\FSL-105 A dataset for recognizing 105 Filipino sign language videos\FSL-105 A dataset for recognizing 105 Filipino sign language videos\clips\clips\27\2.MOV,JUNE,243,0,76,0,0.0,0.312757,0.0,0.0,0.718215,0.0,0.009706,RIGHT,0.0,0.0,AMBIGUOUS
C:\BSIT 3RD YEAR\New VovGest\FSL-105 A dataset for recognizing 105 Filipino sign language videos\FSL-105 A dataset for recognizing 105 Filipino sign language videos\clips\clips\27\20.MOV,SEVEN,243,0,103,0,0.0,0.423868,0.0,0.0,0.775875,0.0,0.007607,RIGHT,0.0,0.0,AMBIGUOUS
C:\BSIT 3RD YEAR\New VovGest\FSL-105 A dataset for recognizing 105 Filipino sign language videos\FSL-105 A dataset for recognizing 105 Filipino sign language videos\clips\clips\27\3.MOV,FATHER,243,0,74,0,0.0,0.304527,0.0,0.0,0.64933,0.0,0.009018,RIGHT,0.0,0.0,AMBIGUOUS
C:\BSIT 3RD YEAR\New VovGest\FSL-105 A dataset for recognizing 105 Filipino sign language videos\FSL-105 A dataset for recognizing 105 Filipino sign language videos\clips\clips\27\4.MOV,MOTHER,243,0,71,0,0.0,0.292181,0.0,0.0,0.72539,0.0,0.010513,RIGHT,0.0,0.0,AMBIGUOUS
C:\BSIT 3RD YEAR\New VovGest\FSL-105 A dataset for recognizing 105 Filipino sign language videos\FSL-105 A dataset for recognizing 105 Filipino sign language videos\clips\clips\27\5.MOV,UNDERSTAND,243,0,98,0,0.0,0.403292,0.0,0.0,0.956944,0.0,0.01018,RIGHT,0.0,0.0,AMBIGUOUS
C:\BSIT 3RD YEAR\New VovGest\FSL-105 A dataset for recognizing 105 Filipino sign language videos\FSL-105 A dataset for recognizing 105 Filipino sign language videos\clips\clips\27\6.MOV,SUGAR,244,0,94,0,0.0,0.385246,0.0,0.0,1.212528,0.0,0.01318,RIGHT,0.0,0.0,AMBIGUOUS
C:\BSIT 3RD YEAR\New VovGest\FSL-105 A dataset for recognizing 105 Filipino sign language videos\FSL-105 A dataset for recognizing 105 Filipino sign language videos\clips\clips\27\7.MOV,SUNDAY,244,0,0,0,0.0,0.0,0.0,0.0,0.0,0.0,0.0,UNKNOWN,0.0,0.0,AMBIGUOUS
C:\BSIT 3RD YEAR\New VovGest\FSL-105 A dataset for recognizing 105 Filipino sign language videos\FSL-105 A dataset for recognizing 105 Filipino sign language videos\clips\clips\27\8.MOV,MONDAY,243,0,64,0,0.0,0.263374,0.0,0.0,0.72918,0.0,0.011574,RIGHT,0.0,0.0,AMBIGUOUS
C:\BSIT 3RD YEAR\New VovGest\FSL-105 A dataset for recognizing 105 Filipino sign language videos\FSL-105 A dataset for recognizing 105 Filipino sign language videos\clips\clips\27\9.MOV,COUSIN,243,0,68,0,0.0,0.279835,0.0,0.0,0.736684,0.0,0.010995,RIGHT,0.0,0.0,AMBIGUOUS
C:\BSIT 3RD YEAR\New VovGest\FSL-105 A dataset for recognizing 105 Filipino sign language videos\FSL-105 A dataset for recognizing 105 Filipino sign language videos\clips\clips\28\0.MOV,DEAF BLIND,243,0,90,0,0.0,0.37037,0.0,0.0,0.69991,0.0,0.007954,RIGHT,0.0,0.0,AMBIGUOUS
C:\BSIT 3RD YEAR\New VovGest\FSL-105 A dataset for recognizing 105 Filipino sign language videos\FSL-105 A dataset for recognizing 105 Filipino sign language videos\clips\clips\28\1.MOV,FEBRUARY,243,0,89,0,0.0,0.366255,0.0,0.0,0.694134,0.0,0.007979,RIGHT,0.0,0.0,AMBIGUOUS
C:\BSIT 3RD YEAR\New VovGest\FSL-105 A dataset for recognizing 105 Filipino sign language videos\FSL-105 A dataset for recognizing 105 Filipino sign language videos\clips\clips\28\10.MOV,YESTERDAY,243,0,61,0,0.0,0.251029,0.0,0.0,0.63651,0.0,0.010608,RIGHT,0.0,0.0,AMBIGUOUS
C:\BSIT 3RD YEAR\New VovGest\FSL-105 A dataset for recognizing 105 Filipino sign language videos\FSL-105 A dataset for recognizing 105 Filipino sign language videos\clips\clips\28\11.MOV,DON’T KNOW,243,0,60,0,0.0,0.246914,0.0,0.0,0.551553,0.0,0.009676,RIGHT,0.0,0.0,AMBIGUOUS
C:\BSIT 3RD YEAR\New VovGest\FSL-105 A dataset for recognizing 105 Filipino sign language videos\FSL-105 A dataset for recognizing 105 Filipino sign language videos\clips\clips\28\12.MOV,WEDNESDAY,243,0,57,0,0.0,0.234568,0.0,0.0,0.720534,0.0,0.013101,RIGHT,0.0,0.0,AMBIGUOUS
C:\BSIT 3RD YEAR\New VovGest\FSL-105 A dataset for recognizing 105 Filipino sign language videos\FSL-105 A dataset for recognizing 105 Filipino sign language videos\clips\clips\28\13.MOV,UNDERSTAND,243,0,61,0,0.0,0.251029,0.0,0.0,0.577016,0.0,0.009949,RIGHT,0.0,0.0,AMBIGUOUS
C:\BSIT 3RD YEAR\New VovGest\FSL-105 A dataset for recognizing 105 Filipino sign language videos\FSL-105 A dataset for recognizing 105 Filipino sign language videos\clips\clips\28\14.MOV,HARD OF HEARING,243,0,57,0,0.0,0.234568,0.0,0.0,0.538098,0.0,0.009784,RIGHT,0.0,0.0,AMBIGUOUS
C:\BSIT 3RD YEAR\New VovGest\FSL-105 A dataset for recognizing 105 Filipino sign language videos\FSL-105 A dataset for recognizing 105 Filipino sign language videos\clips\clips\28\15.MOV,NOVEMBER,243,0,85,0,0.0,0.349794,0.0,0.0,0.796724,0.0,0.009485,RIGHT,0.0,0.0,AMBIGUOUS
C:\BSIT 3RD YEAR\New VovGest\FSL-105 A dataset for recognizing 105 Filipino sign language videos\FSL-105 A dataset for recognizing 105 Filipino sign language videos\clips\clips\28\16.MOV,BLIND,243,0,89,0,0.0,0.366255,0.0,0.0,0.845164,0.0,0.009715,RIGHT,0.0,0.0,AMBIGUOUS
C:\BSIT 3RD YEAR\New VovGest\FSL-105 A dataset for recognizing 105 Filipino sign language videos\FSL-105 A dataset for recognizing 105 Filipino sign language videos\clips\clips\28\17.MOV,COLD,243,0,85,0,0.0,0.349794,0.0,0.0,0.802213,0.0,0.00955,RIGHT,0.0,0.0,AMBIGUOUS
C:\BSIT 3RD YEAR\New VovGest\FSL-105 A dataset for recognizing 105 Filipino sign language videos\FSL-105 A dataset for recognizing 105 Filipino sign language videos\clips\clips\28\18.MOV,GREEN,243,0,90,0,0.0,0.37037,0.0,0.0,0.783935,0.0,0.008808,RIGHT,0.0,0.0,AMBIGUOUS
C:\BSIT 3RD YEAR\New VovGest\FSL-105 A dataset for recognizing 105 Filipino sign language videos\FSL-105 A dataset for recognizing 105 Filipino sign language videos\clips\clips\28\19.MOV,IM FINE,243,0,94,0,0.0,0.386831,0.0,0.0,0.901993,0.0,0.009699,RIGHT,0.0,0.0,AMBIGUOUS
C:\BSIT 3RD YEAR\New VovGest\FSL-105 A dataset for recognizing 105 Filipino sign language videos\FSL-105 A dataset for recognizing 105 Filipino sign language videos\clips\clips\28\2.MOV,JUNE,243,0,75,0,0.0,0.308642,0.0,0.0,0.790829,0.0,0.010833,RIGHT,0.0,0.0,AMBIGUOUS
C:\BSIT 3RD YEAR\New VovGest\FSL-105 A dataset for recognizing 105 Filipino sign language videos\FSL-105 A dataset for recognizing 105 Filipino sign language videos\clips\clips\28\3.MOV,FATHER,243,0,78,0,0.0,0.320988,0.0,0.0,0.586909,0.0,0.007931,RIGHT,0.0,0.0,AMBIGUOUS
C:\BSIT 3RD YEAR\New VovGest\FSL-105 A dataset for recognizing 105 Filipino sign language videos\FSL-105 A dataset for recognizing 105 Filipino sign language videos\clips\clips\28\4.MOV,MOTHER,243,0,79,0,0.0,0.325103,0.0,0.0,0.852921,0.0,0.010935,RIGHT,0.0,0.0,AMBIGUOUS
C:\BSIT 3RD YEAR\New VovGest\FSL-105 A dataset for recognizing 105 Filipino sign language videos\FSL-105 A dataset for recognizing 105 Filipino sign language videos\clips\clips\28\5.MOV,UNDERSTAND,243,0,77,0,0.0,0.316872,0.0,0.0,0.822002,0.0,0.010816,RIGHT,0.0,0.0,AMBIGUOUS
C:\BSIT 3RD YEAR\New VovGest\FSL-105 A dataset for recognizing 105 Filipino sign language videos\FSL-105 A dataset for recognizing 105 Filipino sign language videos\clips\clips\28\6.MOV,SUGAR,243,1,80,1,0.004115,0.329218,0.004115,0.0,0.74233,0.0,0.009641,RIGHT,0.004115,0.0,AMBIGUOUS
C:\BSIT 3RD YEAR\New VovGest\FSL-105 A dataset for recognizing 105 Filipino sign language videos\FSL-105 A dataset for recognizing 105 Filipino sign language videos\clips\clips\28\7.MOV,SUNDAY,243,0,66,0,0.0,0.271605,0.0,0.0,0.724724,0.0,0.01115,RIGHT,0.0,0.0,AMBIGUOUS
C:\BSIT 3RD YEAR\New VovGest\FSL-105 A dataset for recognizing 105 Filipino sign language videos\FSL-105 A dataset for recognizing 105 Filipino sign language videos\clips\clips\28\8.MOV,MONDAY,243,0,78,0,0.0,0.320988,0.0,0.0,0.845038,0.0,0.010975,RIGHT,0.0,0.0,AMBIGUOUS
C:\BSIT 3RD YEAR\New VovGest\FSL-105 A dataset for recognizing 105 Filipino sign language videos\FSL-105 A dataset for recognizing 105 Filipino sign language videos\clips\clips\28\9.MOV,COUSIN,243,0,79,0,0.0,0.325103,0.0,0.0,0.792318,0.0,0.01029,RIGHT,0.0,0.0,AMBIGUOUS
C:\BSIT 3RD YEAR\New VovGest\FSL-105 A dataset for recognizing 105 Filipino sign language videos\FSL-105 A dataset for recognizing 105 Filipino sign language videos\clips\clips\29\0.MOV,DEAF BLIND,243,0,86,0,0.0,0.353909,0.0,0.0,0.763826,0.0,0.009203,RIGHT,0.0,0.0,AMBIGUOUS
C:\BSIT 3RD YEAR\New VovGest\FSL-105 A dataset for recognizing 105 Filipino sign language videos\FSL-105 A dataset for recognizing 105 Filipino sign language videos\clips\clips\29\1.MOV,FEBRUARY,243,0,79,0,0.0,0.325103,0.0,0.0,0.885603,0.0,0.011354,RIGHT,0.0,0.0,AMBIGUOUS
C:\BSIT 3RD YEAR\New VovGest\FSL-105 A dataset for recognizing 105 Filipino sign language videos\FSL-105 A dataset for recognizing 105 Filipino sign language videos\clips\clips\29\10.MOV,YESTERDAY,243,0,72,0,0.0,0.296296,0.0,0.0,0.540753,0.0,0.007616,RIGHT,0.0,0.0,AMBIGUOUS
C:\BSIT 3RD YEAR\New VovGest\FSL-105 A dataset for recognizing 105 Filipino sign language videos\FSL-105 A dataset for recognizing 105 Filipino sign language videos\clips\clips\29\11.MOV,DON’T KNOW,243,0,79,0,0.0,0.325103,0.0,0.0,0.644022,0.0,0.008364,RIGHT,0.0,0.0,AMBIGUOUS
C:\BSIT 3RD YEAR\New VovGest\FSL-105 A dataset for recognizing 105 Filipino sign language videos\FSL-105 A dataset for recognizing 105 Filipino sign language videos\clips\clips\29\12.MOV,WEDNESDAY,243,0,74,0,0.0,0.304527,0.0,0.0,0.683441,0.0,0.009492,RIGHT,0.0,0.0,AMBIGUOUS
C:\BSIT 3RD YEAR\New VovGest\FSL-105 A dataset for recognizing 105 Filipino sign language videos\FSL-105 A dataset for recognizing 105 Filipino sign language videos\clips\clips\29\13.MOV,UNDERSTAND,243,0,78,0,0.0,0.320988,0.0,0.0,0.639952,0.0,0.008533,RIGHT,0.0,0.0,AMBIGUOUS
C:\BSIT 3RD YEAR\New VovGest\FSL-105 A dataset for recognizing 105 Filipino sign language videos\FSL-105 A dataset for recognizing 105 Filipino sign language videos\clips\clips\29\14.MOV,HARD OF HEARING,243,0,75,0,0.0,0.308642,0.0,0.0,0.640855,0.0,0.00866,RIGHT,0.0,0.0,AMBIGUOUS
C:\BSIT 3RD YEAR\New VovGest\FSL-105 A dataset for recognizing 105 Filipino sign language videos\FSL-105 A dataset for recognizing 105 Filipino sign language videos\clips\clips\29\15.MOV,NOVEMBER,243,0,82,0,0.0,0.337449,0.0,0.0,1.011748,0.0,0.012491,RIGHT,0.0,0.0,AMBIGUOUS
C:\BSIT 3RD YEAR\New VovGest\FSL-105 A dataset for recognizing 105 Filipino sign language videos\FSL-105 A dataset for recognizing 105 Filipino sign language videos\clips\clips\29\16.MOV,BLIND,243,0,97,0,0.0,0.399177,0.0,0.0,1.192775,0.0,0.012425,RIGHT,0.0,0.0,AMBIGUOUS
C:\BSIT 3RD YEAR\New VovGest\FSL-105 A dataset for recognizing 105 Filipino sign language videos\FSL-105 A dataset for recognizing 105 Filipino sign language videos\clips\clips\29\17.MOV,COLD,243,0,95,0,0.0,0.390947,0.0,0.0,1.155755,0.0,0.012427,RIGHT,0.0,0.0,AMBIGUOUS
C:\BSIT 3RD YEAR\New VovGest\FSL-105 A dataset for recognizing 105 Filipino sign language videos\FSL-105 A dataset for recognizing 105 Filipino sign language videos\clips\clips\29\18.MOV,GREEN,243,0,81,0,0.0,0.333333,0.0,0.0,0.972611,0.0,0.012312,RIGHT,0.0,0.0,AMBIGUOUS
C:\BSIT 3RD YEAR\New VovGest\FSL-105 A dataset for recognizing 105 Filipino sign language videos\FSL-105 A dataset for recognizing 105 Filipino sign language videos\clips\clips\29\19.MOV,IM FINE,243,0,94,0,0.0,0.386831,0.0,0.0,1.030787,0.0,0.011084,RIGHT,0.0,0.0,AMBIGUOUS
C:\BSIT 3RD YEAR\New VovGest\FSL-105 A dataset for recognizing 105 Filipino sign language videos\FSL-105 A dataset for recognizing 105 Filipino sign language videos\clips\clips\29\2.MOV,JUNE,243,0,81,0,0.0,0.333333,0.0,0.0,0.766458,0.0,0.009581,RIGHT,0.0,0.0,AMBIGUOUS
C:\BSIT 3RD YEAR\New VovGest\FSL-105 A dataset for recognizing 105 Filipino sign language videos\FSL-105 A dataset for recognizing 105 Filipino sign language videos\clips\clips\29\3.MOV,FATHER,243,0,71,0,0.0,0.292181,0.0,0.0,0.796588,0.0,0.011545,RIGHT,0.0,0.0,AMBIGUOUS
C:\BSIT 3RD YEAR\New VovGest\FSL-105 A dataset for recognizing 105 Filipino sign language videos\FSL-105 A dataset for recognizing 105 Filipino sign language videos\clips\clips\29\4.MOV,MOTHER,243,0,61,0,0.0,0.251029,0.0,0.0,0.638671,0.0,0.011012,RIGHT,0.0,0.0,AMBIGUOUS
C:\BSIT 3RD YEAR\New VovGest\FSL-105 A dataset for recognizing 105 Filipino sign language videos\FSL-105 A dataset for recognizing 105 Filipino sign language videos\clips\clips\29\5.MOV,UNDERSTAND,243,0,72,0,0.0,0.296296,0.0,0.0,1.156439,0.0,0.016521,RIGHT,0.0,0.0,AMBIGUOUS
C:\BSIT 3RD YEAR\New VovGest\FSL-105 A dataset for recognizing 105 Filipino sign language videos\FSL-105 A dataset for recognizing 105 Filipino sign language videos\clips\clips\29\6.MOV,SUGAR,243,1,62,0,0.004115,0.255144,0.0,0.0,0.846554,0.0,0.013878,RIGHT,0.004115,0.0,AMBIGUOUS
C:\BSIT 3RD YEAR\New VovGest\FSL-105 A dataset for recognizing 105 Filipino sign language videos\FSL-105 A dataset for recognizing 105 Filipino sign language videos\clips\clips\29\7.MOV,SUNDAY,243,0,68,0,0.0,0.279835,0.0,0.0,0.873145,0.0,0.013229,RIGHT,0.0,0.0,AMBIGUOUS
C:\BSIT 3RD YEAR\New VovGest\FSL-105 A dataset for recognizing 105 Filipino sign language videos\FSL-105 A dataset for recognizing 105 Filipino sign language videos\clips\clips\29\8.MOV,MONDAY,243,0,66,0,0.0,0.271605,0.0,0.0,0.825982,0.0,0.012707,RIGHT,0.0,0.0,AMBIGUOUS
C:\BSIT 3RD YEAR\New VovGest\FSL-105 A dataset for recognizing 105 Filipino sign language videos\FSL-105 A dataset for recognizing 105 Filipino sign language videos\clips\clips\29\9.MOV,COUSIN,243,0,69,0,0.0,0.283951,0.0,0.0,0.937282,0.0,0.013989,RIGHT,0.0,0.0,AMBIGUOUS
C:\BSIT 3RD YEAR\New VovGest\FSL-105 A dataset for recognizing 105 Filipino sign language videos\FSL-105 A dataset for recognizing 105 Filipino sign language videos\clips\clips\3\0.MOV,DEAF BLIND,244,0,77,0,0.0,0.315574,0.0,0.0,0.964063,0.0,0.012685,RIGHT,0.0,0.0,AMBIGUOUS
C:\BSIT 3RD YEAR\New VovGest\FSL-105 A dataset for recognizing 105 Filipino sign language videos\FSL-105 A dataset for recognizing 105 Filipino sign language videos\clips\clips\3\1.MOV,FEBRUARY,244,0,66,0,0.0,0.270492,0.0,0.0,0.809211,0.0,0.013052,RIGHT,0.0,0.0,AMBIGUOUS
C:\BSIT 3RD YEAR\New VovGest\FSL-105 A dataset for recognizing 105 Filipino sign language videos\FSL-105 A dataset for recognizing 105 Filipino sign language videos\clips\clips\3\10.MOV,YESTERDAY,244,0,62,0,0.0,0.254098,0.0,0.0,0.808151,0.0,0.013248,RIGHT,0.0,0.0,AMBIGUOUS
C:\BSIT 3RD YEAR\New VovGest\FSL-105 A dataset for recognizing 105 Filipino sign language videos\FSL-105 A dataset for recognizing 105 Filipino sign language videos\clips\clips\3\11.MOV,DON’T KNOW,244,0,61,0,0.0,0.25,0.0,0.0,0.807548,0.0,0.013687,RIGHT,0.0,0.0,AMBIGUOUS
C:\BSIT 3RD YEAR\New VovGest\FSL-105 A dataset for recognizing 105 Filipino sign language videos\FSL-105 A dataset for recognizing 105 Filipino sign language videos\clips\clips\3\12.MOV,WEDNESDAY,244,0,59,0,0.0,0.241803,0.0,0.0,0.764125,0.0,0.013406,RIGHT,0.0,0.0,AMBIGUOUS
C:\BSIT 3RD YEAR\New VovGest\FSL-105 A dataset for recognizing 105 Filipino sign language videos\FSL-105 A dataset for recognizing 105 Filipino sign language videos\clips\clips\3\13.MOV,UNDERSTAND,244,0,63,0,0.0,0.258197,0.0,0.0,0.86296,0.0,0.014147,RIGHT,0.0,0.0,AMBIGUOUS
C:\BSIT 3RD YEAR\New VovGest\FSL-105 A dataset for recognizing 105 Filipino sign language videos\FSL-105 A dataset for recognizing 105 Filipino sign language videos\clips\clips\3\14.MOV,HARD OF HEARING,244,0,81,0,0.0,0.331967,0.0,0.0,1.056282,0.0,0.013204,RIGHT,0.0,0.0,AMBIGUOUS
C:\BSIT 3RD YEAR\New VovGest\FSL-105 A dataset for recognizing 105 Filipino sign language videos\FSL-105 A dataset for recognizing 105 Filipino sign language videos\clips\clips\3\15.MOV,NOVEMBER,244,0,88,0,0.0,0.360656,0.0,0.0,0.875751,0.0,0.010183,RIGHT,0.0,0.0,AMBIGUOUS
C:\BSIT 3RD YEAR\New VovGest\FSL-105 A dataset for recognizing 105 Filipino sign language videos\FSL-105 A dataset for recognizing 105 Filipino sign language videos\clips\clips\3\16.MOV,BLIND,244,0,91,0,0.0,0.372951,0.0,0.0,0.735095,0.0,0.008259,RIGHT,0.0,0.0,AMBIGUOUS
C:\BSIT 3RD YEAR\New VovGest\FSL-105 A dataset for recognizing 105 Filipino sign language videos\FSL-105 A dataset for recognizing 105 Filipino sign language videos\clips\clips\3\17.MOV,COLD,244,0,90,0,0.0,0.368852,0.0,0.0,0.594492,0.0,0.006913,RIGHT,0.0,0.0,AMBIGUOUS
C:\BSIT 3RD YEAR\New VovGest\FSL-105 A dataset for recognizing 105 Filipino sign language videos\FSL-105 A dataset for recognizing 105 Filipino sign language videos\clips\clips\3\18.MOV,GREEN,244,0,98,0,0.0,0.401639,0.0,0.0,1.003832,0.0,0.010457,RIGHT,0.0,0.0,AMBIGUOUS
C:\BSIT 3RD YEAR\New VovGest\FSL-105 A dataset for recognizing 105 Filipino sign language videos\FSL-105 A dataset for recognizing 105 Filipino sign language videos\clips\clips\3\19.MOV,IM FINE,243,0,101,0,0.0,0.415638,0.0,0.0,0.980069,0.0,0.010001,RIGHT,0.0,0.0,AMBIGUOUS
C:\BSIT 3RD YEAR\New VovGest\FSL-105 A dataset for recognizing 105 Filipino sign language videos\FSL-105 A dataset for recognizing 105 Filipino sign language videos\clips\clips\3\2.MOV,JUNE,244,1,78,1,0.004098,0.319672,0.004098,0.0,0.84958,0.0,0.011328,RIGHT,0.004098,0.0,AMBIGUOUS
C:\BSIT 3RD YEAR\New VovGest\FSL-105 A dataset for recognizing 105 Filipino sign language videos\FSL-105 A dataset for recognizing 105 Filipino sign language videos\clips\clips\3\3.MOV,FATHER,244,1,87,1,0.004098,0.356557,0.004098,0.0,1.186507,0.0,0.013797,RIGHT,0.004098,0.0,AMBIGUOUS
C:\BSIT 3RD YEAR\New VovGest\FSL-105 A dataset for recognizing 105 Filipino sign language videos\FSL-105 A dataset for recognizing 105 Filipino sign language videos\clips\clips\3\4.MOV,MOTHER,244,0,83,0,0.0,0.340164,0.0,0.0,0.984345,0.0,0.012304,RIGHT,0.0,0.0,AMBIGUOUS
C:\BSIT 3RD YEAR\New VovGest\FSL-105 A dataset for recognizing 105 Filipino sign language videos\FSL-105 A dataset for recognizing 105 Filipino sign language videos\clips\clips\3\5.MOV,UNDERSTAND,244,0,62,0,0.0,0.254098,0.0,0.0,0.914615,0.0,0.014994,RIGHT,0.0,0.0,AMBIGUOUS
C:\BSIT 3RD YEAR\New VovGest\FSL-105 A dataset for recognizing 105 Filipino sign language videos\FSL-105 A dataset for recognizing 105 Filipino sign language videos\clips\clips\3\6.MOV,SUGAR,244,0,56,0,0.0,0.229508,0.0,0.0,1.139019,0.0,0.02278,RIGHT,0.0,0.0,AMBIGUOUS
C:\BSIT 3RD YEAR\New VovGest\FSL-105 A dataset for recognizing 105 Filipino sign language videos\FSL-105 A dataset for recognizing 105 Filipino sign language videos\clips\clips\3\7.MOV,SUNDAY,244,0,69,0,0.0,0.282787,0.0,0.0,0.983884,0.0,0.014907,RIGHT,0.0,0.0,AMBIGUOUS
C:\BSIT 3RD YEAR\New VovGest\FSL-105 A dataset for recognizing 105 Filipino sign language videos\FSL-105 A dataset for recognizing 105 Filipino sign language videos\clips\clips\3\8.MOV,MONDAY,244,0,68,0,0.0,0.278689,0.0,0.0,0.716429,0.0,0.010855,RIGHT,0.0,0.0,AMBIGUOUS
C:\BSIT 3RD YEAR\New VovGest\FSL-105 A dataset for recognizing 105 Filipino sign language videos\FSL-105 A dataset for recognizing 105 Filipino sign language videos\clips\clips\3\9.MOV,COUSIN,244,0,59,0,0.0,0.241803,0.0,0.0,0.925126,0.0,0.01652,RIGHT,0.0,0.0,AMBIGUOUS
C:\BSIT 3RD YEAR\New VovGest\FSL-105 A dataset for recognizing 105 Filipino sign language videos\FSL-105 A dataset for recognizing 105 Filipino sign language videos\clips\clips\30\0.MOV,DEAF BLIND,244,122,126,122,0.5,0.516393,0.5,0.562977,1.051095,0.004653,0.008409,RIGHT,0.5,0.53561,TWO_HANDED
C:\BSIT 3RD YEAR\New VovGest\FSL-105 A dataset for recognizing 105 Filipino sign language videos\FSL-105 A dataset for recognizing 105 Filipino sign language videos\clips\clips\30\1.MOV,FEBRUARY,244,139,120,120,0.569672,0.491803,0.491803,1.308262,1.489481,0.00962,0.012623,RIGHT,0.569672,0.878334,TWO_HANDED
C:\BSIT 3RD YEAR\New VovGest\FSL-105 A dataset for recognizing 105 Filipino sign language videos\FSL-105 A dataset for recognizing 105 Filipino sign language videos\clips\clips\30\10.MOV,YESTERDAY,244,90,96,90,0.368852,0.393443,0.368852,0.572735,1.700437,0.006508,0.017899,RIGHT,0.368852,0.336816,TWO_HANDED
C:\BSIT 3RD YEAR\New VovGest\FSL-105 A dataset for recognizing 105 Filipino sign language videos\FSL-105 A dataset for recognizing 105 Filipino sign language videos\clips\clips\30\11.MOV,DON’T KNOW,244,87,91,87,0.356557,0.372951,0.356557,0.596661,1.111196,0.006938,0.012347,RIGHT,0.356557,0.536954,TWO_HANDED
C:\BSIT 3RD YEAR\New VovGest\FSL-105 A dataset for recognizing 105 Filipino sign language videos\FSL-105 A dataset for recognizing 105 Filipino sign language videos\clips\clips\30\12.MOV,WEDNESDAY,244,83,87,83,0.340164,0.356557,0.340164,0.589542,1.238384,0.00719,0.0144,RIGHT,0.340164,0.476058,AMBIGUOUS
C:\BSIT 3RD YEAR\New VovGest\FSL-105 A dataset for recognizing 105 Filipino sign language videos\FSL-105 A dataset for recognizing 105 Filipino sign language videos\clips\clips\30\13.MOV,UNDERSTAND,244,77,86,77,0.315574,0.352459,0.315574,0.502598,1.317718,0.006613,0.015687,RIGHT,0.315574,0.381415,AMBIGUOUS
C:\BSIT 3RD YEAR\New VovGest\FSL-105 A dataset for recognizing 105 Filipino sign language videos\FSL-105 A dataset for recognizing 105 Filipino sign language videos\clips\clips\30\14.MOV,HARD OF HEARING,244,77,86,77,0.315574,0.352459,0.315574,0.480225,1.240738,0.006319,0.014597,RIGHT,0.315574,0.387048,AMBIGUOUS
C:\BSIT 3RD YEAR\New VovGest\FSL-105 A dataset for recognizing 105 Filipino sign language videos\FSL-105 A dataset for recognizing 105 Filipino sign language videos\clips\clips\30\15.MOV,NOVEMBER,245,84,93,84,0.342857,0.379592,0.342857,0.827718,1.262443,0.009973,0.013722,RIGHT,0.342857,0.655648,AMBIGUOUS
C:\BSIT 3RD YEAR\New VovGest\FSL-105 A dataset for recognizing 105 Filipino sign language videos\FSL-105 A dataset for recognizing 105 Filipino sign language videos\clips\clips\30\16.MOV,BLIND,245,90,91,82,0.367347,0.371429,0.334694,0.624439,0.9695,0.007177,0.010893,RIGHT,0.367347,0.644084,AMBIGUOUS
C:\BSIT 3RD YEAR\New VovGest\FSL-105 A dataset for recognizing 105 Filipino sign language videos\FSL-105 A dataset for recognizing 105 Filipino sign language videos\clips\clips\30\17.MOV,COLD,244,80,79,74,0.327869,0.32377,0.303279,0.902198,0.953328,0.011567,0.013059,RIGHT,0.327869,0.946367,AMBIGUOUS
C:\BSIT 3RD YEAR\New VovGest\FSL-105 A dataset for recognizing 105 Filipino sign language videos\FSL-105 A dataset for recognizing 105 Filipino sign language videos\clips\clips\30\18.MOV,GREEN,244,80,83,74,0.327869,0.340164,0.303279,0.724428,0.87286,0.009408,0.011336,RIGHT,0.327869,0.829948,AMBIGUOUS
C:\BSIT 3RD YEAR\New VovGest\FSL-105 A dataset for recognizing 105 Filipino sign language videos\FSL-105 A dataset for recognizing 105 Filipino sign language videos\clips\clips\30\19.MOV,IM FINE,244,85,91,84,0.348361,0.372951,0.344262,0.65153,0.999658,0.007945,0.01136,RIGHT,0.348361,0.651753,AMBIGUOUS
C:\BSIT 3RD YEAR\New VovGest\FSL-105 A dataset for recognizing 105 Filipino sign language videos\FSL-105 A dataset for recognizing 105 Filipino sign language videos\clips\clips\30\2.MOV,JUNE,244,90,91,89,0.368852,0.372951,0.364754,0.771763,1.084368,0.008671,0.012049,RIGHT,0.368852,0.711717,TWO_HANDED
C:\BSIT 3RD YEAR\New VovGest\FSL-105 A dataset for recognizing 105 Filipino sign language videos\FSL-105 A dataset for recognizing 105 Filipino sign language videos\clips\clips\30\3.MOV,FATHER,244,121,127,121,0.495902,0.520492,0.495902,0.835089,1.323795,0.006959,0.010506,RIGHT,0.495902,0.63083,TWO_HANDED
C:\BSIT 3RD YEAR\New VovGest\FSL-105 A dataset for recognizing 105 Filipino sign language videos\FSL-105 A dataset for recognizing 105 Filipino sign language videos\clips\clips\30\4.MOV,MOTHER,244,103,108,101,0.422131,0.442623,0.413934,0.78552,1.073489,0.007777,0.010224,RIGHT,0.422131,0.731745,TWO_HANDED
C:\BSIT 3RD YEAR\New VovGest\FSL-105 A dataset for recognizing 105 Filipino sign language videos\FSL-105 A dataset for recognizing 105 Filipino sign language videos\clips\clips\30\5.MOV,UNDERSTAND,245,84,88,83,0.342857,0.359184,0.338776,0.660642,1.24806,0.008057,0.014512,RIGHT,0.342857,0.529335,AMBIGUOUS
C:\BSIT 3RD YEAR\New VovGest\FSL-105 A dataset for recognizing 105 Filipino sign language videos\FSL-105 A dataset for recognizing 105 Filipino sign language videos\clips\clips\30\6.MOV,SUGAR,245,76,82,76,0.310204,0.334694,0.310204,0.68626,1.363062,0.009274,0.017038,RIGHT,0.310204,0.503469,AMBIGUOUS
C:\BSIT 3RD YEAR\New VovGest\FSL-105 A dataset for recognizing 105 Filipino sign language videos\FSL-105 A dataset for recognizing 105 Filipino sign language videos\clips\clips\30\7.MOV,SUNDAY,244,75,78,75,0.307377,0.319672,0.307377,0.813904,1.32238,0.010999,0.017174,RIGHT,0.307377,0.615484,AMBIGUOUS
C:\BSIT 3RD YEAR\New VovGest\FSL-105 A dataset for recognizing 105 Filipino sign language videos\FSL-105 A dataset for recognizing 105 Filipino sign language videos\clips\clips\30\8.MOV,MONDAY,244,79,83,79,0.32377,0.340164,0.32377,0.740756,1.42681,0.009497,0.0174,RIGHT,0.32377,0.519169,AMBIGUOUS
C:\BSIT 3RD YEAR\New VovGest\FSL-105 A dataset for recognizing 105 Filipino sign language videos\FSL-105 A dataset for recognizing 105 Filipino sign language videos\clips\clips\30\9.MOV,COUSIN,244,76,81,75,0.311475,0.331967,0.307377,0.785302,1.604294,0.010612,0.020308,RIGHT,0.311475,0.4895,AMBIGUOUS
C:\BSIT 3RD YEAR\New VovGest\FSL-105 A dataset for recognizing 105 Filipino sign language videos\FSL-105 A dataset for recognizing 105 Filipino sign language videos\clips\clips\31\0.MOV,DEAF BLIND,244,93,100,93,0.381148,0.409836,0.381148,0.824679,1.229133,0.008964,0.012415,RIGHT,0.381148,0.670944,TWO_HANDED
C:\BSIT 3RD YEAR\New VovGest\FSL-105 A dataset for recognizing 105 Filipino sign language videos\FSL-105 A dataset for recognizing 105 Filipino sign language videos\clips\clips\31\1.MOV,FEBRUARY,244,83,86,77,0.340164,0.352459,0.315574,0.681109,0.964441,0.008409,0.01162,RIGHT,0.340164,0.706222,AMBIGUOUS
C:\BSIT 3RD YEAR\New VovGest\FSL-105 A dataset for recognizing 105 Filipino sign language videos\FSL-105 A dataset for recognizing 105 Filipino sign language videos\clips\clips\31\10.MOV,YESTERDAY,244,80,88,80,0.327869,0.360656,0.327869,0.468727,0.994949,0.006009,0.011436,RIGHT,0.327869,0.471107,AMBIGUOUS
C:\BSIT 3RD YEAR\New VovGest\FSL-105 A dataset for recognizing 105 Filipino sign language videos\FSL-105 A dataset for recognizing 105 Filipino sign language videos\clips\clips\31\11.MOV,DON’T KNOW,244,74,84,74,0.303279,0.344262,0.303279,0.554599,1.07067,0.007703,0.013057,RIGHT,0.303279,0.517992,AMBIGUOUS
C:\BSIT 3RD YEAR\New VovGest\FSL-105 A dataset for recognizing 105 Filipino sign language videos\FSL-105 A dataset for recognizing 105 Filipino sign language videos\clips\clips\31\12.MOV,WEDNESDAY,244,79,87,79,0.32377,0.356557,0.32377,0.485332,1.172374,0.006222,0.013632,RIGHT,0.32377,0.413974,AMBIGUOUS
C:\BSIT 3RD YEAR\New VovGest\FSL-105 A dataset for recognizing 105 Filipino sign language videos\FSL-105 A dataset for recognizing 105 Filipino sign language videos\clips\clips\31\13.MOV,UNDERSTAND,244,71,81,71,0.290984,0.331967,0.290984,0.421863,1.034087,0.006114,0.012926,RIGHT,0.290984,0.407957,AMBIGUOUS
C:\BSIT 3RD YEAR\New VovGest\FSL-105 A dataset for recognizing 105 Filipino sign language videos\FSL-105 A dataset for recognizing 105 Filipino sign language videos\clips\clips\31\14.MOV,HARD OF HEARING,244,100,97,93,0.409836,0.397541,0.381148,0.79425,0.964705,0.008188,0.010049,RIGHT,0.409836,0.823309,TWO_HANDED
C:\BSIT 3RD YEAR\New VovGest\FSL-105 A dataset for recognizing 105 Filipino sign language videos\FSL-105 A dataset for recognizing 105 Filipino sign language videos\clips\clips\31\15.MOV,NOVEMBER,244,84,91,83,0.344262,0.372951,0.340164,0.682194,1.174343,0.008319,0.013195,RIGHT,0.344262,0.580915,AMBIGUOUS
C:\BSIT 3RD YEAR\New VovGest\FSL-105 A dataset for recognizing 105 Filipino sign language videos\FSL-105 A dataset for recognizing 105 Filipino sign language videos\clips\clips\31\16.MOV,BLIND,244,76,81,74,0.311475,0.331967,0.303279,0.661663,1.252967,0.009064,0.015662,RIGHT,0.311475,0.528077,AMBIGUOUS
C:\BSIT 3RD YEAR\New VovGest\FSL-105 A dataset for recognizing 105 Filipino sign language videos\FSL-105 A dataset for recognizing 105 Filipino sign language videos\clips\clips\31\17.MOV,COLD,244,72,83,72,0.295082,0.340164,0.295082,0.752092,1.187412,0.0109,0.014659,RIGHT,0.295082,0.633388,AMBIGUOUS
C:\BSIT 3RD YEAR\New VovGest\FSL-105 A dataset for recognizing 105 Filipino sign language videos\FSL-105 A dataset for recognizing 105 Filipino sign language videos\clips\clips\31\18.MOV,GREEN,244,67,81,67,0.27459,0.331967,0.27459,0.861016,1.361313,0.013887,0.017016,RIGHT,0.27459,0.632489,AMBIGUOUS
C:\BSIT 3RD YEAR\New VovGest\FSL-105 A dataset for recognizing 105 Filipino sign language videos\FSL-105 A dataset for recognizing 105 Filipino sign language videos\clips\clips\31\2.MOV,JUNE,244,90,95,88,0.368852,0.389344,0.360656,0.797067,1.095901,0.009058,0.011784,RIGHT,0.368852,0.727317,TWO_HANDED
C:\BSIT 3RD YEAR\New VovGest\FSL-105 A dataset for recognizing 105 Filipino sign language videos\FSL-105 A dataset for recognizing 105 Filipino sign language videos\clips\clips\31\3.MOV,FATHER,244,101,106,98,0.413934,0.434426,0.401639,0.752713,1.0556,0.007681,0.010349,RIGHT,0.413934,0.713067,TWO_HANDED
C:\BSIT 3RD YEAR\New VovGest\FSL-105 A dataset for recognizing 105 Filipino sign language videos\FSL-105 A dataset for recognizing 105 Filipino sign language videos\clips\clips\31\4.MOV,MOTHER,244,83,90,82,0.340164,0.368852,0.336066,0.790686,1.286548,0.009762,0.014788,RIGHT,0.340164,0.614579,AMBIGUOUS
C:\BSIT 3RD YEAR\New VovGest\FSL-105 A dataset for recognizing 105 Filipino sign language videos\FSL-105 A dataset for recognizing 105 Filipino sign language videos\clips\clips\31\5.MOV,UNDERSTAND,244,91,102,90,0.372951,0.418033,0.368852,0.952379,1.666199,0.011338,0.01683,RIGHT,0.372951,0.571588,TWO_HANDED
C:\BSIT 3RD YEAR\New VovGest\FSL-105 A dataset for recognizing 105 Filipino sign language videos\FSL-105 A dataset for recognizing 105 Filipino sign language videos\clips\clips\31\6.MOV,SUGAR,244,73,79,69,0.29918,0.32377,0.282787,0.855168,1.310555,0.012045,0.01702,RIGHT,0.29918,0.652524,AMBIGUOUS
C:\BSIT 3RD YEAR\New VovGest\FSL-105 A dataset for recognizing 105 Filipino sign language videos\FSL-105 A dataset for recognizing 105 Filipino sign language videos\clips\clips\31\7.MOV,SUNDAY,244,80,82,76,0.327869,0.336066,0.311475,0.962443,1.235307,0.012183,0.015837,RIGHT,0.327869,0.779112,AMBIGUOUS
C:\BSIT 3RD YEAR\New VovGest\FSL-105 A dataset for recognizing 105 Filipino sign language videos\FSL-105 A dataset for recognizing 105 Filipino sign language videos\clips\clips\31\8.MOV,MONDAY,244,67,69,65,0.27459,0.282787,0.266393,0.738742,1.152059,0.011365,0.017724,RIGHT,0.27459,0.641236,AMBIGUOUS
C:\BSIT 3RD YEAR\New VovGest\FSL-105 A dataset for recognizing 105 Filipino sign language videos\FSL-105 A dataset for recognizing 105 Filipino sign language videos\clips\clips\31\9.MOV,COUSIN,244,89,99,89,0.364754,0.405738,0.364754,0.571449,1.137536,0.006494,0.011608,RIGHT,0.364754,0.502357,TWO_HANDED
C:\BSIT 3RD YEAR\New VovGest\FSL-105 A dataset for recognizing 105 Filipino sign language videos\FSL-105 A dataset for recognizing 105 Filipino sign language videos\clips\clips\32\0.MOV,DEAF BLIND,244,95,99,95,0.389344,0.405738,0.389344,0.791203,1.104374,0.008417,0.011269,RIGHT,0.389344,0.716427,TWO_HANDED
C:\BSIT 3RD YEAR\New VovGest\FSL-105 A dataset for recognizing 105 Filipino sign language videos\FSL-105 A dataset for recognizing 105 Filipino sign language videos\clips\clips\32\1.MOV,FEBRUARY,244,104,111,104,0.42623,0.454918,0.42623,0.791895,1.138711,0.007688,0.010352,RIGHT,0.42623,0.695431,TWO_HANDED
C:\BSIT 3RD YEAR\New VovGest\FSL-105 A dataset for recognizing 105 Filipino sign language videos\FSL-105 A dataset for recognizing 105 Filipino sign language videos\clips\clips\32\10.MOV,YESTERDAY,244,82,89,82,0.336066,0.364754,0.336066,0.499201,1.00152,0.00624,0.011381,RIGHT,0.336066,0.498443,AMBIGUOUS
C:\BSIT 3RD YEAR\New VovGest\FSL-105 A dataset for recognizing 105 Filipino sign language videos\FSL-105 A dataset for recognizing 105 Filipino sign language videos\clips\clips\32\11.MOV,DON’T KNOW,244,70,75,70,0.286885,0.307377,0.286885,0.408856,0.849068,0.006102,0.011631,RIGHT,0.286885,0.481535,AMBIGUOUS
C:\BSIT 3RD YEAR\New VovGest\FSL-105 A dataset for recognizing 105 Filipino sign language videos\FSL-105 A dataset for recognizing 105 Filipino sign language videos\clips\clips\32\12.MOV,WEDNESDAY,244,80,90,80,0.327869,0.368852,0.327869,0.401965,0.993094,0.005088,0.011158,RIGHT,0.327869,0.40476,AMBIGUOUS
C:\BSIT 3RD YEAR\New VovGest\FSL-105 A dataset for recognizing 105 Filipino sign language videos\FSL-105 A dataset for recognizing 105 Filipino sign language videos\clips\clips\32\13.MOV,UNDERSTAND,244,82,89,82,0.336066,0.364754,0.336066,0.462815,0.933833,0.005785,0.010612,RIGHT,0.336066,0.495608,AMBIGUOUS
C:\BSIT 3RD YEAR\New VovGest\FSL-105 A dataset for recognizing 105 Filipino sign language videos\FSL-105 A dataset for recognizing 105 Filipino sign language videos\clips\clips\32\14.MOV,HARD OF HEARING,244,68,73,68,0.278689,0.29918,0.278689,0.441737,0.899373,0.006693,0.012491,RIGHT,0.278689,0.491161,AMBIGUOUS
C:\BSIT 3RD YEAR\New VovGest\FSL-105 A dataset for recognizing 105 Filipino sign language videos\FSL-105 A dataset for recognizing 105 Filipino sign language videos\clips\clips\32\15.MOV,NOVEMBER,244,77,78,72,0.315574,0.319672,0.295082,0.897606,0.93091,0.011968,0.012412,RIGHT,0.315574,0.964224,AMBIGUOUS
C:\BSIT 3RD YEAR\New VovGest\FSL-105 A dataset for recognizing 105 Filipino sign language videos\FSL-105 A dataset for recognizing 105 Filipino sign language videos\clips\clips\32\16.MOV,BLIND,244,78,82,75,0.319672,0.336066,0.307377,0.57787,1.297488,0.007705,0.016424,RIGHT,0.319672,0.445376,AMBIGUOUS
C:\BSIT 3RD YEAR\New VovGest\FSL-105 A dataset for recognizing 105 Filipino sign language videos\FSL-105 A dataset for recognizing 105 Filipino sign language videos\clips\clips\32\17.MOV,COLD,244,77,80,75,0.315574,0.327869,0.307377,0.644642,0.832838,0.008711,0.010677,RIGHT,0.315574,0.77403,AMBIGUOUS
C:\BSIT 3RD YEAR\New VovGest\FSL-105 A dataset for recognizing 105 Filipino sign language videos\FSL-105 A dataset for recognizing 105 Filipino sign language videos\clips\clips\32\18.MOV,GREEN,244,85,89,81,0.348361,0.364754,0.331967,0.634443,1.226873,0.007931,0.014102,RIGHT,0.348361,0.517122,AMBIGUOUS
C:\BSIT 3RD YEAR\New VovGest\FSL-105 A dataset for recognizing 105 Filipino sign language videos\FSL-105 A dataset for recognizing 105 Filipino sign language videos\clips\clips\32\19.MOV,IM FINE,244,78,84,72,0.319672,0.344262,0.295082,0.484818,1.227681,0.006641,0.015157,RIGHT,0.319672,0.394906,AMBIGUOUS
C:\BSIT 3RD YEAR\New VovGest\FSL-105 A dataset for recognizing 105 Filipino sign language videos\FSL-105 A dataset for recognizing 105 Filipino sign language videos\clips\clips\32\2.MOV,JUNE,244,93,95,91,0.381148,0.389344,0.372951,0.860548,0.904831,0.009354,0.009835,RIGHT,0.381148,0.951059,TWO_HANDED
C:\BSIT 3RD YEAR\New VovGest\FSL-105 A dataset for recognizing 105 Filipino sign language videos\FSL-105 A dataset for recognizing 105 Filipino sign language videos\clips\clips\32\3.MOV,FATHER,244,80,84,77,0.327869,0.344262,0.315574,0.765587,0.922943,0.009815,0.011537,RIGHT,0.327869,0.829506,AMBIGUOUS
C:\BSIT 3RD YEAR\New VovGest\FSL-105 A dataset for recognizing 105 Filipino sign language videos\FSL-105 A dataset for recognizing 105 Filipino sign language videos\clips\clips\32\4.MOV,MOTHER,244,92,98,92,0.377049,0.401639,0.377049,0.85166,1.120889,0.009359,0.011556,RIGHT,0.377049,0.759808,TWO_HANDED
C:\BSIT 3RD YEAR\New VovGest\FSL-105 A dataset for recognizing 105 Filipino sign language videos\FSL-105 A dataset for recognizing 105 Filipino sign language videos\clips\clips\32\5.MOV,UNDERSTAND,244,76,78,74,0.311475,0.319672,0.303279,1.001746,1.097655,0.013537,0.014635,RIGHT,0.311475,0.912624,AMBIGUOUS
C:\BSIT 3RD YEAR\New VovGest\FSL-105 A dataset for recognizing 105 Filipino sign language videos\FSL-105 A dataset for recognizing 105 Filipino sign language videos\clips\clips\32\6.MOV,SUGAR,244,72,76,69,0.295082,0.311475,0.282787,0.911921,1.209647,0.012844,0.016571,RIGHT,0.295082,0.753874,AMBIGUOUS
C:\BSIT 3RD YEAR\New VovGest\FSL-105 A dataset for recognizing 105 Filipino sign language videos\FSL-105 A dataset for recognizing 105 Filipino sign language videos\clips\clips\32\7.MOV,SUNDAY,244,72,78,71,0.295082,0.319672,0.290984,0.891218,1.314952,0.012552,0.017302,RIGHT,0.295082,0.677757,AMBIGUOUS
C:\BSIT 3RD YEAR\New VovGest\FSL-105 A dataset for recognizing 105 Filipino sign language videos\FSL-105 A dataset for recognizing 105 Filipino sign language videos\clips\clips\32\8.MOV,MONDAY,244,74,76,66,0.303279,0.311475,0.270492,0.87077,1.009554,0.011928,0.014422,RIGHT,0.303279,0.862529,AMBIGUOUS
C:\BSIT 3RD YEAR\New VovGest\FSL-105 A dataset for recognizing 105 Filipino sign language videos\FSL-105 A dataset for recognizing 105 Filipino sign language videos\clips\clips\32\9.MOV,COUSIN,244,70,79,67,0.286885,0.32377,0.27459,0.80565,1.055898,0.011848,0.013893,RIGHT,0.286885,0.763,AMBIGUOUS
C:\BSIT 3RD YEAR\New VovGest\FSL-105 A dataset for recognizing 105 Filipino sign language videos\FSL-105 A dataset for recognizing 105 Filipino sign language videos\clips\clips\33\0.MOV,DEAF BLIND,244,91,88,84,0.372951,0.360656,0.344262,0.862469,1.143845,0.009583,0.013781,RIGHT,0.372951,0.754009,AMBIGUOUS
C:\BSIT 3RD YEAR\New VovGest\FSL-105 A dataset for recognizing 105 Filipino sign language videos\FSL-105 A dataset for recognizing 105 Filipino sign language videos\clips\clips\33\1.MOV,FEBRUARY,244,97,94,86,0.397541,0.385246,0.352459,0.948992,1.476864,0.010096,0.017794,RIGHT,0.397541,0.642572,TWO_HANDED
C:\BSIT 3RD YEAR\New VovGest\FSL-105 A dataset for recognizing 105 Filipino sign language videos\FSL-105 A dataset for recognizing 105 Filipino sign language videos\clips\clips\33\10.MOV,YESTERDAY,244,79,87,78,0.32377,0.356557,0.319672,0.532416,1.292067,0.006826,0.015024,RIGHT,0.32377,0.412065,AMBIGUOUS
C:\BSIT 3RD YEAR\New VovGest\FSL-105 A dataset for recognizing 105 Filipino sign language videos\FSL-105 A dataset for recognizing 105 Filipino sign language videos\clips\clips\33\11.MOV,DON’T KNOW,244,76,82,76,0.311475,0.336066,0.311475,0.497485,1.101575,0.006723,0.0136,RIGHT,0.311475,0.451612,AMBIGUOUS
C:\BSIT 3RD YEAR\New VovGest\FSL-105 A dataset for recognizing 105 Filipino sign language videos\FSL-105 A dataset for recognizing 105 Filipino sign language videos\clips\clips\33\12.MOV,WEDNESDAY,244,67,72,66,0.27459,0.295082,0.270492,0.448899,1.080645,0.006906,0.01522,RIGHT,0.27459,0.415399,AMBIGUOUS
C:\BSIT 3RD YEAR\New VovGest\FSL-105 A dataset for recognizing 105 Filipino sign language videos\FSL-105 A dataset for recognizing 105 Filipino sign language videos\clips\clips\33\13.MOV,UNDERSTAND,244,71,77,71,0.290984,0.315574,0.290984,0.464331,1.081329,0.006729,0.014228,RIGHT,0.290984,0.429408,AMBIGUOUS
C:\BSIT 3RD YEAR\New VovGest\FSL-105 A dataset for recognizing 105 Filipino sign language videos\FSL-105 A dataset for recognizing 105 Filipino sign language videos\clips\clips\33\14.MOV,HARD OF HEARING,244,72,76,70,0.295082,0.311475,0.286885,0.47562,1.030302,0.006795,0.013737,RIGHT,0.295082,0.461632,AMBIGUOUS
C:\BSIT 3RD YEAR\New VovGest\FSL-105 A dataset for recognizing 105 Filipino sign language videos\FSL-105 A dataset for recognizing 105 Filipino sign language videos\clips\clips\33\15.MOV,NOVEMBER,244,85,84,76,0.348361,0.344262,0.311475,0.805417,1.32697,0.009822,0.017233,RIGHT,0.348361,0.606959,AMBIGUOUS
C:\BSIT 3RD YEAR\New VovGest\FSL-105 A dataset for recognizing 105 Filipino sign language videos\FSL-105 A dataset for recognizing 105 Filipino sign language videos\clips\clips\33\16.MOV,BLIND,244,86,95,86,0.352459,0.389344,0.352459,0.767599,1.277786,0.009138,0.013593,RIGHT,0.352459,0.600726,TWO_HANDED
C:\BSIT 3RD YEAR\New VovGest\FSL-105 A dataset for recognizing 105 Filipino sign language videos\FSL-105 A dataset for recognizing 105 Filipino sign language videos\clips\clips\33\17.MOV,COLD,244,80,99,79,0.327869,0.405738,0.32377,0.81019,1.358089,0.01066,0.014147,RIGHT,0.327869,0.596566,AMBIGUOUS
C:\BSIT 3RD YEAR\New VovGest\FSL-105 A dataset for recognizing 105 Filipino sign language videos\FSL-105 A dataset for recognizing 105 Filipino sign language videos\clips\clips\33\18.MOV,GREEN,244,73,88,72,0.29918,0.360656,0.295082,0.514391,1.198038,0.007455,0.013931,RIGHT,0.29918,0.429361,AMBIGUOUS
C:\BSIT 3RD YEAR\New VovGest\FSL-105 A dataset for recognizing 105 Filipino sign language videos\FSL-105 A dataset for recognizing 105 Filipino sign language videos\clips\clips\33\19.MOV,IM FINE,244,67,75,63,0.27459,0.307377,0.258197,0.652,1.172302,0.010031,0.016511,RIGHT,0.27459,0.556171,AMBIGUOUS
C:\BSIT 3RD YEAR\New VovGest\FSL-105 A dataset for recognizing 105 Filipino sign language videos\FSL-105 A dataset for recognizing 105 Filipino sign language videos\clips\clips\33\2.MOV,JUNE,244,85,87,81,0.348361,0.356557,0.331967,0.819003,1.008751,0.00975,0.012009,RIGHT,0.348361,0.811898,AMBIGUOUS
C:\BSIT 3RD YEAR\New VovGest\FSL-105 A dataset for recognizing 105 Filipino sign language videos\FSL-105 A dataset for recognizing 105 Filipino sign language videos\clips\clips\33\3.MOV,FATHER,244,73,55,46,0.29918,0.22541,0.188525,0.688152,0.911873,0.009692,0.020264,RIGHT,0.29918,0.754658,AMBIGUOUS
C:\BSIT 3RD YEAR\New VovGest\FSL-105 A dataset for recognizing 105 Filipino sign language videos\FSL-105 A dataset for recognizing 105 Filipino sign language videos\clips\clips\33\4.MOV,MOTHER,244,70,76,67,0.286885,0.311475,0.27459,0.717237,1.003346,0.010548,0.013935,RIGHT,0.286885,0.714845,AMBIGUOUS
C:\BSIT 3RD YEAR\New VovGest\FSL-105 A dataset for recognizing 105 Filipino sign language videos\FSL-105 A dataset for recognizing 105 Filipino sign language videos\clips\clips\33\5.MOV,UNDERSTAND,244,67,76,64,0.27459,0.311475,0.262295,0.738108,1.187366,0.011356,0.016491,RIGHT,0.27459,0.621635,AMBIGUOUS
C:\BSIT 3RD YEAR\New VovGest\FSL-105 A dataset for recognizing 105 Filipino sign language videos\FSL-105 A dataset for recognizing 105 Filipino sign language videos\clips\clips\33\6.MOV,SUGAR,244,72,71,65,0.295082,0.290984,0.266393,0.845192,1.078889,0.012074,0.016103,RIGHT,0.295082,0.783391,AMBIGUOUS
C:\BSIT 3RD YEAR\New VovGest\FSL-105 A dataset for recognizing 105 Filipino sign language videos\FSL-105 A dataset for recognizing 105 Filipino sign language videos\clips\clips\33\7.MOV,SUNDAY,244,74,81,71,0.303279,0.331967,0.290984,0.778624,1.285808,0.010814,0.016699,RIGHT,0.303279,0.605552,AMBIGUOUS
C:\BSIT 3RD YEAR\New VovGest\FSL-105 A dataset for recognizing 105 Filipino sign language videos\FSL-105 A dataset for recognizing 105 Filipino sign language videos\clips\clips\33\8.MOV,MONDAY,244,77,80,73,0.315574,0.327869,0.29918,0.934749,1.186324,0.012299,0.01561,RIGHT,0.315574,0.787937,AMBIGUOUS
C:\BSIT 3RD YEAR\New VovGest\FSL-105 A dataset for recognizing 105 Filipino sign language videos\FSL-105 A dataset for recognizing 105 Filipino sign language videos\clips\clips\33\9.MOV,COUSIN,244,82,88,77,0.336066,0.360656,0.315574,0.928168,1.55387,0.011749,0.018498,RIGHT,0.336066,0.597327,AMBIGUOUS
C:\BSIT 3RD YEAR\New VovGest\FSL-105 A dataset for recognizing 105 Filipino sign language videos\FSL-105 A dataset for recognizing 105 Filipino sign language videos\clips\clips\34\0.MOV,DEAF BLIND,244,105,100,97,0.430328,0.409836,0.397541,0.853043,0.953974,0.008282,0.010042,RIGHT,0.430328,0.894199,TWO_HANDED
C:\BSIT 3RD YEAR\New VovGest\FSL-105 A dataset for recognizing 105 Filipino sign language videos\FSL-105 A dataset for recognizing 105 Filipino sign language videos\clips\clips\34\1.MOV,FEBRUARY,244,85,88,82,0.348361,0.360656,0.336066,0.906942,1.080954,0.010797,0.012869,RIGHT,0.348361,0.83902,AMBIGUOUS
C:\BSIT 3RD YEAR\New VovGest\FSL-105 A dataset for recognizing 105 Filipino sign language videos\FSL-105 A dataset for recognizing 105 Filipino sign language videos\clips\clips\34\10.MOV,YESTERDAY,244,82,91,82,0.336066,0.372951,0.336066,0.721777,1.610105,0.009136,0.01789,RIGHT,0.336066,0.448279,AMBIGUOUS
C:\BSIT 3RD YEAR\New VovGest\FSL-105 A dataset for recognizing 105 Filipino sign language videos\FSL-105 A dataset for recognizing 105 Filipino sign language videos\clips\clips\34\11.MOV,DON’T KNOW,244,83,91,83,0.340164,0.372951,0.340164,0.59808,0.955758,0.007384,0.010739,RIGHT,0.340164,0.625765,AMBIGUOUS
C:\BSIT 3RD YEAR\New VovGest\FSL-105 A dataset for recognizing 105 Filipino sign language videos\FSL-105 A dataset for recognizing 105 Filipino sign language videos\clips\clips\34\12.MOV,WEDNESDAY,244,78,88,78,0.319672,0.360656,0.319672,0.543511,1.006969,0.007059,0.011574,RIGHT,0.319672,0.539749,AMBIGUOUS
C:\BSIT 3RD YEAR\New VovGest\FSL-105 A dataset for recognizing 105 Filipino sign language videos\FSL-105 A dataset for recognizing 105 Filipino sign language videos\clips\clips\34\13.MOV,UNDERSTAND,244,68,77,68,0.278689,0.315574,0.278689,0.472766,1.008277,0.007163,0.013267,RIGHT,0.278689,0.468885,AMBIGUOUS
C:\BSIT 3RD YEAR\New VovGest\FSL-105 A dataset for recognizing 105 Filipino sign language videos\FSL-105 A dataset for recognizing 105 Filipino sign language videos\clips\clips\34\14.MOV,HARD OF HEARING,244,75,86,75,0.307377,0.352459,0.307377,0.455297,0.992599,0.006153,0.011678,RIGHT,0.307377,0.458692,AMBIGUOUS
C:\BSIT 3RD YEAR\New VovGest\FSL-105 A dataset for recognizing 105 Filipino sign language videos\FSL-105 A dataset for recognizing 105 Filipino sign language videos\clips\clips\34\15.MOV,NOVEMBER,244,73,83,73,0.29918,0.340164,0.29918,0.461136,0.909868,0.006405,0.011233,RIGHT,0.29918,0.506816,AMBIGUOUS
C:\BSIT 3RD YEAR\New VovGest\FSL-105 A dataset for recognizing 105 Filipino sign language videos\FSL-105 A dataset for recognizing 105 Filipino sign language videos\clips\clips\34\16.MOV,BLIND,244,75,84,75,0.307377,0.344262,0.307377,1.040573,1.12633,0.014452,0.013736,RIGHT,0.307377,0.923862,AMBIGUOUS
C:\BSIT 3RD YEAR\New VovGest\FSL-105 A dataset for recognizing 105 Filipino sign language videos\FSL-105 A dataset for recognizing 105 Filipino sign language videos\clips\clips\34\17.MOV,COLD,244,77,89,77,0.315574,0.364754,0.315574,1.030662,1.317362,0.014315,0.01497,RIGHT,0.315574,0.782368,AMBIGUOUS
C:\BSIT 3RD YEAR\New VovGest\FSL-105 A dataset for recognizing 105 Filipino sign language videos\FSL-105 A dataset for recognizing 105 Filipino sign language videos\clips\clips\34\18.MOV,GREEN,244,80,91,80,0.327869,0.372951,0.327869,0.982243,1.120417,0.012756,0.012449,RIGHT,0.327869,0.876676,AMBIGUOUS
C:\BSIT 3RD YEAR\New VovGest\FSL-105 A dataset for recognizing 105 Filipino sign language videos\FSL-105 A dataset for recognizing 105 Filipino sign language videos\clips\clips\34\19.MOV,IM FINE,244,74,85,74,0.303279,0.348361,0.303279,0.979454,1.051637,0.013604,0.012519,RIGHT,0.303279,0.931361,AMBIGUOUS
C:\BSIT 3RD YEAR\New VovGest\FSL-105 A dataset for recognizing 105 Filipino sign language videos\FSL-105 A dataset for recognizing 105 Filipino sign language videos\clips\clips\34\2.MOV,JUNE,244,83,83,77,0.340164,0.340164,0.315574,0.842324,1.025402,0.010272,0.013146,RIGHT,0.340164,0.821457,AMBIGUOUS
C:\BSIT 3RD YEAR\New VovGest\FSL-105 A dataset for recognizing 105 Filipino sign language videos\FSL-105 A dataset for recognizing 105 Filipino sign language videos\clips\clips\34\20.MOV,SEVEN,244,75,87,75,0.307377,0.356557,0.307377,1.065531,1.096159,0.014596,0.012746,RIGHT,0.307377,0.972059,AMBIGUOUS
C:\BSIT 3RD YEAR\New VovGest\FSL-105 A dataset for recognizing 105 Filipino sign language videos\FSL-105 A dataset for recognizing 105 Filipino sign language videos\clips\clips\34\3.MOV,FATHER,244,95,101,95,0.389344,0.413934,0.389344,0.876768,1.276402,0.009327,0.012764,RIGHT,0.389344,0.686906,TWO_HANDED
C:\BSIT 3RD YEAR\New VovGest\FSL-105 A dataset for recognizing 105 Filipino sign language videos\FSL-105 A dataset for recognizing 105 Filipino sign language videos\clips\clips\34\4.MOV,MOTHER,244,80,84,79,0.327869,0.344262,0.32377,0.76011,1.135801,0.009745,0.013851,RIGHT,0.327869,0.669228,AMBIGUOUS
C:\BSIT 3RD YEAR\New VovGest\FSL-105 A dataset for recognizing 105 Filipino sign language videos\FSL-105 A dataset for recognizing 105 Filipino sign language videos\clips\clips\34\5.MOV,UNDERSTAND,244,87,91,87,0.356557,0.372951,0.356557,0.88717,1.078631,0.010316,0.012119,RIGHT,0.356557,0.822496,TWO_HANDED
C:\BSIT 3RD YEAR\New VovGest\FSL-105 A dataset for recognizing 105 Filipino sign language videos\FSL-105 A dataset for recognizing 105 Filipino sign language videos\clips\clips\34\6.MOV,SUGAR,244,83,92,82,0.340164,0.377049,0.336066,0.852967,1.60485,0.010662,0.018032,RIGHT,0.340164,0.531493,AMBIGUOUS
C:\BSIT 3RD YEAR\New VovGest\FSL-105 A dataset for recognizing 105 Filipino sign language videos\FSL-105 A dataset for recognizing 105 Filipino sign language videos\clips\clips\34\7.MOV,SUNDAY,244,81,97,81,0.331967,0.397541,0.331967,0.768269,1.53776,0.009725,0.016187,RIGHT,0.331967,0.499603,AMBIGUOUS
C:\BSIT 3RD YEAR\New VovGest\FSL-105 A dataset for recognizing 105 Filipino sign language videos\FSL-105 A dataset for recognizing 105 Filipino sign language videos\clips\clips\34\8.MOV,MONDAY,244,78,85,78,0.319672,0.348361,0.319672,0.813394,1.438435,0.010703,0.017124,RIGHT,0.319672,0.565472,AMBIGUOUS
C:\BSIT 3RD YEAR\New VovGest\FSL-105 A dataset for recognizing 105 Filipino sign language videos\FSL-105 A dataset for recognizing 105 Filipino sign language videos\clips\clips\34\9.MOV,COUSIN,244,76,87,75,0.311475,0.356557,0.307377,0.701652,1.552757,0.009355,0.018268,RIGHT,0.311475,0.451875,AMBIGUOUS
C:\BSIT 3RD YEAR\New VovGest\FSL-105 A dataset for recognizing 105 Filipino sign language videos\FSL-105 A dataset for recognizing 105 Filipino sign language videos\clips\clips\35\0.MOV,DEAF BLIND,244,104,98,97,0.42623,0.401639,0.397541,0.813987,1.084323,0.007903,0.011786,RIGHT,0.42623,0.750687,TWO_HANDED
C:\BSIT 3RD YEAR\New VovGest\FSL-105 A dataset for recognizing 105 Filipino sign language videos\FSL-105 A dataset for recognizing 105 Filipino sign language videos\clips\clips\35\1.MOV,FEBRUARY,244,96,97,93,0.393443,0.397541,0.381148,0.761807,1.217594,0.008104,0.012817,RIGHT,0.393443,0.625666,TWO_HANDED
C:\BSIT 3RD YEAR\New VovGest\FSL-105 A dataset for recognizing 105 Filipino sign language videos\FSL-105 A dataset for recognizing 105 Filipino sign language videos\clips\clips\35\10.MOV,YESTERDAY,244,88,98,88,0.360656,0.401639,0.360656,0.465443,1.045771,0.005412,0.010893,RIGHT,0.360656,0.445072,TWO_HANDED
C:\BSIT 3RD YEAR\New VovGest\FSL-105 A dataset for recognizing 105 Filipino sign language videos\FSL-105 A dataset for recognizing 105 Filipino sign language videos\clips\clips\35\11.MOV,DON’T KNOW,244,83,93,83,0.340164,0.381148,0.340164,0.46265,0.993008,0.005783,0.010912,RIGHT,0.340164,0.465908,AMBIGUOUS
C:\BSIT 3RD YEAR\New VovGest\FSL-105 A dataset for recognizing 105 Filipino sign language videos\FSL-105 A dataset for recognizing 105 Filipino sign language videos\clips\clips\35\12.MOV,WEDNESDAY,244,74,83,74,0.303279,0.340164,0.303279,0.414128,1.006964,0.005752,0.01228,RIGHT,0.303279,0.411264,AMBIGUOUS
C:\BSIT 3RD YEAR\New VovGest\FSL-105 A dataset for recognizing 105 Filipino sign language videos\FSL-105 A dataset for recognizing 105 Filipino sign language videos\clips\clips\35\13.MOV,UNDERSTAND,244,77,84,77,0.315574,0.344262,0.315574,0.551195,0.983581,0.007349,0.01185,RIGHT,0.315574,0.560396,AMBIGUOUS
C:\BSIT 3RD YEAR\New VovGest\FSL-105 A dataset for recognizing 105 Filipino sign language videos\FSL-105 A dataset for recognizing 105 Filipino sign language videos\clips\clips\35\14.MOV,HARD OF HEARING,243,85,97,85,0.349794,0.399177,0.349794,0.458422,1.048748,0.005457,0.010924,RIGHT,0.349794,0.437114,AMBIGUOUS
C:\BSIT 3RD YEAR\New VovGest\FSL-105 A dataset for recognizing 105 Filipino sign language videos\FSL-105 A dataset for recognizing 105 Filipino sign language videos\clips\clips\35\15.MOV,NOVEMBER,244,111,123,111,0.454918,0.504098,0.454918,1.646729,1.46849,0.015247,0.012037,LEFT,0.504098,0.891762,TWO_HANDED
C:\BSIT 3RD YEAR\New VovGest\FSL-105 A dataset for recognizing 105 Filipino sign language videos\FSL-105 A dataset for recognizing 105 Filipino sign language videos\clips\clips\35\16.MOV,BLIND,244,106,126,106,0.434426,0.516393,0.434426,0.702249,1.637826,0.006885,0.013208,RIGHT,0.434426,0.428769,TWO_HANDED
C:\BSIT 3RD YEAR\New VovGest\FSL-105 A dataset for recognizing 105 Filipino sign language videos\FSL-105 A dataset for recognizing 105 Filipino sign language videos\clips\clips\35\17.MOV,COLD,244,117,130,117,0.479508,0.532787,0.479508,0.942271,1.514897,0.008123,0.011743,RIGHT,0.479508,0.622003,TWO_HANDED
C:\BSIT 3RD YEAR\New VovGest\FSL-105 A dataset for recognizing 105 Filipino sign language videos\FSL-105 A dataset for recognizing 105 Filipino sign language videos\clips\clips\35\18.MOV,GREEN,244,99,115,99,0.405738,0.471311,0.405738,1.082201,1.332953,0.011273,0.011693,RIGHT,0.405738,0.811882,TWO_HANDED
C:\BSIT 3RD YEAR\New VovGest\FSL-105 A dataset for recognizing 105 Filipino sign language videos\FSL-105 A dataset for recognizing 105 Filipino sign language videos\clips\clips\35\19.MOV,IM FINE,244,104,115,104,0.42623,0.471311,0.42623,0.873259,1.358939,0.008561,0.011921,RIGHT,0.42623,0.642604,TWO_HANDED
C:\BSIT 3RD YEAR\New VovGest\FSL-105 A dataset for recognizing 105 Filipino sign language videos\FSL-105 A dataset for recognizing 105 Filipino sign language videos\clips\clips\35\2.MOV,JUNE,244,87,91,79,0.356557,0.372951,0.32377,0.728802,1.31938,0.008888,0.015896,RIGHT,0.356557,0.552382,AMBIGUOUS
C:\BSIT 3RD YEAR\New VovGest\FSL-105 A dataset for recognizing 105 Filipino sign language videos\FSL-105 A dataset for recognizing 105 Filipino sign language videos\clips\clips\35\3.MOV,FATHER,243,90,90,83,0.37037,0.37037,0.341564,0.865734,1.028801,0.009951,0.012248,RIGHT,0.37037,0.841498,AMBIGUOUS
C:\BSIT 3RD YEAR\New VovGest\FSL-105 A dataset for recognizing 105 Filipino sign language videos\FSL-105 A dataset for recognizing 105 Filipino sign language videos\clips\clips\35\4.MOV,MOTHER,243,92,100,88,0.378601,0.411523,0.36214,0.773983,1.092885,0.009,0.011504,RIGHT,0.378601,0.708202,TWO_HANDED
C:\BSIT 3RD YEAR\New VovGest\FSL-105 A dataset for recognizing 105 Filipino sign language videos\FSL-105 A dataset for recognizing 105 Filipino sign language videos\clips\clips\35\5.MOV,UNDERSTAND,244,82,91,82,0.336066,0.372951,0.336066,0.808629,1.398113,0.010236,0.015535,RIGHT,0.336066,0.578372,AMBIGUOUS
C:\BSIT 3RD YEAR\New VovGest\FSL-105 A dataset for recognizing 105 Filipino sign language videos\FSL-105 A dataset for recognizing 105 Filipino sign language videos\clips\clips\35\6.MOV,SUGAR,244,81,90,77,0.331967,0.368852,0.315574,0.739718,1.2302,0.009364,0.01414,RIGHT,0.331967,0.601299,AMBIGUOUS
C:\BSIT 3RD YEAR\New VovGest\FSL-105 A dataset for recognizing 105 Filipino sign language videos\FSL-105 A dataset for recognizing 105 Filipino sign language videos\clips\clips\35\7.MOV,SUNDAY,244,90,92,86,0.368852,0.377049,0.352459,0.842976,1.355526,0.009689,0.015231,RIGHT,0.368852,0.621881,TWO_HANDED
C:\BSIT 3RD YEAR\New VovGest\FSL-105 A dataset for recognizing 105 Filipino sign language videos\FSL-105 A dataset for recognizing 105 Filipino sign language videos\clips\clips\35\8.MOV,MONDAY,244,90,95,89,0.368852,0.389344,0.364754,0.821769,1.363649,0.009338,0.014663,RIGHT,0.368852,0.602625,TWO_HANDED
C:\BSIT 3RD YEAR\New VovGest\FSL-105 A dataset for recognizing 105 Filipino sign language videos\FSL-105 A dataset for recognizing 105 Filipino sign language videos\clips\clips\35\9.MOV,COUSIN,244,89,95,88,0.364754,0.389344,0.360656,0.671526,1.166639,0.007808,0.01282,RIGHT,0.364754,0.575607,TWO_HANDED
C:\BSIT 3RD YEAR\New VovGest\FSL-105 A dataset for recognizing 105 Filipino sign language videos\FSL-105 A dataset for recognizing 105 Filipino sign language videos\clips\clips\36\0.MOV,DEAF BLIND,243,47,51,46,0.193416,0.209877,0.1893,0.48003,0.652844,0.010667,0.013323,RIGHT,0.193416,0.735291,AMBIGUOUS
C:\BSIT 3RD YEAR\New VovGest\FSL-105 A dataset for recognizing 105 Filipino sign language videos\FSL-105 A dataset for recognizing 105 Filipino sign language videos\clips\clips\36\1.MOV,FEBRUARY,243,141,131,127,0.580247,0.539095,0.522634,1.041919,1.706783,0.007496,0.013654,RIGHT,0.580247,0.610458,TWO_HANDED
C:\BSIT 3RD YEAR\New VovGest\FSL-105 A dataset for recognizing 105 Filipino sign language videos\FSL-105 A dataset for recognizing 105 Filipino sign language videos\clips\clips\36\10.MOV,YESTERDAY,243,102,112,102,0.419753,0.460905,0.419753,0.828447,1.531136,0.008368,0.013919,RIGHT,0.419753,0.541067,TWO_HANDED
C:\BSIT 3RD YEAR\New VovGest\FSL-105 A dataset for recognizing 105 Filipino sign language videos\FSL-105 A dataset for recognizing 105 Filipino sign language videos\clips\clips\36\11.MOV,DON’T KNOW,243,81,88,81,0.333333,0.36214,0.333333,0.534016,0.9595,0.00676,0.011029,RIGHT,0.333333,0.556557,AMBIGUOUS
C:\BSIT 3RD YEAR\New VovGest\FSL-105 A dataset for recognizing 105 Filipino sign language videos\FSL-105 A dataset for recognizing 105 Filipino sign language videos\clips\clips\36\12.MOV,WEDNESDAY,243,75,86,75,0.308642,0.353909,0.308642,0.414624,0.987521,0.00568,0.011618,RIGHT,0.308642,0.419863,AMBIGUOUS
C:\BSIT 3RD YEAR\New VovGest\FSL-105 A dataset for recognizing 105 Filipino sign language videos\FSL-105 A dataset for recognizing 105 Filipino sign language videos\clips\clips\36\13.MOV,UNDERSTAND,243,70,79,70,0.288066,0.325103,0.288066,0.419656,0.927525,0.006171,0.011891,RIGHT,0.288066,0.452447,AMBIGUOUS
C:\BSIT 3RD YEAR\New VovGest\FSL-105 A dataset for recognizing 105 Filipino sign language videos\FSL-105 A dataset for recognizing 105 Filipino sign language videos\clips\clips\36\14.MOV,HARD OF HEARING,243,71,84,71,0.292181,0.345679,0.292181,0.378877,0.985437,0.005413,0.011873,RIGHT,0.292181,0.384476,AMBIGUOUS
C:\BSIT 3RD YEAR\New VovGest\FSL-105 A dataset for recognizing 105 Filipino sign language videos\FSL-105 A dataset for recognizing 105 Filipino sign language videos\clips\clips\36\15.MOV,NOVEMBER,243,84,94,84,0.345679,0.386831,0.345679,0.519971,1.044631,0.006341,0.011233,RIGHT,0.345679,0.497756,AMBIGUOUS
C:\BSIT 3RD YEAR\New VovGest\FSL-105 A dataset for recognizing 105 Filipino sign language videos\FSL-105 A dataset for recognizing 105 Filipino sign language videos\clips\clips\36\16.MOV,BLIND,244,100,103,96,0.409836,0.422131,0.393443,0.995716,1.195136,0.010372,0.011717,RIGHT,0.409836,0.83314,TWO_HANDED
C:\BSIT 3RD YEAR\New VovGest\FSL-105 A dataset for recognizing 105 Filipino sign language videos\FSL-105 A dataset for recognizing 105 Filipino sign language videos\clips\clips\36\17.MOV,COLD,243,97,108,97,0.399177,0.444444,0.399177,1.077232,1.252564,0.01146,0.011706,RIGHT,0.399177,0.860022,TWO_HANDED
C:\BSIT 3RD YEAR\New VovGest\FSL-105 A dataset for recognizing 105 Filipino sign language videos\FSL-105 A dataset for recognizing 105 Filipino sign language videos\clips\clips\36\18.MOV,GREEN,243,92,102,92,0.378601,0.419753,0.378601,0.883597,1.210438,0.010041,0.011985,RIGHT,0.378601,0.729981,TWO_HANDED
C:\BSIT 3RD YEAR\New VovGest\FSL-105 A dataset for recognizing 105 Filipino sign language videos\FSL-105 A dataset for recognizing 105 Filipino sign language videos\clips\clips\36\19.MOV,IM FINE,243,94,100,94,0.386831,0.411523,0.386831,1.159962,1.23451,0.012747,0.01247,RIGHT,0.386831,0.939613,TWO_HANDED
C:\BSIT 3RD YEAR\New VovGest\FSL-105 A dataset for recognizing 105 Filipino sign language videos\FSL-105 A dataset for recognizing 105 Filipino sign language videos\clips\clips\36\2.MOV,JUNE,243,107,101,92,0.440329,0.415638,0.378601,0.948157,1.330815,0.00903,0.014009,RIGHT,0.440329,0.712463,TWO_HANDED
C:\BSIT 3RD YEAR\New VovGest\FSL-105 A dataset for recognizing 105 Filipino sign language videos\FSL-105 A dataset for recognizing 105 Filipino sign language videos\clips\clips\36\20.MOV,SEVEN,243,96,108,96,0.395062,0.444444,0.395062,0.664994,1.237426,0.007228,0.011565,RIGHT,0.395062,0.537401,TWO_HANDED
C:\BSIT 3RD YEAR\New VovGest\FSL-105 A dataset for recognizing 105 Filipino sign language videos\FSL-105 A dataset for recognizing 105 Filipino sign language videos\clips\clips\36\3.MOV,FATHER,243,92,102,91,0.378601,0.419753,0.374486,0.692341,1.042742,0.007779,0.010427,RIGHT,0.378601,0.663962,TWO_HANDED
C:\BSIT 3RD YEAR\New VovGest\FSL-105 A dataset for recognizing 105 Filipino sign language videos\FSL-105 A dataset for recognizing 105 Filipino sign language videos\clips\clips\36\4.MOV,MOTHER,243,98,104,97,0.403292,0.427984,0.399177,0.931657,1.229013,0.009807,0.012049,RIGHT,0.403292,0.758053,TWO_HANDED
C:\BSIT 3RD YEAR\New VovGest\FSL-105 A dataset for recognizing 105 Filipino sign language videos\FSL-105 A dataset for recognizing 105 Filipino sign language videos\clips\clips\36\5.MOV,UNDERSTAND,243,99,107,95,0.407407,0.440329,0.390947,0.715159,1.107837,0.00745,0.010861,RIGHT,0.407407,0.645545,TWO_HANDED
C:\BSIT 3RD YEAR\New VovGest\FSL-105 A dataset for recognizing 105 Filipino sign language videos\FSL-105 A dataset for recognizing 105 Filipino sign language videos\clips\clips\36\6.MOV,SUGAR,244,93,98,93,0.381148,0.401639,0.381148,1.013268,1.534667,0.011135,0.015821,RIGHT,0.381148,0.660253,TWO_HANDED
C:\BSIT 3RD YEAR\New VovGest\FSL-105 A dataset for recognizing 105 Filipino sign language videos\FSL-105 A dataset for recognizing 105 Filipino sign language videos\clips\clips\36\7.MOV,SUNDAY,244,91,98,91,0.372951,0.401639,0.372951,0.822081,1.554494,0.009134,0.016026,RIGHT,0.372951,0.528842,TWO_HANDED
C:\BSIT 3RD YEAR\New VovGest\FSL-105 A dataset for recognizing 105 Filipino sign language videos\FSL-105 A dataset for recognizing 105 Filipino sign language videos\clips\clips\36\8.MOV,MONDAY,244,101,107,100,0.413934,0.438525,0.409836,0.832987,1.562939,0.008414,0.014885,RIGHT,0.413934,0.532962,TWO_HANDED
C:\BSIT 3RD YEAR\New VovGest\FSL-105 A dataset for recognizing 105 Filipino sign language videos\FSL-105 A dataset for recognizing 105 Filipino sign language videos\clips\clips\36\9.MOV,COUSIN,243,99,106,98,0.407407,0.436214,0.403292,0.853532,1.546982,0.00871,0.014875,RIGHT,0.407407,0.55174,TWO_HANDED
C:\BSIT 3RD YEAR\New VovGest\FSL-105 A dataset for recognizing 105 Filipino sign language videos\FSL-105 A dataset for recognizing 105 Filipino sign language videos\clips\clips\37\0.MOV,DEAF BLIND,243,112,112,108,0.460905,0.460905,0.444444,0.852053,1.026812,0.007676,0.00942,RIGHT,0.460905,0.829804,TWO_HANDED
C:\BSIT 3RD YEAR\New VovGest\FSL-105 A dataset for recognizing 105 Filipino sign language videos\FSL-105 A dataset for recognizing 105 Filipino sign language videos\clips\clips\37\1.MOV,FEBRUARY,243,101,109,100,0.415638,0.44856,0.411523,0.689623,1.070808,0.007037,0.010102,RIGHT,0.415638,0.644021,TWO_HANDED
C:\BSIT 3RD YEAR\New VovGest\FSL-105 A dataset for recognizing 105 Filipino sign language videos\FSL-105 A dataset for recognizing 105 Filipino sign language videos\clips\clips\37\10.MOV,YESTERDAY,243,88,94,86,0.36214,0.386831,0.353909,0.798243,1.367648,0.009175,0.015029,RIGHT,0.36214,0.583661,TWO_HANDED
C:\BSIT 3RD YEAR\New VovGest\FSL-105 A dataset for recognizing 105 Filipino sign language videos\FSL-105 A dataset for recognizing 105 Filipino sign language videos\clips\clips\37\11.MOV,DON’T KNOW,243,73,84,73,0.300412,0.345679,0.300412,0.451374,1.135784,0.006269,0.013684,RIGHT,0.300412,0.397412,AMBIGUOUS
C:\BSIT 3RD YEAR\New VovGest\FSL-105 A dataset for recognizing 105 Filipino sign language videos\FSL-105 A dataset for recognizing 105 Filipino sign language videos\clips\clips\37\12.MOV,WEDNESDAY,243,68,79,68,0.279835,0.325103,0.279835,0.395419,1.041129,0.006083,0.013348,RIGHT,0.279835,0.379798,AMBIGUOUS
C:\BSIT 3RD YEAR\New VovGest\FSL-105 A dataset for recognizing 105 Filipino sign language videos\FSL-105 A dataset for recognizing 105 Filipino sign language videos\clips\clips\37\13.MOV,UNDERSTAND,243,70,78,70,0.288066,0.320988,0.288066,0.473622,1.095435,0.006965,0.014226,RIGHT,0.288066,0.43236,AMBIGUOUS
C:\BSIT 3RD YEAR\New VovGest\FSL-105 A dataset for recognizing 105 Filipino sign language videos\FSL-105 A dataset for recognizing 105 Filipino sign language videos\clips\clips\37\14.MOV,HARD OF HEARING,243,74,86,74,0.304527,0.353909,0.304527,0.450599,1.156419,0.006258,0.013605,RIGHT,0.304527,0.38965,AMBIGUOUS
C:\BSIT 3RD YEAR\New VovGest\FSL-105 A dataset for recognizing 105 Filipino sign language videos\FSL-105 A dataset for recognizing 105 Filipino sign language videos\clips\clips\37\15.MOV,NOVEMBER,243,71,81,71,0.292181,0.333333,0.292181,0.426227,1.062619,0.006177,0.013283,RIGHT,0.292181,0.40111,AMBIGUOUS
C:\BSIT 3RD YEAR\New VovGest\FSL-105 A dataset for recognizing 105 Filipino sign language videos\FSL-105 A dataset for recognizing 105 Filipino sign language videos\clips\clips\37\16.MOV,BLIND,243,86,78,71,0.353909,0.320988,0.292181,0.769124,1.21292,0.009267,0.016615,RIGHT,0.353909,0.634109,AMBIGUOUS
C:\BSIT 3RD YEAR\New VovGest\FSL-105 A dataset for recognizing 105 Filipino sign language videos\FSL-105 A dataset for recognizing 105 Filipino sign language videos\clips\clips\37\17.MOV,COLD,243,77,87,73,0.316872,0.358025,0.300412,0.811263,1.275666,0.010817,0.015187,RIGHT,0.316872,0.635953,AMBIGUOUS
C:\BSIT 3RD YEAR\New VovGest\FSL-105 A dataset for recognizing 105 Filipino sign language videos\FSL-105 A dataset for recognizing 105 Filipino sign language videos\clips\clips\37\18.MOV,GREEN,243,86,97,86,0.353909,0.399177,0.353909,0.757743,1.221002,0.009241,0.012719,RIGHT,0.353909,0.620591,TWO_HANDED
C:\BSIT 3RD YEAR\New VovGest\FSL-105 A dataset for recognizing 105 Filipino sign language videos\FSL-105 A dataset for recognizing 105 Filipino sign language videos\clips\clips\37\19.MOV,IM FINE,243,79,91,79,0.325103,0.374486,0.325103,0.891968,1.31134,0.011584,0.01457,RIGHT,0.325103,0.680196,AMBIGUOUS
C:\BSIT 3RD YEAR\New VovGest\FSL-105 A dataset for recognizing 105 Filipino sign language videos\FSL-105 A dataset for recognizing 105 Filipino sign language videos\clips\clips\37\2.MOV,JUNE,243,78,88,78,0.320988,0.36214,0.320988,0.641044,1.148829,0.008325,0.013205,RIGHT,0.320988,0.557998,AMBIGUOUS
C:\BSIT 3RD YEAR\New VovGest\FSL-105 A dataset for recognizing 105 Filipino sign language videos\FSL-105 A dataset for recognizing 105 Filipino sign language videos\clips\clips\37\20.MOV,SEVEN,243,83,98,83,0.341564,0.403292,0.341564,0.679215,1.350196,0.008385,0.01392,RIGHT,0.341564,0.503049,AMBIGUOUS
C:\BSIT 3RD YEAR\New VovGest\FSL-105 A dataset for recognizing 105 Filipino sign language videos\FSL-105 A dataset for recognizing 105 Filipino sign language videos\clips\clips\37\21.MOV,GOOD EVENING,243,71,86,71,0.292181,0.353909,0.292181,0.677299,1.290631,0.010262,0.015184,RIGHT,0.292181,0.524781,AMBIGUOUS
C:\BSIT 3RD YEAR\New VovGest\FSL-105 A dataset for recognizing 105 Filipino sign language videos\FSL-105 A dataset for recognizing 105 Filipino sign language videos\clips\clips\37\3.MOV,FATHER,243,92,104,92,0.378601,0.427984,0.378601,0.681445,1.306229,0.007657,0.012682,RIGHT,0.378601,0.521689,TWO_HANDED
C:\BSIT 3RD YEAR\New VovGest\FSL-105 A dataset for recognizing 105 Filipino sign language videos\FSL-105 A dataset for recognizing 105 Filipino sign language videos\clips\clips\37\4.MOV,MOTHER,243,103,108,98,0.423868,0.444444,0.403292,0.86717,1.160502,0.008586,0.011052,RIGHT,0.423868,0.747237,TWO_HANDED
C:\BSIT 3RD YEAR\New VovGest\FSL-105 A dataset for recognizing 105 Filipino sign language videos\FSL-105 A dataset for recognizing 105 Filipino sign language videos\clips\clips\37\5.MOV,UNDERSTAND,243,77,89,73,0.316872,0.366255,0.300412,0.894074,1.109744,0.012418,0.012756,RIGHT,0.316872,0.805658,AMBIGUOUS
C:\BSIT 3RD YEAR\New VovGest\FSL-105 A dataset for recognizing 105 Filipino sign language videos\FSL-105 A dataset for recognizing 105 Filipino sign language videos\clips\clips\37\6.MOV,SUGAR,243,88,94,86,0.36214,0.386831,0.353909,0.845534,1.561029,0.009947,0.017154,RIGHT,0.36214,0.541652,TWO_HANDED
C:\BSIT 3RD YEAR\New VovGest\FSL-105 A dataset for recognizing 105 Filipino sign language videos\FSL-105 A dataset for recognizing 105 Filipino sign language videos\clips\clips\37\7.MOV,SUNDAY,243,85,93,82,0.349794,0.382716,0.337449,0.878529,1.453732,0.010459,0.016153,RIGHT,0.349794,0.604327,AMBIGUOUS
C:\BSIT 3RD YEAR\New VovGest\FSL-105 A dataset for recognizing 105 Filipino sign language videos\FSL-105 A dataset for recognizing 105 Filipino sign language videos\clips\clips\37\8.MOV,MONDAY,243,86,95,86,0.353909,0.390947,0.353909,0.868658,1.549819,0.010341,0.016487,RIGHT,0.353909,0.56049,TWO_HANDED
C:\BSIT 3RD YEAR\New VovGest\FSL-105 A dataset for recognizing 105 Filipino sign language videos\FSL-105 A dataset for recognizing 105 Filipino sign language videos\clips\clips\37\9.MOV,COUSIN,243,89,98,88,0.366255,0.403292,0.36214,0.960932,1.608748,0.01092,0.016758,RIGHT,0.366255,0.597317,TWO_HANDED
C:\BSIT 3RD YEAR\New VovGest\FSL-105 A dataset for recognizing 105 Filipino sign language videos\FSL-105 A dataset for recognizing 105 Filipino sign language videos\clips\clips\38\0.MOV,DEAF BLIND,243,97,92,88,0.399177,0.378601,0.36214,0.876999,0.69951,0.009135,0.00804,LEFT,0.378601,0.797618,TWO_HANDED
C:\BSIT 3RD YEAR\New VovGest\FSL-105 A dataset for recognizing 105 Filipino sign language videos\FSL-105 A dataset for recognizing 105 Filipino sign language videos\clips\clips\38\1.MOV,FEBRUARY,243,86,88,82,0.353909,0.36214,0.337449,0.783241,1.079079,0.009215,0.012695,RIGHT,0.353909,0.725842,AMBIGUOUS
C:\BSIT 3RD YEAR\New VovGest\FSL-105 A dataset for recognizing 105 Filipino sign language videos\FSL-105 A dataset for recognizing 105 Filipino sign language videos\clips\clips\38\10.MOV,YESTERDAY,243,78,90,78,0.320988,0.37037,0.320988,0.426353,1.075295,0.00561,0.012082,RIGHT,0.320988,0.396499,AMBIGUOUS
C:\BSIT 3RD YEAR\New VovGest\FSL-105 A dataset for recognizing 105 Filipino sign language videos\FSL-105 A dataset for recognizing 105 Filipino sign language videos\clips\clips\38\11.MOV,DON’T KNOW,243,73,84,73,0.300412,0.345679,0.300412,0.440778,1.087108,0.006297,0.013257,RIGHT,0.300412,0.405459,AMBIGUOUS
C:\BSIT 3RD YEAR\New VovGest\FSL-105 A dataset for recognizing 105 Filipino sign language videos\FSL-105 A dataset for recognizing 105 Filipino sign language videos\clips\clips\38\12.MOV,WEDNESDAY,243,68,79,68,0.279835,0.325103,0.279835,0.412375,1.08892,0.006155,0.013961,RIGHT,0.279835,0.378701,AMBIGUOUS
C:\BSIT 3RD YEAR\New VovGest\FSL-105 A dataset for recognizing 105 Filipino sign language videos\FSL-105 A dataset for recognizing 105 Filipino sign language videos\clips\clips\38\13.MOV,UNDERSTAND,243,63,69,57,0.259259,0.283951,0.234568,0.373292,1.258059,0.006021,0.019062,RIGHT,0.259259,0.296721,AMBIGUOUS
C:\BSIT 3RD YEAR\New VovGest\FSL-105 A dataset for recognizing 105 Filipino sign language videos\FSL-105 A dataset for recognizing 105 Filipino sign language videos\clips\clips\38\14.MOV,HARD OF HEARING,243,70,81,70,0.288066,0.333333,0.288066,0.476664,1.106982,0.007114,0.013837,RIGHT,0.288066,0.430598,AMBIGUOUS
C:\BSIT 3RD YEAR\New VovGest\FSL-105 A dataset for recognizing 105 Filipino sign language videos\FSL-105 A dataset for recognizing 105 Filipino sign language videos\clips\clips\38\15.MOV,NOVEMBER,243,88,66,57,0.36214,0.271605,0.234568,0.733726,1.280402,0.008532,0.02134,RIGHT,0.36214,0.573043,AMBIGUOUS
C:\BSIT 3RD YEAR\New VovGest\FSL-105 A dataset for recognizing 105 Filipino sign language videos\FSL-105 A dataset for recognizing 105 Filipino sign language videos\clips\clips\38\16.MOV,BLIND,243,81,77,66,0.333333,0.316872,0.271605,0.719986,1.3696,0.009114,0.018508,RIGHT,0.333333,0.525691,AMBIGUOUS
C:\BSIT 3RD YEAR\New VovGest\FSL-105 A dataset for recognizing 105 Filipino sign language videos\FSL-105 A dataset for recognizing 105 Filipino sign language videos\clips\clips\38\17.MOV,COLD,243,92,87,82,0.378601,0.358025,0.337449,0.751795,1.099141,0.008261,0.013404,RIGHT,0.378601,0.683984,AMBIGUOUS
C:\BSIT 3RD YEAR\New VovGest\FSL-105 A dataset for recognizing 105 Filipino sign language videos\FSL-105 A dataset for recognizing 105 Filipino sign language videos\clips\clips\38\18.MOV,GREEN,243,83,80,71,0.341564,0.329218,0.292181,0.830235,1.069167,0.01025,0.014448,RIGHT,0.341564,0.776525,AMBIGUOUS
C:\BSIT 3RD YEAR\New VovGest\FSL-105 A dataset for recognizing 105 Filipino sign language videos\FSL-105 A dataset for recognizing 105 Filipino sign language videos\clips\clips\38\19.MOV,IM FINE,243,77,80,71,0.316872,0.329218,0.292181,0.684816,1.554754,0.009254,0.02073,RIGHT,0.316872,0.440466,AMBIGUOUS
C:\BSIT 3RD YEAR\New VovGest\FSL-105 A dataset for recognizing 105 Filipino sign language videos\FSL-105 A dataset for recognizing 105 Filipino sign language videos\clips\clips\38\2.MOV,JUNE,243,78,78,67,0.320988,0.320988,0.27572,0.641273,0.948261,0.008328,0.013356,RIGHT,0.320988,0.676262,AMBIGUOUS
C:\BSIT 3RD YEAR\New VovGest\FSL-105 A dataset for recognizing 105 Filipino sign language videos\FSL-105 A dataset for recognizing 105 Filipino sign language videos\clips\clips\38\3.MOV,FATHER,243,74,79,72,0.304527,0.325103,0.296296,0.734965,1.185117,0.010068,0.015594,RIGHT,0.304527,0.620162,AMBIGUOUS
C:\BSIT 3RD YEAR\New VovGest\FSL-105 A dataset for recognizing 105 Filipino sign language videos\FSL-105 A dataset for recognizing 105 Filipino sign language videos\clips\clips\38\4.MOV,MOTHER,243,78,81,73,0.320988,0.333333,0.300412,0.741727,1.154023,0.009633,0.015387,RIGHT,0.320988,0.642732,AMBIGUOUS
C:\BSIT 3RD YEAR\New VovGest\FSL-105 A dataset for recognizing 105 Filipino sign language videos\FSL-105 A dataset for recognizing 105 Filipino sign language videos\clips\clips\38\5.MOV,UNDERSTAND,243,81,91,81,0.333333,0.374486,0.333333,0.747614,1.48486,0.009345,0.016498,RIGHT,0.333333,0.503491,AMBIGUOUS
C:\BSIT 3RD YEAR\New VovGest\FSL-105 A dataset for recognizing 105 Filipino sign language videos\FSL-105 A dataset for recognizing 105 Filipino sign language videos\clips\clips\38\6.MOV,SUGAR,243,88,93,85,0.36214,0.382716,0.349794,0.757581,1.153173,0.008913,0.012957,RIGHT,0.36214,0.656953,AMBIGUOUS
C:\BSIT 3RD YEAR\New VovGest\FSL-105 A dataset for recognizing 105 Filipino sign language videos\FSL-105 A dataset for recognizing 105 Filipino sign language videos\clips\clips\38\7.MOV,SUNDAY,243,83,90,83,0.341564,0.37037,0.341564,0.648778,1.394587,0.008212,0.01567,RIGHT,0.341564,0.465212,AMBIGUOUS
C:\BSIT 3RD YEAR\New VovGest\FSL-105 A dataset for recognizing 105 Filipino sign language videos\FSL-105 A dataset for recognizing 105 Filipino sign language videos\clips\clips\38\8.MOV,MONDAY,243,87,93,84,0.358025,0.382716,0.345679,0.901906,1.289193,0.010487,0.014485,RIGHT,0.358025,0.69959,AMBIGUOUS
C:\BSIT 3RD YEAR\New VovGest\FSL-105 A dataset for recognizing 105 Filipino sign language videos\FSL-105 A dataset for recognizing 105 Filipino sign language videos\clips\clips\38\9.MOV,COUSIN,243,78,83,74,0.320988,0.341564,0.304527,0.785379,1.478648,0.010334,0.018957,RIGHT,0.320988,0.531147,AMBIGUOUS
C:\BSIT 3RD YEAR\New VovGest\FSL-105 A dataset for recognizing 105 Filipino sign language videos\FSL-105 A dataset for recognizing 105 Filipino sign language videos\clips\clips\39\0.MOV,DEAF BLIND,243,90,88,82,0.37037,0.36214,0.337449,0.709614,0.927835,0.008064,0.011046,RIGHT,0.37037,0.764806,AMBIGUOUS
C:\BSIT 3RD YEAR\New VovGest\FSL-105 A dataset for recognizing 105 Filipino sign language videos\FSL-105 A dataset for recognizing 105 Filipino sign language videos\clips\clips\39\1.MOV,FEBRUARY,243,68,51,46,0.279835,0.209877,0.1893,0.743689,0.796247,0.0111,0.01731,RIGHT,0.279835,0.933993,AMBIGUOUS
C:\BSIT 3RD YEAR\New VovGest\FSL-105 A dataset for recognizing 105 Filipino sign language videos\FSL-105 A dataset for recognizing 105 Filipino sign language videos\clips\clips\39\10.MOV,YESTERDAY,243,86,96,86,0.353909,0.395062,0.353909,0.510649,1.052865,0.006008,0.011083,RIGHT,0.353909,0.485009,TWO_HANDED
C:\BSIT 3RD YEAR\New VovGest\FSL-105 A dataset for recognizing 105 Filipino sign language videos\FSL-105 A dataset for recognizing 105 Filipino sign language videos\clips\clips\39\11.MOV,DON’T KNOW,243,77,87,77,0.316872,0.358025,0.316872,0.442503,0.984377,0.005822,0.011581,RIGHT,0.316872,0.449526,AMBIGUOUS
C:\BSIT 3RD YEAR\New VovGest\FSL-105 A dataset for recognizing 105 Filipino sign language videos\FSL-105 A dataset for recognizing 105 Filipino sign language videos\clips\clips\39\12.MOV,WEDNESDAY,243,67,77,67,0.27572,0.316872,0.27572,0.440681,0.949401,0.006677,0.012492,RIGHT,0.27572,0.464167,AMBIGUOUS
C:\BSIT 3RD YEAR\New VovGest\FSL-105 A dataset for recognizing 105 Filipino sign language videos\FSL-105 A dataset for recognizing 105 Filipino sign language videos\clips\clips\39\13.MOV,UNDERSTAND,243,69,74,69,0.283951,0.304527,0.283951,0.482073,0.924707,0.007195,0.012667,RIGHT,0.283951,0.521325,AMBIGUOUS
C:\BSIT 3RD YEAR\New VovGest\FSL-105 A dataset for recognizing 105 Filipino sign language videos\FSL-105 A dataset for recognizing 105 Filipino sign language videos\clips\clips\39\14.MOV,HARD OF HEARING,243,64,74,64,0.263374,0.304527,0.263374,0.388349,0.881522,0.006164,0.012243,RIGHT,0.263374,0.440544,AMBIGUOUS
C:\BSIT 3RD YEAR\New VovGest\FSL-105 A dataset for recognizing 105 Filipino sign language videos\FSL-105 A dataset for recognizing 105 Filipino sign language videos\clips\clips\39\15.MOV,NOVEMBER,243,77,87,77,0.316872,0.358025,0.316872,0.845328,1.12111,0.011271,0.013036,RIGHT,0.316872,0.75401,AMBIGUOUS
C:\BSIT 3RD YEAR\New VovGest\FSL-105 A dataset for recognizing 105 Filipino sign language videos\FSL-105 A dataset for recognizing 105 Filipino sign language videos\clips\clips\39\16.MOV,BLIND,243,76,87,76,0.312757,0.358025,0.312757,0.722887,1.176899,0.009769,0.013685,RIGHT,0.312757,0.61423,AMBIGUOUS
C:\BSIT 3RD YEAR\New VovGest\FSL-105 A dataset for recognizing 105 Filipino sign language videos\FSL-105 A dataset for recognizing 105 Filipino sign language videos\clips\clips\39\17.MOV,COLD,243,86,92,84,0.353909,0.378601,0.345679,0.72067,1.160018,0.008579,0.012747,RIGHT,0.353909,0.621258,AMBIGUOUS
C:\BSIT 3RD YEAR\New VovGest\FSL-105 A dataset for recognizing 105 Filipino sign language videos\FSL-105 A dataset for recognizing 105 Filipino sign language videos\clips\clips\39\18.MOV,GREEN,243,84,92,84,0.345679,0.378601,0.345679,0.830197,1.08004,0.010249,0.011869,RIGHT,0.345679,0.768672,AMBIGUOUS
C:\BSIT 3RD YEAR\New VovGest\FSL-105 A dataset for recognizing 105 Filipino sign language videos\FSL-105 A dataset for recognizing 105 Filipino sign language videos\clips\clips\39\19.MOV,IM FINE,243,82,91,82,0.337449,0.374486,0.337449,0.657278,1.178464,0.00832,0.013094,RIGHT,0.337449,0.557741,AMBIGUOUS
C:\BSIT 3RD YEAR\New VovGest\FSL-105 A dataset for recognizing 105 Filipino sign language videos\FSL-105 A dataset for recognizing 105 Filipino sign language videos\clips\clips\39\2.MOV,JUNE,243,69,68,66,0.283951,0.279835,0.271605,0.84791,0.818651,0.012469,0.012595,LEFT,0.279835,0.965493,AMBIGUOUS
C:\BSIT 3RD YEAR\New VovGest\FSL-105 A dataset for recognizing 105 Filipino sign language videos\FSL-105 A dataset for recognizing 105 Filipino sign language videos\clips\clips\39\3.MOV,FATHER,243,70,69,65,0.288066,0.283951,0.26749,1.117448,0.830002,0.016195,0.012969,LEFT,0.283951,0.742766,AMBIGUOUS
