signer,batch,label,source_folder,source_path,dest_path,status,shape,error
ANASTACIA,DIRECT,EAT,C:\BSIT 3RD YEAR\New VovGest\external_datasets\team_incoming_recorded_features\ANASTACIA\recorded_features\fullsign225_manual5_team_features,C:\BSIT 3RD YEAR\New VovGest\external_datasets\team_incoming_recorded_features\ANASTACIA\recorded_features\fullsign225_manual5_team_features\EAT\ANASTACIA_EAT_001.npy,C:\BSIT 3RD YEAR\New VovGest\external_datasets\fullsign225_manual5_team_features_v2\EAT\ANASTACIA_DIRECT_EAT_001_A33EA1BF.npy,copied,"(30, 225)",
ANASTACIA,DIRECT,EAT,C:\BSIT 3RD YEAR\New VovGest\external_datasets\team_incoming_recorded_features\ANASTACIA\recorded_features\fullsign225_manual5_team_features,C:\BSIT 3RD YEAR\New VovGest\external_datasets\team_incoming_recorded_features\ANASTACIA\recorded_features\fullsign225_manual5_team_features\EAT\ANASTACIA_EAT_002.npy,C:\BSIT 3RD YEAR\New VovGest\external_datasets\fullsign225_manual5_team_features_v2\EAT\ANASTACIA_DIRECT_EAT_002_BBA15904.npy,copied,"(30, 225)",
ANASTACIA,DIRECT,EAT,C:\BSIT 3RD YEAR\New VovGest\external_datasets\team_incoming_recorded_features\ANASTACIA\recorded_features\fullsign225_manual5_team_features,C:\BSIT 3RD YEAR\New VovGest\external_datasets\team_incoming_recorded_features\ANASTACIA\recorded_features\fullsign225_manual5_team_features\EAT\ANASTACIA_EAT_003.npy,C:\BSIT 3RD YEAR\New VovGest\external_datasets\fullsign225_manual5_team_features_v2\EAT\ANASTACIA_DIRECT_EAT_003_CAB33821.npy,copied,"(30, 225)",
ANASTACIA,DIRECT,EAT,C:\BSIT 3RD YEAR\New VovGest\external_datasets\team_incoming_recorded_features\ANASTACIA\recorded_features\fullsign225_manual5_team_features,C:\BSIT 3RD YEAR\New VovGest\external_datasets\team_incoming_recorded_features\ANASTACIA\recorded_features\fullsign225_manual5_team_features\EAT\ANASTACIA_EAT_004.npy,C:\BSIT 3RD YEAR\New VovGest\external_datasets\fullsign225_manual5_team_features_v2\EAT\ANASTACIA_DIRECT_EAT_004_6512918D.npy,copied,"(30, 225)",
ANASTACIA,DIRECT,EAT,C:\BSIT 3RD YEAR\New VovGest\external_datasets\team_incoming_recorded_features\ANASTACIA\recorded_features\fullsign225_manual5_team_features,C:\BSIT 3RD YEAR\New VovGest\external_datasets\team_incoming_recorded_features\ANASTACIA\recorded_features\fullsign225_manual5_team_features\EAT\ANASTACIA_EAT_005.npy,C:\BSIT 3RD YEAR\New VovGest\external_datasets\fullsign225_manual5_team_features_v2\EAT\ANASTACIA_DIRECT_EAT_005_395C09F2.npy,copied,"(30, 225)",
ANASTACIA,DIRECT,EAT,C:\BSIT 3RD YEAR\New VovGest\external_datasets\team_incoming_recorded_features\ANASTACIA\recorded_features\fullsign225_manual5_team_features,C:\BSIT 3RD YEAR\New VovGest\external_datasets\team_incoming_recorded_features\ANASTACIA\recorded_features\fullsign225_manual5_team_features\EAT\ANASTACIA_EAT_006.npy,C:\BSIT 3RD YEAR\New VovGest\external_datasets\fullsign225_manual5_team_features_v2\EAT\ANASTACIA_DIRECT_EAT_006_C142EB97.npy,copied,"(30, 225)",
ANASTACIA,DIRECT,EAT,C:\BSIT 3RD YEAR\New VovGest\external_datasets\team_incoming_recorded_features\ANASTACIA\recorded_features\fullsign225_manual5_team_features,C:\BSIT 3RD YEAR\New VovGest\external_datasets\team_incoming_recorded_features\ANASTACIA\recorded_features\fullsign225_manual5_team_features\EAT\ANASTACIA_EAT_007.npy,C:\BSIT 3RD YEAR\New VovGest\external_datasets\fullsign225_manual5_team_features_v2\EAT\ANASTACIA_DIRECT_EAT_007_CD742E49.npy,copied,"(30, 225)",
ANASTACIA,DIRECT,EAT,C:\BSIT 3RD YEAR\New VovGest\external_datasets\team_incoming_recorded_features\ANASTACIA\recorded_features\fullsign225_manual5_team_features,C:\BSIT 3RD YEAR\New VovGest\external_datasets\team_incoming_recorded_features\ANASTACIA\recorded_features\fullsign225_manual5_team_features\EAT\ANASTACIA_EAT_008.npy,C:\BSIT 3RD YEAR\New VovGest\external_datasets\fullsign225_manual5_team_features_v2\EAT\ANASTACIA_DIRECT_EAT_008_754660CF.npy,copied,"(30, 225)",
ANASTACIA,DIRECT,EAT,C:\BSIT 3RD YEAR\New VovGest\external_datasets\team_incoming_recorded_features\ANASTACIA\recorded_features\fullsign225_manual5_team_features,C:\BSIT 3RD YEAR\New VovGest\external_datasets\team_incoming_recorded_features\ANASTACIA\recorded_features\fullsign225_manual5_team_features\EAT\ANASTACIA_EAT_009.npy,C:\BSIT 3RD YEAR\New VovGest\external_datasets\fullsign225_manual5_team_features_v2\EAT\ANASTACIA_DIRECT_EAT_009_998AB89D.npy,copied,"(30, 225)",
ANASTACIA,DIRECT,EAT,C:\BSIT 3RD YEAR\New VovGest\external_datasets\team_incoming_recorded_features\ANASTACIA\recorded_features\fullsign225_manual5_team_features,C:\BSIT 3RD YEAR\New VovGest\external_datasets\team_incoming_recorded_features\ANASTACIA\recorded_features\fullsign225_manual5_team_features\EAT\ANASTACIA_EAT_010.npy,C:\BSIT 3RD YEAR\New VovGest\external_datasets\fullsign225_manual5_team_features_v2\EAT\ANASTACIA_DIRECT_EAT_010_857E7965.npy,copied,"(30, 225)",
ANASTACIA,DIRECT,EAT,C:\BSIT 3RD YEAR\New VovGest\external_datasets\team_incoming_recorded_features\ANASTACIA\recorded_features\fullsign225_manual5_team_features,C:\BSIT 3RD YEAR\New VovGest\external_datasets\team_incoming_recorded_features\ANASTACIA\recorded_features\fullsign225_manual5_team_features\EAT\ANASTACIA_EAT_011.npy,C:\BSIT 3RD YEAR\New VovGest\external_datasets\fullsign225_manual5_team_features_v2\EAT\ANASTACIA_DIRECT_EAT_011_BC2F40B2.npy,copied,"(30, 225)",
ANASTACIA,DIRECT,EAT,C:\BSIT 3RD YEAR\New VovGest\external_datasets\team_incoming_recorded_features\ANASTACIA\recorded_features\fullsign225_manual5_team_features,C:\BSIT 3RD YEAR\New VovGest\external_datasets\team_incoming_recorded_features\ANASTACIA\recorded_features\fullsign225_manual5_team_features\EAT\ANASTACIA_EAT_012.npy,C:\BSIT 3RD YEAR\New VovGest\external_datasets\fullsign225_manual5_team_features_v2\EAT\ANASTACIA_DIRECT_EAT_012_E174D167.npy,copied,"(30, 225)",
ANASTACIA,DIRECT,EAT,C:\BSIT 3RD YEAR\New VovGest\external_datasets\team_incoming_recorded_features\ANASTACIA\recorded_features\fullsign225_manual5_team_features,C:\BSIT 3RD YEAR\New VovGest\external_datasets\team_incoming_recorded_features\ANASTACIA\recorded_features\fullsign225_manual5_team_features\EAT\ANASTACIA_EAT_013.npy,C:\BSIT 3RD YEAR\New VovGest\external_datasets\fullsign225_manual5_team_features_v2\EAT\ANASTACIA_DIRECT_EAT_013_4BB422ED.npy,copied,"(30, 225)",
ANASTACIA,DIRECT,EAT,C:\BSIT 3RD YEAR\New VovGest\external_datasets\team_incoming_recorded_features\ANASTACIA\recorded_features\fullsign225_manual5_team_features,C:\BSIT 3RD YEAR\New VovGest\external_datasets\team_incoming_recorded_features\ANASTACIA\recorded_features\fullsign225_manual5_team_features\EAT\ANASTACIA_EAT_014.npy,C:\BSIT 3RD YEAR\New VovGest\external_datasets\fullsign225_manual5_team_features_v2\EAT\ANASTACIA_DIRECT_EAT_014_94A018E2.npy,copied,"(30, 225)",
ANASTACIA,DIRECT,EAT,C:\BSIT 3RD YEAR\New VovGest\external_datasets\team_incoming_recorded_features\ANASTACIA\recorded_features\fullsign225_manual5_team_features,C:\BSIT 3RD YEAR\New VovGest\external_datasets\team_incoming_recorded_features\ANASTACIA\recorded_features\fullsign225_manual5_team_features\EAT\ANASTACIA_EAT_015.npy,C:\BSIT 3RD YEAR\New VovGest\external_datasets\fullsign225_manual5_team_features_v2\EAT\ANASTACIA_DIRECT_EAT_015_B07ADDC4.npy,copied,"(30, 225)",
ANASTACIA,DIRECT,EAT,C:\BSIT 3RD YEAR\New VovGest\external_datasets\team_incoming_recorded_features\ANASTACIA\recorded_features\fullsign225_manual5_team_features,C:\BSIT 3RD YEAR\New VovGest\external_datasets\team_incoming_recorded_features\ANASTACIA\recorded_features\fullsign225_manual5_team_features\EAT\ANASTACIA_EAT_016.npy,C:\BSIT 3RD YEAR\New VovGest\external_datasets\fullsign225_manual5_team_features_v2\EAT\ANASTACIA_DIRECT_EAT_016_04A599B4.npy,copied,"(30, 225)",
ANASTACIA,DIRECT,EAT,C:\BSIT 3RD YEAR\New VovGest\external_datasets\team_incoming_recorded_features\ANASTACIA\recorded_features\fullsign225_manual5_team_features,C:\BSIT 3RD YEAR\New VovGest\external_datasets\team_incoming_recorded_features\ANASTACIA\recorded_features\fullsign225_manual5_team_features\EAT\ANASTACIA_EAT_017.npy,C:\BSIT 3RD YEAR\New VovGest\external_datasets\fullsign225_manual5_team_features_v2\EAT\ANASTACIA_DIRECT_EAT_017_4569A3F3.npy,copied,"(30, 225)",
ANASTACIA,DIRECT,EAT,C:\BSIT 3RD YEAR\New VovGest\external_datasets\team_incoming_recorded_features\ANASTACIA\recorded_features\fullsign225_manual5_team_features,C:\BSIT 3RD YEAR\New VovGest\external_datasets\team_incoming_recorded_features\ANASTACIA\recorded_features\fullsign225_manual5_team_features\EAT\ANASTACIA_EAT_018.npy,C:\BSIT 3RD YEAR\New VovGest\external_datasets\fullsign225_manual5_team_features_v2\EAT\ANASTACIA_DIRECT_EAT_018_5C611AC6.npy,copied,"(30, 225)",
ANASTACIA,DIRECT,EAT,C:\BSIT 3RD YEAR\New VovGest\external_datasets\team_incoming_recorded_features\ANASTACIA\recorded_features\fullsign225_manual5_team_features,C:\BSIT 3RD YEAR\New VovGest\external_datasets\team_incoming_recorded_features\ANASTACIA\recorded_features\fullsign225_manual5_team_features\EAT\ANASTACIA_EAT_019.npy,C:\BSIT 3RD YEAR\New VovGest\external_datasets\fullsign225_manual5_team_features_v2\EAT\ANASTACIA_DIRECT_EAT_019_BE198B35.npy,copied,"(30, 225)",
ANASTACIA,DIRECT,EAT,C:\BSIT 3RD YEAR\New VovGest\external_datasets\team_incoming_recorded_features\ANASTACIA\recorded_features\fullsign225_manual5_team_features,C:\BSIT 3RD YEAR\New VovGest\external_datasets\team_incoming_recorded_features\ANASTACIA\recorded_features\fullsign225_manual5_team_features\EAT\ANASTACIA_EAT_020.npy,C:\BSIT 3RD YEAR\New VovGest\external_datasets\fullsign225_manual5_team_features_v2\EAT\ANASTACIA_DIRECT_EAT_020_700060E6.npy,copied,"(30, 225)",
ANASTACIA,DIRECT,EAT,C:\BSIT 3RD YEAR\New VovGest\external_datasets\team_incoming_recorded_features\ANASTACIA\recorded_features\fullsign225_manual5_team_features,C:\BSIT 3RD YEAR\New VovGest\external_datasets\team_incoming_recorded_features\ANASTACIA\recorded_features\fullsign225_manual5_team_features\EAT\ANASTACIA_EAT_021.npy,C:\BSIT 3RD YEAR\New VovGest\external_datasets\fullsign225_manual5_team_features_v2\EAT\ANASTACIA_DIRECT_EAT_021_A149BAB1.npy,copied,"(30, 225)",
ANASTACIA,DIRECT,EAT,C:\BSIT 3RD YEAR\New VovGest\external_datasets\team_incoming_recorded_features\ANASTACIA\recorded_features\fullsign225_manual5_team_features,C:\BSIT 3RD YEAR\New VovGest\external_datasets\team_incoming_recorded_features\ANASTACIA\recorded_features\fullsign225_manual5_team_features\EAT\ANASTACIA_EAT_022.npy,C:\BSIT 3RD YEAR\New VovGest\external_datasets\fullsign225_manual5_team_features_v2\EAT\ANASTACIA_DIRECT_EAT_022_264F726D.npy,copied,"(30, 225)",
ANASTACIA,DIRECT,EAT,C:\BSIT 3RD YEAR\New VovGest\external_datasets\team_incoming_recorded_features\ANASTACIA\recorded_features\fullsign225_manual5_team_features,C:\BSIT 3RD YEAR\New VovGest\external_datasets\team_incoming_recorded_features\ANASTACIA\recorded_features\fullsign225_manual5_team_features\EAT\ANASTACIA_EAT_023.npy,C:\BSIT 3RD YEAR\New VovGest\external_datasets\fullsign225_manual5_team_features_v2\EAT\ANASTACIA_DIRECT_EAT_023_7AB02ECA.npy,copied,"(30, 225)",
ANASTACIA,DIRECT,EAT,C:\BSIT 3RD YEAR\New VovGest\external_datasets\team_incoming_recorded_features\ANASTACIA\recorded_features\fullsign225_manual5_team_features,C:\BSIT 3RD YEAR\New VovGest\external_datasets\team_incoming_recorded_features\ANASTACIA\recorded_features\fullsign225_manual5_team_features\EAT\ANASTACIA_EAT_024.npy,C:\BSIT 3RD YEAR\New VovGest\external_datasets\fullsign225_manual5_team_features_v2\EAT\ANASTACIA_DIRECT_EAT_024_C682A82A.npy,copied,"(30, 225)",
ANASTACIA,DIRECT,EAT,C:\BSIT 3RD YEAR\New VovGest\external_datasets\team_incoming_recorded_features\ANASTACIA\recorded_features\fullsign225_manual5_team_features,C:\BSIT 3RD YEAR\New VovGest\external_datasets\team_incoming_recorded_features\ANASTACIA\recorded_features\fullsign225_manual5_team_features\EAT\ANASTACIA_EAT_025.npy,C:\BSIT 3RD YEAR\New VovGest\external_datasets\fullsign225_manual5_team_features_v2\EAT\ANASTACIA_DIRECT_EAT_025_7AC3F3B9.npy,copied,"(30, 225)",
ANASTACIA,DIRECT,EAT,C:\BSIT 3RD YEAR\New VovGest\external_datasets\team_incoming_recorded_features\ANASTACIA\recorded_features\fullsign225_manual5_team_features,C:\BSIT 3RD YEAR\New VovGest\external_datasets\team_incoming_recorded_features\ANASTACIA\recorded_features\fullsign225_manual5_team_features\EAT\ANASTACIA_EAT_026.npy,C:\BSIT 3RD YEAR\New VovGest\external_datasets\fullsign225_manual5_team_features_v2\EAT\ANASTACIA_DIRECT_EAT_026_B72CE8B2.npy,copied,"(30, 225)",
ANASTACIA,DIRECT,EAT,C:\BSIT 3RD YEAR\New VovGest\external_datasets\team_incoming_recorded_features\ANASTACIA\recorded_features\fullsign225_manual5_team_features,C:\BSIT 3RD YEAR\New VovGest\external_datasets\team_incoming_recorded_features\ANASTACIA\recorded_features\fullsign225_manual5_team_features\EAT\ANASTACIA_EAT_027.npy,C:\BSIT 3RD YEAR\New VovGest\external_datasets\fullsign225_manual5_team_features_v2\EAT\ANASTACIA_DIRECT_EAT_027_22779C98.npy,copied,"(30, 225)",
ANASTACIA,DIRECT,EAT,C:\BSIT 3RD YEAR\New VovGest\external_datasets\team_incoming_recorded_features\ANASTACIA\recorded_features\fullsign225_manual5_team_features,C:\BSIT 3RD YEAR\New VovGest\external_datasets\team_incoming_recorded_features\ANASTACIA\recorded_features\fullsign225_manual5_team_features\EAT\ANASTACIA_EAT_028.npy,C:\BSIT 3RD YEAR\New VovGest\external_datasets\fullsign225_manual5_team_features_v2\EAT\ANASTACIA_DIRECT_EAT_028_6EC6CCBF.npy,copied,"(30, 225)",
ANASTACIA,DIRECT,EAT,C:\BSIT 3RD YEAR\New VovGest\external_datasets\team_incoming_recorded_features\ANASTACIA\recorded_features\fullsign225_manual5_team_features,C:\BSIT 3RD YEAR\New VovGest\external_datasets\team_incoming_recorded_features\ANASTACIA\recorded_features\fullsign225_manual5_team_features\EAT\ANASTACIA_EAT_029.npy,C:\BSIT 3RD YEAR\New VovGest\external_datasets\fullsign225_manual5_team_features_v2\EAT\ANASTACIA_DIRECT_EAT_029_A5187EE1.npy,copied,"(30, 225)",
ANASTACIA,DIRECT,EAT,C:\BSIT 3RD YEAR\New VovGest\external_datasets\team_incoming_recorded_features\ANASTACIA\recorded_features\fullsign225_manual5_team_features,C:\BSIT 3RD YEAR\New VovGest\external_datasets\team_incoming_recorded_features\ANASTACIA\recorded_features\fullsign225_manual5_team_features\EAT\ANASTACIA_EAT_030.npy,C:\BSIT 3RD YEAR\New VovGest\external_datasets\fullsign225_manual5_team_features_v2\EAT\ANASTACIA_DIRECT_EAT_030_92A2CD4D.npy,copied,"(30, 225)",
ANASTACIA,DIRECT,EAT,C:\BSIT 3RD YEAR\New VovGest\external_datasets\team_incoming_recorded_features\ANASTACIA\recorded_features\fullsign225_manual5_team_features,C:\BSIT 3RD YEAR\New VovGest\external_datasets\team_incoming_recorded_features\ANASTACIA\recorded_features\fullsign225_manual5_team_features\EAT\TEAMMATE_A_EAT_001.npy,C:\BSIT 3RD YEAR\New VovGest\external_datasets\fullsign225_manual5_team_features_v2\EAT\ANASTACIA_DIRECT_EAT_031_CFCD240C.npy,copied,"(30, 225)",
ANASTACIA,DIRECT,HELLO,C:\BSIT 3RD YEAR\New VovGest\external_datasets\team_incoming_recorded_features\ANASTACIA\recorded_features\fullsign225_manual5_team_features,C:\BSIT 3RD YEAR\New VovGest\external_datasets\team_incoming_recorded_features\ANASTACIA\recorded_features\fullsign225_manual5_team_features\HELLO\ANASTACIA_HELLO_001.npy,C:\BSIT 3RD YEAR\New VovGest\external_datasets\fullsign225_manual5_team_features_v2\HELLO\ANASTACIA_DIRECT_HELLO_001_E60B6D22.npy,copied,"(30, 225)",
ANASTACIA,DIRECT,HELLO,C:\BSIT 3RD YEAR\New VovGest\external_datasets\team_incoming_recorded_features\ANASTACIA\recorded_features\fullsign225_manual5_team_features,C:\BSIT 3RD YEAR\New VovGest\external_datasets\team_incoming_recorded_features\ANASTACIA\recorded_features\fullsign225_manual5_team_features\HELLO\ANASTACIA_HELLO_002.npy,C:\BSIT 3RD YEAR\New VovGest\external_datasets\fullsign225_manual5_team_features_v2\HELLO\ANASTACIA_DIRECT_HELLO_002_957C5D35.npy,copied,"(30, 225)",
ANASTACIA,DIRECT,HELLO,C:\BSIT 3RD YEAR\New VovGest\external_datasets\team_incoming_recorded_features\ANASTACIA\recorded_features\fullsign225_manual5_team_features,C:\BSIT 3RD YEAR\New VovGest\external_datasets\team_incoming_recorded_features\ANASTACIA\recorded_features\fullsign225_manual5_team_features\HELLO\ANASTACIA_HELLO_003.npy,C:\BSIT 3RD YEAR\New VovGest\external_datasets\fullsign225_manual5_team_features_v2\HELLO\ANASTACIA_DIRECT_HELLO_003_CC6FB4FF.npy,copied,"(30, 225)",
ANASTACIA,DIRECT,HELLO,C:\BSIT 3RD YEAR\New VovGest\external_datasets\team_incoming_recorded_features\ANASTACIA\recorded_features\fullsign225_manual5_team_features,C:\BSIT 3RD YEAR\New VovGest\external_datasets\team_incoming_recorded_features\ANASTACIA\recorded_features\fullsign225_manual5_team_features\HELLO\ANASTACIA_HELLO_004.npy,C:\BSIT 3RD YEAR\New VovGest\external_datasets\fullsign225_manual5_team_features_v2\HELLO\ANASTACIA_DIRECT_HELLO_004_5869D955.npy,copied,"(30, 225)",
ANASTACIA,DIRECT,HELLO,C:\BSIT 3RD YEAR\New VovGest\external_datasets\team_incoming_recorded_features\ANASTACIA\recorded_features\fullsign225_manual5_team_features,C:\BSIT 3RD YEAR\New VovGest\external_datasets\team_incoming_recorded_features\ANASTACIA\recorded_features\fullsign225_manual5_team_features\HELLO\ANASTACIA_HELLO_005.npy,C:\BSIT 3RD YEAR\New VovGest\external_datasets\fullsign225_manual5_team_features_v2\HELLO\ANASTACIA_DIRECT_HELLO_005_898C3A8E.npy,copied,"(30, 225)",
ANASTACIA,DIRECT,HELLO,C:\BSIT 3RD YEAR\New VovGest\external_datasets\team_incoming_recorded_features\ANASTACIA\recorded_features\fullsign225_manual5_team_features,C:\BSIT 3RD YEAR\New VovGest\external_datasets\team_incoming_recorded_features\ANASTACIA\recorded_features\fullsign225_manual5_team_features\HELLO\ANASTACIA_HELLO_006.npy,C:\BSIT 3RD YEAR\New VovGest\external_datasets\fullsign225_manual5_team_features_v2\HELLO\ANASTACIA_DIRECT_HELLO_006_EC7D157F.npy,copied,"(30, 225)",
ANASTACIA,DIRECT,HELLO,C:\BSIT 3RD YEAR\New VovGest\external_datasets\team_incoming_recorded_features\ANASTACIA\recorded_features\fullsign225_manual5_team_features,C:\BSIT 3RD YEAR\New VovGest\external_datasets\team_incoming_recorded_features\ANASTACIA\recorded_features\fullsign225_manual5_team_features\HELLO\ANASTACIA_HELLO_007.npy,C:\BSIT 3RD YEAR\New VovGest\external_datasets\fullsign225_manual5_team_features_v2\HELLO\ANASTACIA_DIRECT_HELLO_007_37389E30.npy,copied,"(30, 225)",
ANASTACIA,DIRECT,HELLO,C:\BSIT 3RD YEAR\New VovGest\external_datasets\team_incoming_recorded_features\ANASTACIA\recorded_features\fullsign225_manual5_team_features,C:\BSIT 3RD YEAR\New VovGest\external_datasets\team_incoming_recorded_features\ANASTACIA\recorded_features\fullsign225_manual5_team_features\HELLO\ANASTACIA_HELLO_008.npy,C:\BSIT 3RD YEAR\New VovGest\external_datasets\fullsign225_manual5_team_features_v2\HELLO\ANASTACIA_DIRECT_HELLO_008_54259549.npy,copied,"(30, 225)",
ANASTACIA,DIRECT,HELLO,C:\BSIT 3RD YEAR\New VovGest\external_datasets\team_incoming_recorded_features\ANASTACIA\recorded_features\fullsign225_manual5_team_features,C:\BSIT 3RD YEAR\New VovGest\external_datasets\team_incoming_recorded_features\ANASTACIA\recorded_features\fullsign225_manual5_team_features\HELLO\ANASTACIA_HELLO_009.npy,C:\BSIT 3RD YEAR\New VovGest\external_datasets\fullsign225_manual5_team_features_v2\HELLO\ANASTACIA_DIRECT_HELLO_009_BDB42C61.npy,copied,"(30, 225)",
ANASTACIA,DIRECT,HELLO,C:\BSIT 3RD YEAR\New VovGest\external_datasets\team_incoming_recorded_features\ANASTACIA\recorded_features\fullsign225_manual5_team_features,C:\BSIT 3RD YEAR\New VovGest\external_datasets\team_incoming_recorded_features\ANASTACIA\recorded_features\fullsign225_manual5_team_features\HELLO\ANASTACIA_HELLO_010.npy,C:\BSIT 3RD YEAR\New VovGest\external_datasets\fullsign225_manual5_team_features_v2\HELLO\ANASTACIA_DIRECT_HELLO_010_2A519C2D.npy,copied,"(30, 225)",
ANASTACIA,DIRECT,HELLO,C:\BSIT 3RD YEAR\New VovGest\external_datasets\team_incoming_recorded_features\ANASTACIA\recorded_features\fullsign225_manual5_team_features,C:\BSIT 3RD YEAR\New VovGest\external_datasets\team_incoming_recorded_features\ANASTACIA\recorded_features\fullsign225_manual5_team_features\HELLO\ANASTACIA_HELLO_011.npy,C:\BSIT 3RD YEAR\New VovGest\external_datasets\fullsign225_manual5_team_features_v2\HELLO\ANASTACIA_DIRECT_HELLO_011_AF771407.npy,copied,"(30, 225)",
ANASTACIA,DIRECT,HELLO,C:\BSIT 3RD YEAR\New VovGest\external_datasets\team_incoming_recorded_features\ANASTACIA\recorded_features\fullsign225_manual5_team_features,C:\BSIT 3RD YEAR\New VovGest\external_datasets\team_incoming_recorded_features\ANASTACIA\recorded_features\fullsign225_manual5_team_features\HELLO\ANASTACIA_HELLO_012.npy,C:\BSIT 3RD YEAR\New VovGest\external_datasets\fullsign225_manual5_team_features_v2\HELLO\ANASTACIA_DIRECT_HELLO_012_34B2FF40.npy,copied,"(30, 225)",
ANASTACIA,DIRECT,HELLO,C:\BSIT 3RD YEAR\New VovGest\external_datasets\team_incoming_recorded_features\ANASTACIA\recorded_features\fullsign225_manual5_team_features,C:\BSIT 3RD YEAR\New VovGest\external_datasets\team_incoming_recorded_features\ANASTACIA\recorded_features\fullsign225_manual5_team_features\HELLO\ANASTACIA_HELLO_013.npy,C:\BSIT 3RD YEAR\New VovGest\external_datasets\fullsign225_manual5_team_features_v2\HELLO\ANASTACIA_DIRECT_HELLO_013_642D2B12.npy,copied,"(30, 225)",
ANASTACIA,DIRECT,HELLO,C:\BSIT 3RD YEAR\New VovGest\external_datasets\team_incoming_recorded_features\ANASTACIA\recorded_features\fullsign225_manual5_team_features,C:\BSIT 3RD YEAR\New VovGest\external_datasets\team_incoming_recorded_features\ANASTACIA\recorded_features\fullsign225_manual5_team_features\HELLO\ANASTACIA_HELLO_014.npy,C:\BSIT 3RD YEAR\New VovGest\external_datasets\fullsign225_manual5_team_features_v2\HELLO\ANASTACIA_DIRECT_HELLO_014_C58E04F0.npy,copied,"(30, 225)",
ANASTACIA,DIRECT,HELLO,C:\BSIT 3RD YEAR\New VovGest\external_datasets\team_incoming_recorded_features\ANASTACIA\recorded_features\fullsign225_manual5_team_features,C:\BSIT 3RD YEAR\New VovGest\external_datasets\team_incoming_recorded_features\ANASTACIA\recorded_features\fullsign225_manual5_team_features\HELLO\ANASTACIA_HELLO_015.npy,C:\BSIT 3RD YEAR\New VovGest\external_datasets\fullsign225_manual5_team_features_v2\HELLO\ANASTACIA_DIRECT_HELLO_015_1223F680.npy,copied,"(30, 225)",
ANASTACIA,DIRECT,HELLO,C:\BSIT 3RD YEAR\New VovGest\external_datasets\team_incoming_recorded_features\ANASTACIA\recorded_features\fullsign225_manual5_team_features,C:\BSIT 3RD YEAR\New VovGest\external_datasets\team_incoming_recorded_features\ANASTACIA\recorded_features\fullsign225_manual5_team_features\HELLO\ANASTACIA_HELLO_016.npy,C:\BSIT 3RD YEAR\New VovGest\external_datasets\fullsign225_manual5_team_features_v2\HELLO\ANASTACIA_DIRECT_HELLO_016_0870F111.npy,copied,"(30, 225)",
ANASTACIA,DIRECT,HELLO,C:\BSIT 3RD YEAR\New VovGest\external_datasets\team_incoming_recorded_features\ANASTACIA\recorded_features\fullsign225_manual5_team_features,C:\BSIT 3RD YEAR\New VovGest\external_datasets\team_incoming_recorded_features\ANASTACIA\recorded_features\fullsign225_manual5_team_features\HELLO\ANASTACIA_HELLO_017.npy,C:\BSIT 3RD YEAR\New VovGest\external_datasets\fullsign225_manual5_team_features_v2\HELLO\ANASTACIA_DIRECT_HELLO_017_8C2D3594.npy,copied,"(30, 225)",
ANASTACIA,DIRECT,HELLO,C:\BSIT 3RD YEAR\New VovGest\external_datasets\team_incoming_recorded_features\ANASTACIA\recorded_features\fullsign225_manual5_team_features,C:\BSIT 3RD YEAR\New VovGest\external_datasets\team_incoming_recorded_features\ANASTACIA\recorded_features\fullsign225_manual5_team_features\HELLO\ANASTACIA_HELLO_018.npy,C:\BSIT 3RD YEAR\New VovGest\external_datasets\fullsign225_manual5_team_features_v2\HELLO\ANASTACIA_DIRECT_HELLO_018_9084266E.npy,copied,"(30, 225)",
ANASTACIA,DIRECT,HELLO,C:\BSIT 3RD YEAR\New VovGest\external_datasets\team_incoming_recorded_features\ANASTACIA\recorded_features\fullsign225_manual5_team_features,C:\BSIT 3RD YEAR\New VovGest\external_datasets\team_incoming_recorded_features\ANASTACIA\recorded_features\fullsign225_manual5_team_features\HELLO\ANASTACIA_HELLO_019.npy,C:\BSIT 3RD YEAR\New VovGest\external_datasets\fullsign225_manual5_team_features_v2\HELLO\ANASTACIA_DIRECT_HELLO_019_B37F4B14.npy,copied,"(30, 225)",
ANASTACIA,DIRECT,HELLO,C:\BSIT 3RD YEAR\New VovGest\external_datasets\team_incoming_recorded_features\ANASTACIA\recorded_features\fullsign225_manual5_team_features,C:\BSIT 3RD YEAR\New VovGest\external_datasets\team_incoming_recorded_features\ANASTACIA\recorded_features\fullsign225_manual5_team_features\HELLO\ANASTACIA_HELLO_020.npy,C:\BSIT 3RD YEAR\New VovGest\external_datasets\fullsign225_manual5_team_features_v2\HELLO\ANASTACIA_DIRECT_HELLO_020_81CC5EC5.npy,copied,"(30, 225)",
ANASTACIA,DIRECT,HELLO,C:\BSIT 3RD YEAR\New VovGest\external_datasets\team_incoming_recorded_features\ANASTACIA\recorded_features\fullsign225_manual5_team_features,C:\BSIT 3RD YEAR\New VovGest\external_datasets\team_incoming_recorded_features\ANASTACIA\recorded_features\fullsign225_manual5_team_features\HELLO\ANASTACIA_HELLO_021.npy,C:\BSIT 3RD YEAR\New VovGest\external_datasets\fullsign225_manual5_team_features_v2\HELLO\ANASTACIA_DIRECT_HELLO_021_FAA45E59.npy,copied,"(30, 225)",
ANASTACIA,DIRECT,HELLO,C:\BSIT 3RD YEAR\New VovGest\external_datasets\team_incoming_recorded_features\ANASTACIA\recorded_features\fullsign225_manual5_team_features,C:\BSIT 3RD YEAR\New VovGest\external_datasets\team_incoming_recorded_features\ANASTACIA\recorded_features\fullsign225_manual5_team_features\HELLO\ANASTACIA_HELLO_022.npy,C:\BSIT 3RD YEAR\New VovGest\external_datasets\fullsign225_manual5_team_features_v2\HELLO\ANASTACIA_DIRECT_HELLO_022_02004160.npy,copied,"(30, 225)",
ANASTACIA,DIRECT,HELLO,C:\BSIT 3RD YEAR\New VovGest\external_datasets\team_incoming_recorded_features\ANASTACIA\recorded_features\fullsign225_manual5_team_features,C:\BSIT 3RD YEAR\New VovGest\external_datasets\team_incoming_recorded_features\ANASTACIA\recorded_features\fullsign225_manual5_team_features\HELLO\ANASTACIA_HELLO_023.npy,C:\BSIT 3RD YEAR\New VovGest\external_datasets\fullsign225_manual5_team_features_v2\HELLO\ANASTACIA_DIRECT_HELLO_023_2A3A732D.npy,copied,"(30, 225)",
ANASTACIA,DIRECT,HELLO,C:\BSIT 3RD YEAR\New VovGest\external_datasets\team_incoming_recorded_features\ANASTACIA\recorded_features\fullsign225_manual5_team_features,C:\BSIT 3RD YEAR\New VovGest\external_datasets\team_incoming_recorded_features\ANASTACIA\recorded_features\fullsign225_manual5_team_features\HELLO\ANASTACIA_HELLO_024.npy,C:\BSIT 3RD YEAR\New VovGest\external_datasets\fullsign225_manual5_team_features_v2\HELLO\ANASTACIA_DIRECT_HELLO_024_DC73B8ED.npy,copied,"(30, 225)",
ANASTACIA,DIRECT,HELLO,C:\BSIT 3RD YEAR\New VovGest\external_datasets\team_incoming_recorded_features\ANASTACIA\recorded_features\fullsign225_manual5_team_features,C:\BSIT 3RD YEAR\New VovGest\external_datasets\team_incoming_recorded_features\ANASTACIA\recorded_features\fullsign225_manual5_team_features\HELLO\ANASTACIA_HELLO_025.npy,C:\BSIT 3RD YEAR\New VovGest\external_datasets\fullsign225_manual5_team_features_v2\HELLO\ANASTACIA_DIRECT_HELLO_025_CBC311E2.npy,copied,"(30, 225)",
ANASTACIA,DIRECT,HELLO,C:\BSIT 3RD YEAR\New VovGest\external_datasets\team_incoming_recorded_features\ANASTACIA\recorded_features\fullsign225_manual5_team_features,C:\BSIT 3RD YEAR\New VovGest\external_datasets\team_incoming_recorded_features\ANASTACIA\recorded_features\fullsign225_manual5_team_features\HELLO\ANASTACIA_HELLO_026.npy,C:\BSIT 3RD YEAR\New VovGest\external_datasets\fullsign225_manual5_team_features_v2\HELLO\ANASTACIA_DIRECT_HELLO_026_C5009A15.npy,copied,"(30, 225)",
ANASTACIA,DIRECT,HELLO,C:\BSIT 3RD YEAR\New VovGest\external_datasets\team_incoming_recorded_features\ANASTACIA\recorded_features\fullsign225_manual5_team_features,C:\BSIT 3RD YEAR\New VovGest\external_datasets\team_incoming_recorded_features\ANASTACIA\recorded_features\fullsign225_manual5_team_features\HELLO\ANASTACIA_HELLO_027.npy,C:\BSIT 3RD YEAR\New VovGest\external_datasets\fullsign225_manual5_team_features_v2\HELLO\ANASTACIA_DIRECT_HELLO_027_FF23DA52.npy,copied,"(30, 225)",
ANASTACIA,DIRECT,HELLO,C:\BSIT 3RD YEAR\New VovGest\external_datasets\team_incoming_recorded_features\ANASTACIA\recorded_features\fullsign225_manual5_team_features,C:\BSIT 3RD YEAR\New VovGest\external_datasets\team_incoming_recorded_features\ANASTACIA\recorded_features\fullsign225_manual5_team_features\HELLO\ANASTACIA_HELLO_028.npy,C:\BSIT 3RD YEAR\New VovGest\external_datasets\fullsign225_manual5_team_features_v2\HELLO\ANASTACIA_DIRECT_HELLO_028_56361B7A.npy,copied,"(30, 225)",
ANASTACIA,DIRECT,HELLO,C:\BSIT 3RD YEAR\New VovGest\external_datasets\team_incoming_recorded_features\ANASTACIA\recorded_features\fullsign225_manual5_team_features,C:\BSIT 3RD YEAR\New VovGest\external_datasets\team_incoming_recorded_features\ANASTACIA\recorded_features\fullsign225_manual5_team_features\HELLO\ANASTACIA_HELLO_029.npy,C:\BSIT 3RD YEAR\New VovGest\external_datasets\fullsign225_manual5_team_features_v2\HELLO\ANASTACIA_DIRECT_HELLO_029_6B2EAEA0.npy,copied,"(30, 225)",
ANASTACIA,DIRECT,HELLO,C:\BSIT 3RD YEAR\New VovGest\external_datasets\team_incoming_recorded_features\ANASTACIA\recorded_features\fullsign225_manual5_team_features,C:\BSIT 3RD YEAR\New VovGest\external_datasets\team_incoming_recorded_features\ANASTACIA\recorded_features\fullsign225_manual5_team_features\HELLO\ANASTACIA_HELLO_030.npy,C:\BSIT 3RD YEAR\New VovGest\external_datasets\fullsign225_manual5_team_features_v2\HELLO\ANASTACIA_DIRECT_HELLO_030_087F83BC.npy,copied,"(30, 225)",
ANASTACIA,DIRECT,NOTHING,C:\BSIT 3RD YEAR\New VovGest\external_datasets\team_incoming_recorded_features\ANASTACIA\recorded_features\fullsign225_manual5_team_features,C:\BSIT 3RD YEAR\New VovGest\external_datasets\team_incoming_recorded_features\ANASTACIA\recorded_features\fullsign225_manual5_team_features\NOTHING\ANASTACIA_NOTHING_001.npy,C:\BSIT 3RD YEAR\New VovGest\external_datasets\fullsign225_manual5_team_features_v2\NOTHING\ANASTACIA_DIRECT_NOTHING_001_BB894999.npy,copied,"(30, 225)",
ANASTACIA,DIRECT,NOTHING,C:\BSIT 3RD YEAR\New VovGest\external_datasets\team_incoming_recorded_features\ANASTACIA\recorded_features\fullsign225_manual5_team_features,C:\BSIT 3RD YEAR\New VovGest\external_datasets\team_incoming_recorded_features\ANASTACIA\recorded_features\fullsign225_manual5_team_features\NOTHING\ANASTACIA_NOTHING_002.npy,C:\BSIT 3RD YEAR\New VovGest\external_datasets\fullsign225_manual5_team_features_v2\NOTHING\ANASTACIA_DIRECT_NOTHING_002_A72A9482.npy,copied,"(30, 225)",
ANASTACIA,DIRECT,NOTHING,C:\BSIT 3RD YEAR\New VovGest\external_datasets\team_incoming_recorded_features\ANASTACIA\recorded_features\fullsign225_manual5_team_features,C:\BSIT 3RD YEAR\New VovGest\external_datasets\team_incoming_recorded_features\ANASTACIA\recorded_features\fullsign225_manual5_team_features\NOTHING\ANASTACIA_NOTHING_003.npy,C:\BSIT 3RD YEAR\New VovGest\external_datasets\fullsign225_manual5_team_features_v2\NOTHING\ANASTACIA_DIRECT_NOTHING_003_62DC72E0.npy,copied,"(30, 225)",
ANASTACIA,DIRECT,NOTHING,C:\BSIT 3RD YEAR\New VovGest\external_datasets\team_incoming_recorded_features\ANASTACIA\recorded_features\fullsign225_manual5_team_features,C:\BSIT 3RD YEAR\New VovGest\external_datasets\team_incoming_recorded_features\ANASTACIA\recorded_features\fullsign225_manual5_team_features\NOTHING\ANASTACIA_NOTHING_004.npy,C:\BSIT 3RD YEAR\New VovGest\external_datasets\fullsign225_manual5_team_features_v2\NOTHING\ANASTACIA_DIRECT_NOTHING_004_DBAD06F2.npy,copied,"(30, 225)",
ANASTACIA,DIRECT,NOTHING,C:\BSIT 3RD YEAR\New VovGest\external_datasets\team_incoming_recorded_features\ANASTACIA\recorded_features\fullsign225_manual5_team_features,C:\BSIT 3RD YEAR\New VovGest\external_datasets\team_incoming_recorded_features\ANASTACIA\recorded_features\fullsign225_manual5_team_features\NOTHING\ANASTACIA_NOTHING_005.npy,C:\BSIT 3RD YEAR\New VovGest\external_datasets\fullsign225_manual5_team_features_v2\NOTHING\ANASTACIA_DIRECT_NOTHING_005_BA5EC53E.npy,copied,"(30, 225)",
ANASTACIA,DIRECT,NOTHING,C:\BSIT 3RD YEAR\New VovGest\external_datasets\team_incoming_recorded_features\ANASTACIA\recorded_features\fullsign225_manual5_team_features,C:\BSIT 3RD YEAR\New VovGest\external_datasets\team_incoming_recorded_features\ANASTACIA\recorded_features\fullsign225_manual5_team_features\NOTHING\ANASTACIA_NOTHING_006.npy,C:\BSIT 3RD YEAR\New VovGest\external_datasets\fullsign225_manual5_team_features_v2\NOTHING\ANASTACIA_DIRECT_NOTHING_006_6323F909.npy,copied,"(30, 225)",
ANASTACIA,DIRECT,NOTHING,C:\BSIT 3RD YEAR\New VovGest\external_datasets\team_incoming_recorded_features\ANASTACIA\recorded_features\fullsign225_manual5_team_features,C:\BSIT 3RD YEAR\New VovGest\external_datasets\team_incoming_recorded_features\ANASTACIA\recorded_features\fullsign225_manual5_team_features\NOTHING\ANASTACIA_NOTHING_007.npy,C:\BSIT 3RD YEAR\New VovGest\external_datasets\fullsign225_manual5_team_features_v2\NOTHING\ANASTACIA_DIRECT_NOTHING_007_FFB81F96.npy,copied,"(30, 225)",
ANASTACIA,DIRECT,NOTHING,C:\BSIT 3RD YEAR\New VovGest\external_datasets\team_incoming_recorded_features\ANASTACIA\recorded_features\fullsign225_manual5_team_features,C:\BSIT 3RD YEAR\New VovGest\external_datasets\team_incoming_recorded_features\ANASTACIA\recorded_features\fullsign225_manual5_team_features\NOTHING\ANASTACIA_NOTHING_008.npy,C:\BSIT 3RD YEAR\New VovGest\external_datasets\fullsign225_manual5_team_features_v2\NOTHING\ANASTACIA_DIRECT_NOTHING_008_990AE2FF.npy,copied,"(30, 225)",
ANASTACIA,DIRECT,NOTHING,C:\BSIT 3RD YEAR\New VovGest\external_datasets\team_incoming_recorded_features\ANASTACIA\recorded_features\fullsign225_manual5_team_features,C:\BSIT 3RD YEAR\New VovGest\external_datasets\team_incoming_recorded_features\ANASTACIA\recorded_features\fullsign225_manual5_team_features\NOTHING\ANASTACIA_NOTHING_009.npy,C:\BSIT 3RD YEAR\New VovGest\external_datasets\fullsign225_manual5_team_features_v2\NOTHING\ANASTACIA_DIRECT_NOTHING_009_2591D01A.npy,copied,"(30, 225)",
ANASTACIA,DIRECT,NOTHING,C:\BSIT 3RD YEAR\New VovGest\external_datasets\team_incoming_recorded_features\ANASTACIA\recorded_features\fullsign225_manual5_team_features,C:\BSIT 3RD YEAR\New VovGest\external_datasets\team_incoming_recorded_features\ANASTACIA\recorded_features\fullsign225_manual5_team_features\NOTHING\ANASTACIA_NOTHING_010.npy,C:\BSIT 3RD YEAR\New VovGest\external_datasets\fullsign225_manual5_team_features_v2\NOTHING\ANASTACIA_DIRECT_NOTHING_010_CF136DB5.npy,copied,"(30, 225)",
ANASTACIA,DIRECT,NOTHING,C:\BSIT 3RD YEAR\New VovGest\external_datasets\team_incoming_recorded_features\ANASTACIA\recorded_features\fullsign225_manual5_team_features,C:\BSIT 3RD YEAR\New VovGest\external_datasets\team_incoming_recorded_features\ANASTACIA\recorded_features\fullsign225_manual5_team_features\NOTHING\ANASTACIA_NOTHING_011.npy,C:\BSIT 3RD YEAR\New VovGest\external_datasets\fullsign225_manual5_team_features_v2\NOTHING\ANASTACIA_DIRECT_NOTHING_011_4E96E52D.npy,copied,"(30, 225)",
ANASTACIA,DIRECT,NOTHING,C:\BSIT 3RD YEAR\New VovGest\external_datasets\team_incoming_recorded_features\ANASTACIA\recorded_features\fullsign225_manual5_team_features,C:\BSIT 3RD YEAR\New VovGest\external_datasets\team_incoming_recorded_features\ANASTACIA\recorded_features\fullsign225_manual5_team_features\NOTHING\ANASTACIA_NOTHING_012.npy,C:\BSIT 3RD YEAR\New VovGest\external_datasets\fullsign225_manual5_team_features_v2\NOTHING\ANASTACIA_DIRECT_NOTHING_012_9FAF4C85.npy,copied,"(30, 225)",
ANASTACIA,DIRECT,NOTHING,C:\BSIT 3RD YEAR\New VovGest\external_datasets\team_incoming_recorded_features\ANASTACIA\recorded_features\fullsign225_manual5_team_features,C:\BSIT 3RD YEAR\New VovGest\external_datasets\team_incoming_recorded_features\ANASTACIA\recorded_features\fullsign225_manual5_team_features\NOTHING\ANASTACIA_NOTHING_013.npy,C:\BSIT 3RD YEAR\New VovGest\external_datasets\fullsign225_manual5_team_features_v2\NOTHING\ANASTACIA_DIRECT_NOTHING_013_7C313F78.npy,copied,"(30, 225)",
ANASTACIA,DIRECT,NOTHING,C:\BSIT 3RD YEAR\New VovGest\external_datasets\team_incoming_recorded_features\ANASTACIA\recorded_features\fullsign225_manual5_team_features,C:\BSIT 3RD YEAR\New VovGest\external_datasets\team_incoming_recorded_features\ANASTACIA\recorded_features\fullsign225_manual5_team_features\NOTHING\ANASTACIA_NOTHING_014.npy,C:\BSIT 3RD YEAR\New VovGest\external_datasets\fullsign225_manual5_team_features_v2\NOTHING\ANASTACIA_DIRECT_NOTHING_014_36C5CB4B.npy,copied,"(30, 225)",
ANASTACIA,DIRECT,NOTHING,C:\BSIT 3RD YEAR\New VovGest\external_datasets\team_incoming_recorded_features\ANASTACIA\recorded_features\fullsign225_manual5_team_features,C:\BSIT 3RD YEAR\New VovGest\external_datasets\team_incoming_recorded_features\ANASTACIA\recorded_features\fullsign225_manual5_team_features\NOTHING\ANASTACIA_NOTHING_015.npy,C:\BSIT 3RD YEAR\New VovGest\external_datasets\fullsign225_manual5_team_features_v2\NOTHING\ANASTACIA_DIRECT_NOTHING_015_11207CB8.npy,copied,"(30, 225)",
ANASTACIA,DIRECT,NOTHING,C:\BSIT 3RD YEAR\New VovGest\external_datasets\team_incoming_recorded_features\ANASTACIA\recorded_features\fullsign225_manual5_team_features,C:\BSIT 3RD YEAR\New VovGest\external_datasets\team_incoming_recorded_features\ANASTACIA\recorded_features\fullsign225_manual5_team_features\NOTHING\ANASTACIA_NOTHING_016.npy,C:\BSIT 3RD YEAR\New VovGest\external_datasets\fullsign225_manual5_team_features_v2\NOTHING\ANASTACIA_DIRECT_NOTHING_016_B0470F2F.npy,copied,"(30, 225)",
ANASTACIA,DIRECT,NOTHING,C:\BSIT 3RD YEAR\New VovGest\external_datasets\team_incoming_recorded_features\ANASTACIA\recorded_features\fullsign225_manual5_team_features,C:\BSIT 3RD YEAR\New VovGest\external_datasets\team_incoming_recorded_features\ANASTACIA\recorded_features\fullsign225_manual5_team_features\NOTHING\ANASTACIA_NOTHING_017.npy,C:\BSIT 3RD YEAR\New VovGest\external_datasets\fullsign225_manual5_team_features_v2\NOTHING\ANASTACIA_DIRECT_NOTHING_017_D2769476.npy,copied,"(30, 225)",
ANASTACIA,DIRECT,NOTHING,C:\BSIT 3RD YEAR\New VovGest\external_datasets\team_incoming_recorded_features\ANASTACIA\recorded_features\fullsign225_manual5_team_features,C:\BSIT 3RD YEAR\New VovGest\external_datasets\team_incoming_recorded_features\ANASTACIA\recorded_features\fullsign225_manual5_team_features\NOTHING\ANASTACIA_NOTHING_018.npy,C:\BSIT 3RD YEAR\New VovGest\external_datasets\fullsign225_manual5_team_features_v2\NOTHING\ANASTACIA_DIRECT_NOTHING_018_0A744BE8.npy,copied,"(30, 225)",
ANASTACIA,DIRECT,NOTHING,C:\BSIT 3RD YEAR\New VovGest\external_datasets\team_incoming_recorded_features\ANASTACIA\recorded_features\fullsign225_manual5_team_features,C:\BSIT 3RD YEAR\New VovGest\external_datasets\team_incoming_recorded_features\ANASTACIA\recorded_features\fullsign225_manual5_team_features\NOTHING\ANASTACIA_NOTHING_019.npy,C:\BSIT 3RD YEAR\New VovGest\external_datasets\fullsign225_manual5_team_features_v2\NOTHING\ANASTACIA_DIRECT_NOTHING_019_DA53B30F.npy,copied,"(30, 225)",
ANASTACIA,DIRECT,NOTHING,C:\BSIT 3RD YEAR\New VovGest\external_datasets\team_incoming_recorded_features\ANASTACIA\recorded_features\fullsign225_manual5_team_features,C:\BSIT 3RD YEAR\New VovGest\external_datasets\team_incoming_recorded_features\ANASTACIA\recorded_features\fullsign225_manual5_team_features\NOTHING\ANASTACIA_NOTHING_020.npy,C:\BSIT 3RD YEAR\New VovGest\external_datasets\fullsign225_manual5_team_features_v2\NOTHING\ANASTACIA_DIRECT_NOTHING_020_609E1102.npy,copied,"(30, 225)",
ANASTACIA,DIRECT,NOTHING,C:\BSIT 3RD YEAR\New VovGest\external_datasets\team_incoming_recorded_features\ANASTACIA\recorded_features\fullsign225_manual5_team_features,C:\BSIT 3RD YEAR\New VovGest\external_datasets\team_incoming_recorded_features\ANASTACIA\recorded_features\fullsign225_manual5_team_features\NOTHING\ANASTACIA_NOTHING_021.npy,C:\BSIT 3RD YEAR\New VovGest\external_datasets\fullsign225_manual5_team_features_v2\NOTHING\ANASTACIA_DIRECT_NOTHING_021_4C336C87.npy,copied,"(30, 225)",
ANASTACIA,DIRECT,NOTHING,C:\BSIT 3RD YEAR\New VovGest\external_datasets\team_incoming_recorded_features\ANASTACIA\recorded_features\fullsign225_manual5_team_features,C:\BSIT 3RD YEAR\New VovGest\external_datasets\team_incoming_recorded_features\ANASTACIA\recorded_features\fullsign225_manual5_team_features\NOTHING\ANASTACIA_NOTHING_022.npy,C:\BSIT 3RD YEAR\New VovGest\external_datasets\fullsign225_manual5_team_features_v2\NOTHING\ANASTACIA_DIRECT_NOTHING_022_B9B29D49.npy,copied,"(30, 225)",
ANASTACIA,DIRECT,NOTHING,C:\BSIT 3RD YEAR\New VovGest\external_datasets\team_incoming_recorded_features\ANASTACIA\recorded_features\fullsign225_manual5_team_features,C:\BSIT 3RD YEAR\New VovGest\external_datasets\team_incoming_recorded_features\ANASTACIA\recorded_features\fullsign225_manual5_team_features\NOTHING\ANASTACIA_NOTHING_023.npy,C:\BSIT 3RD YEAR\New VovGest\external_datasets\fullsign225_manual5_team_features_v2\NOTHING\ANASTACIA_DIRECT_NOTHING_023_8275B584.npy,copied,"(30, 225)",
ANASTACIA,DIRECT,NOTHING,C:\BSIT 3RD YEAR\New VovGest\external_datasets\team_incoming_recorded_features\ANASTACIA\recorded_features\fullsign225_manual5_team_features,C:\BSIT 3RD YEAR\New VovGest\external_datasets\team_incoming_recorded_features\ANASTACIA\recorded_features\fullsign225_manual5_team_features\NOTHING\ANASTACIA_NOTHING_024.npy,C:\BSIT 3RD YEAR\New VovGest\external_datasets\fullsign225_manual5_team_features_v2\NOTHING\ANASTACIA_DIRECT_NOTHING_024_4830672B.npy,copied,"(30, 225)",
ANASTACIA,DIRECT,NOTHING,C:\BSIT 3RD YEAR\New VovGest\external_datasets\team_incoming_recorded_features\ANASTACIA\recorded_features\fullsign225_manual5_team_features,C:\BSIT 3RD YEAR\New VovGest\external_datasets\team_incoming_recorded_features\ANASTACIA\recorded_features\fullsign225_manual5_team_features\NOTHING\ANASTACIA_NOTHING_025.npy,C:\BSIT 3RD YEAR\New VovGest\external_datasets\fullsign225_manual5_team_features_v2\NOTHING\ANASTACIA_DIRECT_NOTHING_025_F52CA8AE.npy,copied,"(30, 225)",
ANASTACIA,DIRECT,NOTHING,C:\BSIT 3RD YEAR\New VovGest\external_datasets\team_incoming_recorded_features\ANASTACIA\recorded_features\fullsign225_manual5_team_features,C:\BSIT 3RD YEAR\New VovGest\external_datasets\team_incoming_recorded_features\ANASTACIA\recorded_features\fullsign225_manual5_team_features\NOTHING\ANASTACIA_NOTHING_026.npy,C:\BSIT 3RD YEAR\New VovGest\external_datasets\fullsign225_manual5_team_features_v2\NOTHING\ANASTACIA_DIRECT_NOTHING_026_020E23F5.npy,copied,"(30, 225)",
ANASTACIA,DIRECT,NOTHING,C:\BSIT 3RD YEAR\New VovGest\external_datasets\team_incoming_recorded_features\ANASTACIA\recorded_features\fullsign225_manual5_team_features,C:\BSIT 3RD YEAR\New VovGest\external_datasets\team_incoming_recorded_features\ANASTACIA\recorded_features\fullsign225_manual5_team_features\NOTHING\ANASTACIA_NOTHING_027.npy,C:\BSIT 3RD YEAR\New VovGest\external_datasets\fullsign225_manual5_team_features_v2\NOTHING\ANASTACIA_DIRECT_NOTHING_027_81EF7525.npy,copied,"(30, 225)",
ANASTACIA,DIRECT,NOTHING,C:\BSIT 3RD YEAR\New VovGest\external_datasets\team_incoming_recorded_features\ANASTACIA\recorded_features\fullsign225_manual5_team_features,C:\BSIT 3RD YEAR\New VovGest\external_datasets\team_incoming_recorded_features\ANASTACIA\recorded_features\fullsign225_manual5_team_features\NOTHING\ANASTACIA_NOTHING_028.npy,C:\BSIT 3RD YEAR\New VovGest\external_datasets\fullsign225_manual5_team_features_v2\NOTHING\ANASTACIA_DIRECT_NOTHING_028_5208747E.npy,copied,"(30, 225)",
ANASTACIA,DIRECT,NOTHING,C:\BSIT 3RD YEAR\New VovGest\external_datasets\team_incoming_recorded_features\ANASTACIA\recorded_features\fullsign225_manual5_team_features,C:\BSIT 3RD YEAR\New VovGest\external_datasets\team_incoming_recorded_features\ANASTACIA\recorded_features\fullsign225_manual5_team_features\NOTHING\ANASTACIA_NOTHING_029.npy,C:\BSIT 3RD YEAR\New VovGest\external_datasets\fullsign225_manual5_team_features_v2\NOTHING\ANASTACIA_DIRECT_NOTHING_029_F3E6444B.npy,copied,"(30, 225)",
ANASTACIA,DIRECT,NOTHING,C:\BSIT 3RD YEAR\New VovGest\external_datasets\team_incoming_recorded_features\ANASTACIA\recorded_features\fullsign225_manual5_team_features,C:\BSIT 3RD YEAR\New VovGest\external_datasets\team_incoming_recorded_features\ANASTACIA\recorded_features\fullsign225_manual5_team_features\NOTHING\ANASTACIA_NOTHING_030.npy,C:\BSIT 3RD YEAR\New VovGest\external_datasets\fullsign225_manual5_team_features_v2\NOTHING\ANASTACIA_DIRECT_NOTHING_030_50F5577E.npy,copied,"(30, 225)",
ANASTACIA,DIRECT,NOTHING,C:\BSIT 3RD YEAR\New VovGest\external_datasets\team_incoming_recorded_features\ANASTACIA\recorded_features\fullsign225_manual5_team_features,C:\BSIT 3RD YEAR\New VovGest\external_datasets\team_incoming_recorded_features\ANASTACIA\recorded_features\fullsign225_manual5_team_features\NOTHING\ANASTACIA_NOTHING_031.npy,C:\BSIT 3RD YEAR\New VovGest\external_datasets\fullsign225_manual5_team_features_v2\NOTHING\ANASTACIA_DIRECT_NOTHING_031_AB46C99C.npy,copied,"(30, 225)",
ANASTACIA,DIRECT,NOTHING,C:\BSIT 3RD YEAR\New VovGest\external_datasets\team_incoming_recorded_features\ANASTACIA\recorded_features\fullsign225_manual5_team_features,C:\BSIT 3RD YEAR\New VovGest\external_datasets\team_incoming_recorded_features\ANASTACIA\recorded_features\fullsign225_manual5_team_features\NOTHING\ANASTACIA_NOTHING_032.npy,C:\BSIT 3RD YEAR\New VovGest\external_datasets\fullsign225_manual5_team_features_v2\NOTHING\ANASTACIA_DIRECT_NOTHING_032_2A055261.npy,copied,"(30, 225)",
ANASTACIA,DIRECT,NOTHING,C:\BSIT 3RD YEAR\New VovGest\external_datasets\team_incoming_recorded_features\ANASTACIA\recorded_features\fullsign225_manual5_team_features,C:\BSIT 3RD YEAR\New VovGest\external_datasets\team_incoming_recorded_features\ANASTACIA\recorded_features\fullsign225_manual5_team_features\NOTHING\ANASTACIA_NOTHING_033.npy,C:\BSIT 3RD YEAR\New VovGest\external_datasets\fullsign225_manual5_team_features_v2\NOTHING\ANASTACIA_DIRECT_NOTHING_033_E880ED3A.npy,copied,"(30, 225)",
ANASTACIA,DIRECT,NOTHING,C:\BSIT 3RD YEAR\New VovGest\external_datasets\team_incoming_recorded_features\ANASTACIA\recorded_features\fullsign225_manual5_team_features,C:\BSIT 3RD YEAR\New VovGest\external_datasets\team_incoming_recorded_features\ANASTACIA\recorded_features\fullsign225_manual5_team_features\NOTHING\ANASTACIA_NOTHING_034.npy,C:\BSIT 3RD YEAR\New VovGest\external_datasets\fullsign225_manual5_team_features_v2\NOTHING\ANASTACIA_DIRECT_NOTHING_034_BC9163B8.npy,copied,"(30, 225)",
ANASTACIA,DIRECT,NOTHING,C:\BSIT 3RD YEAR\New VovGest\external_datasets\team_incoming_recorded_features\ANASTACIA\recorded_features\fullsign225_manual5_team_features,C:\BSIT 3RD YEAR\New VovGest\external_datasets\team_incoming_recorded_features\ANASTACIA\recorded_features\fullsign225_manual5_team_features\NOTHING\ANASTACIA_NOTHING_035.npy,C:\BSIT 3RD YEAR\New VovGest\external_datasets\fullsign225_manual5_team_features_v2\NOTHING\ANASTACIA_DIRECT_NOTHING_035_E100FADE.npy,copied,"(30, 225)",
ANASTACIA,DIRECT,NOTHING,C:\BSIT 3RD YEAR\New VovGest\external_datasets\team_incoming_recorded_features\ANASTACIA\recorded_features\fullsign225_manual5_team_features,C:\BSIT 3RD YEAR\New VovGest\external_datasets\team_incoming_recorded_features\ANASTACIA\recorded_features\fullsign225_manual5_team_features\NOTHING\ANASTACIA_NOTHING_036.npy,C:\BSIT 3RD YEAR\New VovGest\external_datasets\fullsign225_manual5_team_features_v2\NOTHING\ANASTACIA_DIRECT_NOTHING_036_CAE713CA.npy,copied,"(30, 225)",
ANASTACIA,DIRECT,NOTHING,C:\BSIT 3RD YEAR\New VovGest\external_datasets\team_incoming_recorded_features\ANASTACIA\recorded_features\fullsign225_manual5_team_features,C:\BSIT 3RD YEAR\New VovGest\external_datasets\team_incoming_recorded_features\ANASTACIA\recorded_features\fullsign225_manual5_team_features\NOTHING\ANASTACIA_NOTHING_037.npy,C:\BSIT 3RD YEAR\New VovGest\external_datasets\fullsign225_manual5_team_features_v2\NOTHING\ANASTACIA_DIRECT_NOTHING_037_F411C7EA.npy,copied,"(30, 225)",
ANASTACIA,DIRECT,NOTHING,C:\BSIT 3RD YEAR\New VovGest\external_datasets\team_incoming_recorded_features\ANASTACIA\recorded_features\fullsign225_manual5_team_features,C:\BSIT 3RD YEAR\New VovGest\external_datasets\team_incoming_recorded_features\ANASTACIA\recorded_features\fullsign225_manual5_team_features\NOTHING\ANASTACIA_NOTHING_038.npy,C:\BSIT 3RD YEAR\New VovGest\external_datasets\fullsign225_manual5_team_features_v2\NOTHING\ANASTACIA_DIRECT_NOTHING_038_8BF4369E.npy,copied,"(30, 225)",
ANASTACIA,DIRECT,NOTHING,C:\BSIT 3RD YEAR\New VovGest\external_datasets\team_incoming_recorded_features\ANASTACIA\recorded_features\fullsign225_manual5_team_features,C:\BSIT 3RD YEAR\New VovGest\external_datasets\team_incoming_recorded_features\ANASTACIA\recorded_features\fullsign225_manual5_team_features\NOTHING\ANASTACIA_NOTHING_039.npy,C:\BSIT 3RD YEAR\New VovGest\external_datasets\fullsign225_manual5_team_features_v2\NOTHING\ANASTACIA_DIRECT_NOTHING_039_38FC2B83.npy,copied,"(30, 225)",
ANASTACIA,DIRECT,NOTHING,C:\BSIT 3RD YEAR\New VovGest\external_datasets\team_incoming_recorded_features\ANASTACIA\recorded_features\fullsign225_manual5_team_features,C:\BSIT 3RD YEAR\New VovGest\external_datasets\team_incoming_recorded_features\ANASTACIA\recorded_features\fullsign225_manual5_team_features\NOTHING\ANASTACIA_NOTHING_040.npy,C:\BSIT 3RD YEAR\New VovGest\external_datasets\fullsign225_manual5_team_features_v2\NOTHING\ANASTACIA_DIRECT_NOTHING_040_957BE148.npy,copied,"(30, 225)",
ANASTACIA,DIRECT,NOTHING,C:\BSIT 3RD YEAR\New VovGest\external_datasets\team_incoming_recorded_features\ANASTACIA\recorded_features\fullsign225_manual5_team_features,C:\BSIT 3RD YEAR\New VovGest\external_datasets\team_incoming_recorded_features\ANASTACIA\recorded_features\fullsign225_manual5_team_features\NOTHING\ANASTACIA_NOTHING_041.npy,C:\BSIT 3RD YEAR\New VovGest\external_datasets\fullsign225_manual5_team_features_v2\NOTHING\ANASTACIA_DIRECT_NOTHING_041_11A538CC.npy,copied,"(30, 225)",
ANASTACIA,DIRECT,NOTHING,C:\BSIT 3RD YEAR\New VovGest\external_datasets\team_incoming_recorded_features\ANASTACIA\recorded_features\fullsign225_manual5_team_features,C:\BSIT 3RD YEAR\New VovGest\external_datasets\team_incoming_recorded_features\ANASTACIA\recorded_features\fullsign225_manual5_team_features\NOTHING\ANASTACIA_NOTHING_042.npy,C:\BSIT 3RD YEAR\New VovGest\external_datasets\fullsign225_manual5_team_features_v2\NOTHING\ANASTACIA_DIRECT_NOTHING_042_A540F88E.npy,copied,"(30, 225)",
ANASTACIA,DIRECT,NOTHING,C:\BSIT 3RD YEAR\New VovGest\external_datasets\team_incoming_recorded_features\ANASTACIA\recorded_features\fullsign225_manual5_team_features,C:\BSIT 3RD YEAR\New VovGest\external_datasets\team_incoming_recorded_features\ANASTACIA\recorded_features\fullsign225_manual5_team_features\NOTHING\ANASTACIA_NOTHING_043.npy,C:\BSIT 3RD YEAR\New VovGest\external_datasets\fullsign225_manual5_team_features_v2\NOTHING\ANASTACIA_DIRECT_NOTHING_043_16BACE60.npy,copied,"(30, 225)",
ANASTACIA,DIRECT,NOTHING,C:\BSIT 3RD YEAR\New VovGest\external_datasets\team_incoming_recorded_features\ANASTACIA\recorded_features\fullsign225_manual5_team_features,C:\BSIT 3RD YEAR\New VovGest\external_datasets\team_incoming_recorded_features\ANASTACIA\recorded_features\fullsign225_manual5_team_features\NOTHING\ANASTACIA_NOTHING_044.npy,C:\BSIT 3RD YEAR\New VovGest\external_datasets\fullsign225_manual5_team_features_v2\NOTHING\ANASTACIA_DIRECT_NOTHING_044_B20FA566.npy,copied,"(30, 225)",
ANASTACIA,DIRECT,NOTHING,C:\BSIT 3RD YEAR\New VovGest\external_datasets\team_incoming_recorded_features\ANASTACIA\recorded_features\fullsign225_manual5_team_features,C:\BSIT 3RD YEAR\New VovGest\external_datasets\team_incoming_recorded_features\ANASTACIA\recorded_features\fullsign225_manual5_team_features\NOTHING\ANASTACIA_NOTHING_045.npy,C:\BSIT 3RD YEAR\New VovGest\external_datasets\fullsign225_manual5_team_features_v2\NOTHING\ANASTACIA_DIRECT_NOTHING_045_8FC2E290.npy,copied,"(30, 225)",
ANASTACIA,DIRECT,NOTHING,C:\BSIT 3RD YEAR\New VovGest\external_datasets\team_incoming_recorded_features\ANASTACIA\recorded_features\fullsign225_manual5_team_features,C:\BSIT 3RD YEAR\New VovGest\external_datasets\team_incoming_recorded_features\ANASTACIA\recorded_features\fullsign225_manual5_team_features\NOTHING\ANASTACIA_NOTHING_046.npy,C:\BSIT 3RD YEAR\New VovGest\external_datasets\fullsign225_manual5_team_features_v2\NOTHING\ANASTACIA_DIRECT_NOTHING_046_DD4218F6.npy,copied,"(30, 225)",
ANASTACIA,DIRECT,NOTHING,C:\BSIT 3RD YEAR\New VovGest\external_datasets\team_incoming_recorded_features\ANASTACIA\recorded_features\fullsign225_manual5_team_features,C:\BSIT 3RD YEAR\New VovGest\external_datasets\team_incoming_recorded_features\ANASTACIA\recorded_features\fullsign225_manual5_team_features\NOTHING\ANASTACIA_NOTHING_047.npy,C:\BSIT 3RD YEAR\New VovGest\external_datasets\fullsign225_manual5_team_features_v2\NOTHING\ANASTACIA_DIRECT_NOTHING_047_33A271CD.npy,copied,"(30, 225)",
ANASTACIA,DIRECT,NOTHING,C:\BSIT 3RD YEAR\New VovGest\external_datasets\team_incoming_recorded_features\ANASTACIA\recorded_features\fullsign225_manual5_team_features,C:\BSIT 3RD YEAR\New VovGest\external_datasets\team_incoming_recorded_features\ANASTACIA\recorded_features\fullsign225_manual5_team_features\NOTHING\ANASTACIA_NOTHING_048.npy,C:\BSIT 3RD YEAR\New VovGest\external_datasets\fullsign225_manual5_team_features_v2\NOTHING\ANASTACIA_DIRECT_NOTHING_048_955D529C.npy,copied,"(30, 225)",
ANASTACIA,DIRECT,NOTHING,C:\BSIT 3RD YEAR\New VovGest\external_datasets\team_incoming_recorded_features\ANASTACIA\recorded_features\fullsign225_manual5_team_features,C:\BSIT 3RD YEAR\New VovGest\external_datasets\team_incoming_recorded_features\ANASTACIA\recorded_features\fullsign225_manual5_team_features\NOTHING\ANASTACIA_NOTHING_049.npy,C:\BSIT 3RD YEAR\New VovGest\external_datasets\fullsign225_manual5_team_features_v2\NOTHING\ANASTACIA_DIRECT_NOTHING_049_60B98197.npy,copied,"(30, 225)",
ANASTACIA,DIRECT,NOTHING,C:\BSIT 3RD YEAR\New VovGest\external_datasets\team_incoming_recorded_features\ANASTACIA\recorded_features\fullsign225_manual5_team_features,C:\BSIT 3RD YEAR\New VovGest\external_datasets\team_incoming_recorded_features\ANASTACIA\recorded_features\fullsign225_manual5_team_features\NOTHING\ANASTACIA_NOTHING_050.npy,C:\BSIT 3RD YEAR\New VovGest\external_datasets\fullsign225_manual5_team_features_v2\NOTHING\ANASTACIA_DIRECT_NOTHING_050_AD43BA99.npy,copied,"(30, 225)",
ANASTACIA,DIRECT,THANKYOU,C:\BSIT 3RD YEAR\New VovGest\external_datasets\team_incoming_recorded_features\ANASTACIA\recorded_features\fullsign225_manual5_team_features,C:\BSIT 3RD YEAR\New VovGest\external_datasets\team_incoming_recorded_features\ANASTACIA\recorded_features\fullsign225_manual5_team_features\THANKYOU\ANASTACIA_THANKYOU_001.npy,C:\BSIT 3RD YEAR\New VovGest\external_datasets\fullsign225_manual5_team_features_v2\THANKYOU\ANASTACIA_DIRECT_THANKYOU_001_BDAEFB9E.npy,copied,"(30, 225)",
ANASTACIA,DIRECT,THANKYOU,C:\BSIT 3RD YEAR\New VovGest\external_datasets\team_incoming_recorded_features\ANASTACIA\recorded_features\fullsign225_manual5_team_features,C:\BSIT 3RD YEAR\New VovGest\external_datasets\team_incoming_recorded_features\ANASTACIA\recorded_features\fullsign225_manual5_team_features\THANKYOU\ANASTACIA_THANKYOU_002.npy,C:\BSIT 3RD YEAR\New VovGest\external_datasets\fullsign225_manual5_team_features_v2\THANKYOU\ANASTACIA_DIRECT_THANKYOU_002_145E2CCE.npy,copied,"(30, 225)",
ANASTACIA,DIRECT,THANKYOU,C:\BSIT 3RD YEAR\New VovGest\external_datasets\team_incoming_recorded_features\ANASTACIA\recorded_features\fullsign225_manual5_team_features,C:\BSIT 3RD YEAR\New VovGest\external_datasets\team_incoming_recorded_features\ANASTACIA\recorded_features\fullsign225_manual5_team_features\THANKYOU\ANASTACIA_THANKYOU_003.npy,C:\BSIT 3RD YEAR\New VovGest\external_datasets\fullsign225_manual5_team_features_v2\THANKYOU\ANASTACIA_DIRECT_THANKYOU_003_91562E15.npy,copied,"(30, 225)",
ANASTACIA,DIRECT,THANKYOU,C:\BSIT 3RD YEAR\New VovGest\external_datasets\team_incoming_recorded_features\ANASTACIA\recorded_features\fullsign225_manual5_team_features,C:\BSIT 3RD YEAR\New VovGest\external_datasets\team_incoming_recorded_features\ANASTACIA\recorded_features\fullsign225_manual5_team_features\THANKYOU\ANASTACIA_THANKYOU_004.npy,C:\BSIT 3RD YEAR\New VovGest\external_datasets\fullsign225_manual5_team_features_v2\THANKYOU\ANASTACIA_DIRECT_THANKYOU_004_9D182642.npy,copied,"(30, 225)",
ANASTACIA,DIRECT,THANKYOU,C:\BSIT 3RD YEAR\New VovGest\external_datasets\team_incoming_recorded_features\ANASTACIA\recorded_features\fullsign225_manual5_team_features,C:\BSIT 3RD YEAR\New VovGest\external_datasets\team_incoming_recorded_features\ANASTACIA\recorded_features\fullsign225_manual5_team_features\THANKYOU\ANASTACIA_THANKYOU_005.npy,C:\BSIT 3RD YEAR\New VovGest\external_datasets\fullsign225_manual5_team_features_v2\THANKYOU\ANASTACIA_DIRECT_THANKYOU_005_CE033E6F.npy,copied,"(30, 225)",
ANASTACIA,DIRECT,THANKYOU,C:\BSIT 3RD YEAR\New VovGest\external_datasets\team_incoming_recorded_features\ANASTACIA\recorded_features\fullsign225_manual5_team_features,C:\BSIT 3RD YEAR\New VovGest\external_datasets\team_incoming_recorded_features\ANASTACIA\recorded_features\fullsign225_manual5_team_features\THANKYOU\ANASTACIA_THANKYOU_006.npy,C:\BSIT 3RD YEAR\New VovGest\external_datasets\fullsign225_manual5_team_features_v2\THANKYOU\ANASTACIA_DIRECT_THANKYOU_006_0B32BB33.npy,copied,"(30, 225)",
ANASTACIA,DIRECT,THANKYOU,C:\BSIT 3RD YEAR\New VovGest\external_datasets\team_incoming_recorded_features\ANASTACIA\recorded_features\fullsign225_manual5_team_features,C:\BSIT 3RD YEAR\New VovGest\external_datasets\team_incoming_recorded_features\ANASTACIA\recorded_features\fullsign225_manual5_team_features\THANKYOU\ANASTACIA_THANKYOU_007.npy,C:\BSIT 3RD YEAR\New VovGest\external_datasets\fullsign225_manual5_team_features_v2\THANKYOU\ANASTACIA_DIRECT_THANKYOU_007_8314150D.npy,copied,"(30, 225)",
ANASTACIA,DIRECT,THANKYOU,C:\BSIT 3RD YEAR\New VovGest\external_datasets\team_incoming_recorded_features\ANASTACIA\recorded_features\fullsign225_manual5_team_features,C:\BSIT 3RD YEAR\New VovGest\external_datasets\team_incoming_recorded_features\ANASTACIA\recorded_features\fullsign225_manual5_team_features\THANKYOU\ANASTACIA_THANKYOU_008.npy,C:\BSIT 3RD YEAR\New VovGest\external_datasets\fullsign225_manual5_team_features_v2\THANKYOU\ANASTACIA_DIRECT_THANKYOU_008_28E5430B.npy,copied,"(30, 225)",
ANASTACIA,DIRECT,THANKYOU,C:\BSIT 3RD YEAR\New VovGest\external_datasets\team_incoming_recorded_features\ANASTACIA\recorded_features\fullsign225_manual5_team_features,C:\BSIT 3RD YEAR\New VovGest\external_datasets\team_incoming_recorded_features\ANASTACIA\recorded_features\fullsign225_manual5_team_features\THANKYOU\ANASTACIA_THANKYOU_009.npy,C:\BSIT 3RD YEAR\New VovGest\external_datasets\fullsign225_manual5_team_features_v2\THANKYOU\ANASTACIA_DIRECT_THANKYOU_009_CC6A121A.npy,copied,"(30, 225)",
ANASTACIA,DIRECT,THANKYOU,C:\BSIT 3RD YEAR\New VovGest\external_datasets\team_incoming_recorded_features\ANASTACIA\recorded_features\fullsign225_manual5_team_features,C:\BSIT 3RD YEAR\New VovGest\external_datasets\team_incoming_recorded_features\ANASTACIA\recorded_features\fullsign225_manual5_team_features\THANKYOU\ANASTACIA_THANKYOU_010.npy,C:\BSIT 3RD YEAR\New VovGest\external_datasets\fullsign225_manual5_team_features_v2\THANKYOU\ANASTACIA_DIRECT_THANKYOU_010_43433660.npy,copied,"(30, 225)",
ANASTACIA,DIRECT,THANKYOU,C:\BSIT 3RD YEAR\New VovGest\external_datasets\team_incoming_recorded_features\ANASTACIA\recorded_features\fullsign225_manual5_team_features,C:\BSIT 3RD YEAR\New VovGest\external_datasets\team_incoming_recorded_features\ANASTACIA\recorded_features\fullsign225_manual5_team_features\THANKYOU\ANASTACIA_THANKYOU_011.npy,C:\BSIT 3RD YEAR\New VovGest\external_datasets\fullsign225_manual5_team_features_v2\THANKYOU\ANASTACIA_DIRECT_THANKYOU_011_73524089.npy,copied,"(30, 225)",
ANASTACIA,DIRECT,THANKYOU,C:\BSIT 3RD YEAR\New VovGest\external_datasets\team_incoming_recorded_features\ANASTACIA\recorded_features\fullsign225_manual5_team_features,C:\BSIT 3RD YEAR\New VovGest\external_datasets\team_incoming_recorded_features\ANASTACIA\recorded_features\fullsign225_manual5_team_features\THANKYOU\ANASTACIA_THANKYOU_012.npy,C:\BSIT 3RD YEAR\New VovGest\external_datasets\fullsign225_manual5_team_features_v2\THANKYOU\ANASTACIA_DIRECT_THANKYOU_012_E0BDD4E7.npy,copied,"(30, 225)",
ANASTACIA,DIRECT,THANKYOU,C:\BSIT 3RD YEAR\New VovGest\external_datasets\team_incoming_recorded_features\ANASTACIA\recorded_features\fullsign225_manual5_team_features,C:\BSIT 3RD YEAR\New VovGest\external_datasets\team_incoming_recorded_features\ANASTACIA\recorded_features\fullsign225_manual5_team_features\THANKYOU\ANASTACIA_THANKYOU_013.npy,C:\BSIT 3RD YEAR\New VovGest\external_datasets\fullsign225_manual5_team_features_v2\THANKYOU\ANASTACIA_DIRECT_THANKYOU_013_8EBE3D9A.npy,copied,"(30, 225)",
ANASTACIA,DIRECT,THANKYOU,C:\BSIT 3RD YEAR\New VovGest\external_datasets\team_incoming_recorded_features\ANASTACIA\recorded_features\fullsign225_manual5_team_features,C:\BSIT 3RD YEAR\New VovGest\external_datasets\team_incoming_recorded_features\ANASTACIA\recorded_features\fullsign225_manual5_team_features\THANKYOU\ANASTACIA_THANKYOU_014.npy,C:\BSIT 3RD YEAR\New VovGest\external_datasets\fullsign225_manual5_team_features_v2\THANKYOU\ANASTACIA_DIRECT_THANKYOU_014_3C27BB2A.npy,copied,"(30, 225)",
ANASTACIA,DIRECT,THANKYOU,C:\BSIT 3RD YEAR\New VovGest\external_datasets\team_incoming_recorded_features\ANASTACIA\recorded_features\fullsign225_manual5_team_features,C:\BSIT 3RD YEAR\New VovGest\external_datasets\team_incoming_recorded_features\ANASTACIA\recorded_features\fullsign225_manual5_team_features\THANKYOU\ANASTACIA_THANKYOU_015.npy,C:\BSIT 3RD YEAR\New VovGest\external_datasets\fullsign225_manual5_team_features_v2\THANKYOU\ANASTACIA_DIRECT_THANKYOU_015_3E761A59.npy,copied,"(30, 225)",
ANASTACIA,DIRECT,THANKYOU,C:\BSIT 3RD YEAR\New VovGest\external_datasets\team_incoming_recorded_features\ANASTACIA\recorded_features\fullsign225_manual5_team_features,C:\BSIT 3RD YEAR\New VovGest\external_datasets\team_incoming_recorded_features\ANASTACIA\recorded_features\fullsign225_manual5_team_features\THANKYOU\ANASTACIA_THANKYOU_016.npy,C:\BSIT 3RD YEAR\New VovGest\external_datasets\fullsign225_manual5_team_features_v2\THANKYOU\ANASTACIA_DIRECT_THANKYOU_016_6A66C051.npy,copied,"(30, 225)",
ANASTACIA,DIRECT,THANKYOU,C:\BSIT 3RD YEAR\New VovGest\external_datasets\team_incoming_recorded_features\ANASTACIA\recorded_features\fullsign225_manual5_team_features,C:\BSIT 3RD YEAR\New VovGest\external_datasets\team_incoming_recorded_features\ANASTACIA\recorded_features\fullsign225_manual5_team_features\THANKYOU\ANASTACIA_THANKYOU_017.npy,C:\BSIT 3RD YEAR\New VovGest\external_datasets\fullsign225_manual5_team_features_v2\THANKYOU\ANASTACIA_DIRECT_THANKYOU_017_01EAD258.npy,copied,"(30, 225)",
ANASTACIA,DIRECT,THANKYOU,C:\BSIT 3RD YEAR\New VovGest\external_datasets\team_incoming_recorded_features\ANASTACIA\recorded_features\fullsign225_manual5_team_features,C:\BSIT 3RD YEAR\New VovGest\external_datasets\team_incoming_recorded_features\ANASTACIA\recorded_features\fullsign225_manual5_team_features\THANKYOU\ANASTACIA_THANKYOU_018.npy,C:\BSIT 3RD YEAR\New VovGest\external_datasets\fullsign225_manual5_team_features_v2\THANKYOU\ANASTACIA_DIRECT_THANKYOU_018_032ACFEF.npy,copied,"(30, 225)",
ANASTACIA,DIRECT,THANKYOU,C:\BSIT 3RD YEAR\New VovGest\external_datasets\team_incoming_recorded_features\ANASTACIA\recorded_features\fullsign225_manual5_team_features,C:\BSIT 3RD YEAR\New VovGest\external_datasets\team_incoming_recorded_features\ANASTACIA\recorded_features\fullsign225_manual5_team_features\THANKYOU\ANASTACIA_THANKYOU_019.npy,C:\BSIT 3RD YEAR\New VovGest\external_datasets\fullsign225_manual5_team_features_v2\THANKYOU\ANASTACIA_DIRECT_THANKYOU_019_7486D173.npy,copied,"(30, 225)",
ANASTACIA,DIRECT,THANKYOU,C:\BSIT 3RD YEAR\New VovGest\external_datasets\team_incoming_recorded_features\ANASTACIA\recorded_features\fullsign225_manual5_team_features,C:\BSIT 3RD YEAR\New VovGest\external_datasets\team_incoming_recorded_features\ANASTACIA\recorded_features\fullsign225_manual5_team_features\THANKYOU\ANASTACIA_THANKYOU_020.npy,C:\BSIT 3RD YEAR\New VovGest\external_datasets\fullsign225_manual5_team_features_v2\THANKYOU\ANASTACIA_DIRECT_THANKYOU_020_4FDC7765.npy,copied,"(30, 225)",
ANASTACIA,DIRECT,THANKYOU,C:\BSIT 3RD YEAR\New VovGest\external_datasets\team_incoming_recorded_features\ANASTACIA\recorded_features\fullsign225_manual5_team_features,C:\BSIT 3RD YEAR\New VovGest\external_datasets\team_incoming_recorded_features\ANASTACIA\recorded_features\fullsign225_manual5_team_features\THANKYOU\ANASTACIA_THANKYOU_021.npy,C:\BSIT 3RD YEAR\New VovGest\external_datasets\fullsign225_manual5_team_features_v2\THANKYOU\ANASTACIA_DIRECT_THANKYOU_021_97A4A843.npy,copied,"(30, 225)",
ANASTACIA,DIRECT,THANKYOU,C:\BSIT 3RD YEAR\New VovGest\external_datasets\team_incoming_recorded_features\ANASTACIA\recorded_features\fullsign225_manual5_team_features,C:\BSIT 3RD YEAR\New VovGest\external_datasets\team_incoming_recorded_features\ANASTACIA\recorded_features\fullsign225_manual5_team_features\THANKYOU\ANASTACIA_THANKYOU_022.npy,C:\BSIT 3RD YEAR\New VovGest\external_datasets\fullsign225_manual5_team_features_v2\THANKYOU\ANASTACIA_DIRECT_THANKYOU_022_2BD9F3A4.npy,copied,"(30, 225)",
ANASTACIA,DIRECT,THANKYOU,C:\BSIT 3RD YEAR\New VovGest\external_datasets\team_incoming_recorded_features\ANASTACIA\recorded_features\fullsign225_manual5_team_features,C:\BSIT 3RD YEAR\New VovGest\external_datasets\team_incoming_recorded_features\ANASTACIA\recorded_features\fullsign225_manual5_team_features\THANKYOU\ANASTACIA_THANKYOU_023.npy,C:\BSIT 3RD YEAR\New VovGest\external_datasets\fullsign225_manual5_team_features_v2\THANKYOU\ANASTACIA_DIRECT_THANKYOU_023_CAE2CBD2.npy,copied,"(30, 225)",
ANASTACIA,DIRECT,THANKYOU,C:\BSIT 3RD YEAR\New VovGest\external_datasets\team_incoming_recorded_features\ANASTACIA\recorded_features\fullsign225_manual5_team_features,C:\BSIT 3RD YEAR\New VovGest\external_datasets\team_incoming_recorded_features\ANASTACIA\recorded_features\fullsign225_manual5_team_features\THANKYOU\ANASTACIA_THANKYOU_024.npy,C:\BSIT 3RD YEAR\New VovGest\external_datasets\fullsign225_manual5_team_features_v2\THANKYOU\ANASTACIA_DIRECT_THANKYOU_024_60E36D0E.npy,copied,"(30, 225)",
ANASTACIA,DIRECT,THANKYOU,C:\BSIT 3RD YEAR\New VovGest\external_datasets\team_incoming_recorded_features\ANASTACIA\recorded_features\fullsign225_manual5_team_features,C:\BSIT 3RD YEAR\New VovGest\external_datasets\team_incoming_recorded_features\ANASTACIA\recorded_features\fullsign225_manual5_team_features\THANKYOU\ANASTACIA_THANKYOU_025.npy,C:\BSIT 3RD YEAR\New VovGest\external_datasets\fullsign225_manual5_team_features_v2\THANKYOU\ANASTACIA_DIRECT_THANKYOU_025_57277D31.npy,copied,"(30, 225)",
ANASTACIA,DIRECT,THANKYOU,C:\BSIT 3RD YEAR\New VovGest\external_datasets\team_incoming_recorded_features\ANASTACIA\recorded_features\fullsign225_manual5_team_features,C:\BSIT 3RD YEAR\New VovGest\external_datasets\team_incoming_recorded_features\ANASTACIA\recorded_features\fullsign225_manual5_team_features\THANKYOU\ANASTACIA_THANKYOU_026.npy,C:\BSIT 3RD YEAR\New VovGest\external_datasets\fullsign225_manual5_team_features_v2\THANKYOU\ANASTACIA_DIRECT_THANKYOU_026_603A5E9F.npy,copied,"(30, 225)",
ANASTACIA,DIRECT,THANKYOU,C:\BSIT 3RD YEAR\New VovGest\external_datasets\team_incoming_recorded_features\ANASTACIA\recorded_features\fullsign225_manual5_team_features,C:\BSIT 3RD YEAR\New VovGest\external_datasets\team_incoming_recorded_features\ANASTACIA\recorded_features\fullsign225_manual5_team_features\THANKYOU\ANASTACIA_THANKYOU_027.npy,C:\BSIT 3RD YEAR\New VovGest\external_datasets\fullsign225_manual5_team_features_v2\THANKYOU\ANASTACIA_DIRECT_THANKYOU_027_4DEA08EB.npy,copied,"(30, 225)",
ANASTACIA,DIRECT,THANKYOU,C:\BSIT 3RD YEAR\New VovGest\external_datasets\team_incoming_recorded_features\ANASTACIA\recorded_features\fullsign225_manual5_team_features,C:\BSIT 3RD YEAR\New VovGest\external_datasets\team_incoming_recorded_features\ANASTACIA\recorded_features\fullsign225_manual5_team_features\THANKYOU\ANASTACIA_THANKYOU_028.npy,C:\BSIT 3RD YEAR\New VovGest\external_datasets\fullsign225_manual5_team_features_v2\THANKYOU\ANASTACIA_DIRECT_THANKYOU_028_D996A7C9.npy,copied,"(30, 225)",
ANASTACIA,DIRECT,THANKYOU,C:\BSIT 3RD YEAR\New VovGest\external_datasets\team_incoming_recorded_features\ANASTACIA\recorded_features\fullsign225_manual5_team_features,C:\BSIT 3RD YEAR\New VovGest\external_datasets\team_incoming_recorded_features\ANASTACIA\recorded_features\fullsign225_manual5_team_features\THANKYOU\ANASTACIA_THANKYOU_029.npy,C:\BSIT 3RD YEAR\New VovGest\external_datasets\fullsign225_manual5_team_features_v2\THANKYOU\ANASTACIA_DIRECT_THANKYOU_029_6DB6940F.npy,copied,"(30, 225)",
ANASTACIA,DIRECT,THANKYOU,C:\BSIT 3RD YEAR\New VovGest\external_datasets\team_incoming_recorded_features\ANASTACIA\recorded_features\fullsign225_manual5_team_features,C:\BSIT 3RD YEAR\New VovGest\external_datasets\team_incoming_recorded_features\ANASTACIA\recorded_features\fullsign225_manual5_team_features\THANKYOU\ANASTACIA_THANKYOU_030.npy,C:\BSIT 3RD YEAR\New VovGest\external_datasets\fullsign225_manual5_team_features_v2\THANKYOU\ANASTACIA_DIRECT_THANKYOU_030_2255404E.npy,copied,"(30, 225)",
ANASTACIA,DIRECT,WATER,C:\BSIT 3RD YEAR\New VovGest\external_datasets\team_incoming_recorded_features\ANASTACIA\recorded_features\fullsign225_manual5_team_features,C:\BSIT 3RD YEAR\New VovGest\external_datasets\team_incoming_recorded_features\ANASTACIA\recorded_features\fullsign225_manual5_team_features\WATER\ANASTACIA_WATER_001.npy,C:\BSIT 3RD YEAR\New VovGest\external_datasets\fullsign225_manual5_team_features_v2\WATER\ANASTACIA_DIRECT_WATER_001_288BD919.npy,copied,"(30, 225)",
ANASTACIA,DIRECT,WATER,C:\BSIT 3RD YEAR\New VovGest\external_datasets\team_incoming_recorded_features\ANASTACIA\recorded_features\fullsign225_manual5_team_features,C:\BSIT 3RD YEAR\New VovGest\external_datasets\team_incoming_recorded_features\ANASTACIA\recorded_features\fullsign225_manual5_team_features\WATER\ANASTACIA_WATER_002.npy,C:\BSIT 3RD YEAR\New VovGest\external_datasets\fullsign225_manual5_team_features_v2\WATER\ANASTACIA_DIRECT_WATER_002_7AE16160.npy,copied,"(30, 225)",
ANASTACIA,DIRECT,WATER,C:\BSIT 3RD YEAR\New VovGest\external_datasets\team_incoming_recorded_features\ANASTACIA\recorded_features\fullsign225_manual5_team_features,C:\BSIT 3RD YEAR\New VovGest\external_datasets\team_incoming_recorded_features\ANASTACIA\recorded_features\fullsign225_manual5_team_features\WATER\ANASTACIA_WATER_003.npy,C:\BSIT 3RD YEAR\New VovGest\external_datasets\fullsign225_manual5_team_features_v2\WATER\ANASTACIA_DIRECT_WATER_003_9FD3FED1.npy,copied,"(30, 225)",
ANASTACIA,DIRECT,WATER,C:\BSIT 3RD YEAR\New VovGest\external_datasets\team_incoming_recorded_features\ANASTACIA\recorded_features\fullsign225_manual5_team_features,C:\BSIT 3RD YEAR\New VovGest\external_datasets\team_incoming_recorded_features\ANASTACIA\recorded_features\fullsign225_manual5_team_features\WATER\ANASTACIA_WATER_004.npy,C:\BSIT 3RD YEAR\New VovGest\external_datasets\fullsign225_manual5_team_features_v2\WATER\ANASTACIA_DIRECT_WATER_004_405513AF.npy,copied,"(30, 225)",
ANASTACIA,DIRECT,WATER,C:\BSIT 3RD YEAR\New VovGest\external_datasets\team_incoming_recorded_features\ANASTACIA\recorded_features\fullsign225_manual5_team_features,C:\BSIT 3RD YEAR\New VovGest\external_datasets\team_incoming_recorded_features\ANASTACIA\recorded_features\fullsign225_manual5_team_features\WATER\ANASTACIA_WATER_005.npy,C:\BSIT 3RD YEAR\New VovGest\external_datasets\fullsign225_manual5_team_features_v2\WATER\ANASTACIA_DIRECT_WATER_005_E99C2AFC.npy,copied,"(30, 225)",
ANASTACIA,DIRECT,WATER,C:\BSIT 3RD YEAR\New VovGest\external_datasets\team_incoming_recorded_features\ANASTACIA\recorded_features\fullsign225_manual5_team_features,C:\BSIT 3RD YEAR\New VovGest\external_datasets\team_incoming_recorded_features\ANASTACIA\recorded_features\fullsign225_manual5_team_features\WATER\ANASTACIA_WATER_006.npy,C:\BSIT 3RD YEAR\New VovGest\external_datasets\fullsign225_manual5_team_features_v2\WATER\ANASTACIA_DIRECT_WATER_006_7CE9DD53.npy,copied,"(30, 225)",
ANASTACIA,DIRECT,WATER,C:\BSIT 3RD YEAR\New VovGest\external_datasets\team_incoming_recorded_features\ANASTACIA\recorded_features\fullsign225_manual5_team_features,C:\BSIT 3RD YEAR\New VovGest\external_datasets\team_incoming_recorded_features\ANASTACIA\recorded_features\fullsign225_manual5_team_features\WATER\ANASTACIA_WATER_007.npy,C:\BSIT 3RD YEAR\New VovGest\external_datasets\fullsign225_manual5_team_features_v2\WATER\ANASTACIA_DIRECT_WATER_007_95200EDB.npy,copied,"(30, 225)",
ANASTACIA,DIRECT,WATER,C:\BSIT 3RD YEAR\New VovGest\external_datasets\team_incoming_recorded_features\ANASTACIA\recorded_features\fullsign225_manual5_team_features,C:\BSIT 3RD YEAR\New VovGest\external_datasets\team_incoming_recorded_features\ANASTACIA\recorded_features\fullsign225_manual5_team_features\WATER\ANASTACIA_WATER_008.npy,C:\BSIT 3RD YEAR\New VovGest\external_datasets\fullsign225_manual5_team_features_v2\WATER\ANASTACIA_DIRECT_WATER_008_3A627667.npy,copied,"(30, 225)",
ANASTACIA,DIRECT,WATER,C:\BSIT 3RD YEAR\New VovGest\external_datasets\team_incoming_recorded_features\ANASTACIA\recorded_features\fullsign225_manual5_team_features,C:\BSIT 3RD YEAR\New VovGest\external_datasets\team_incoming_recorded_features\ANASTACIA\recorded_features\fullsign225_manual5_team_features\WATER\ANASTACIA_WATER_009.npy,C:\BSIT 3RD YEAR\New VovGest\external_datasets\fullsign225_manual5_team_features_v2\WATER\ANASTACIA_DIRECT_WATER_009_C67D2D87.npy,copied,"(30, 225)",
ANASTACIA,DIRECT,WATER,C:\BSIT 3RD YEAR\New VovGest\external_datasets\team_incoming_recorded_features\ANASTACIA\recorded_features\fullsign225_manual5_team_features,C:\BSIT 3RD YEAR\New VovGest\external_datasets\team_incoming_recorded_features\ANASTACIA\recorded_features\fullsign225_manual5_team_features\WATER\ANASTACIA_WATER_010.npy,C:\BSIT 3RD YEAR\New VovGest\external_datasets\fullsign225_manual5_team_features_v2\WATER\ANASTACIA_DIRECT_WATER_010_ADC0A4A0.npy,copied,"(30, 225)",
ANASTACIA,DIRECT,WATER,C:\BSIT 3RD YEAR\New VovGest\external_datasets\team_incoming_recorded_features\ANASTACIA\recorded_features\fullsign225_manual5_team_features,C:\BSIT 3RD YEAR\New VovGest\external_datasets\team_incoming_recorded_features\ANASTACIA\recorded_features\fullsign225_manual5_team_features\WATER\ANASTACIA_WATER_011.npy,C:\BSIT 3RD YEAR\New VovGest\external_datasets\fullsign225_manual5_team_features_v2\WATER\ANASTACIA_DIRECT_WATER_011_A5471B7A.npy,copied,"(30, 225)",
ANASTACIA,DIRECT,WATER,C:\BSIT 3RD YEAR\New VovGest\external_datasets\team_incoming_recorded_features\ANASTACIA\recorded_features\fullsign225_manual5_team_features,C:\BSIT 3RD YEAR\New VovGest\external_datasets\team_incoming_recorded_features\ANASTACIA\recorded_features\fullsign225_manual5_team_features\WATER\ANASTACIA_WATER_012.npy,C:\BSIT 3RD YEAR\New VovGest\external_datasets\fullsign225_manual5_team_features_v2\WATER\ANASTACIA_DIRECT_WATER_012_EFB39897.npy,copied,"(30, 225)",
ANASTACIA,DIRECT,WATER,C:\BSIT 3RD YEAR\New VovGest\external_datasets\team_incoming_recorded_features\ANASTACIA\recorded_features\fullsign225_manual5_team_features,C:\BSIT 3RD YEAR\New VovGest\external_datasets\team_incoming_recorded_features\ANASTACIA\recorded_features\fullsign225_manual5_team_features\WATER\ANASTACIA_WATER_013.npy,C:\BSIT 3RD YEAR\New VovGest\external_datasets\fullsign225_manual5_team_features_v2\WATER\ANASTACIA_DIRECT_WATER_013_342E583D.npy,copied,"(30, 225)",
ANASTACIA,DIRECT,WATER,C:\BSIT 3RD YEAR\New VovGest\external_datasets\team_incoming_recorded_features\ANASTACIA\recorded_features\fullsign225_manual5_team_features,C:\BSIT 3RD YEAR\New VovGest\external_datasets\team_incoming_recorded_features\ANASTACIA\recorded_features\fullsign225_manual5_team_features\WATER\ANASTACIA_WATER_014.npy,C:\BSIT 3RD YEAR\New VovGest\external_datasets\fullsign225_manual5_team_features_v2\WATER\ANASTACIA_DIRECT_WATER_014_BFF519DE.npy,copied,"(30, 225)",
ANASTACIA,DIRECT,WATER,C:\BSIT 3RD YEAR\New VovGest\external_datasets\team_incoming_recorded_features\ANASTACIA\recorded_features\fullsign225_manual5_team_features,C:\BSIT 3RD YEAR\New VovGest\external_datasets\team_incoming_recorded_features\ANASTACIA\recorded_features\fullsign225_manual5_team_features\WATER\ANASTACIA_WATER_015.npy,C:\BSIT 3RD YEAR\New VovGest\external_datasets\fullsign225_manual5_team_features_v2\WATER\ANASTACIA_DIRECT_WATER_015_873A3442.npy,copied,"(30, 225)",
ANASTACIA,DIRECT,WATER,C:\BSIT 3RD YEAR\New VovGest\external_datasets\team_incoming_recorded_features\ANASTACIA\recorded_features\fullsign225_manual5_team_features,C:\BSIT 3RD YEAR\New VovGest\external_datasets\team_incoming_recorded_features\ANASTACIA\recorded_features\fullsign225_manual5_team_features\WATER\ANASTACIA_WATER_016.npy,C:\BSIT 3RD YEAR\New VovGest\external_datasets\fullsign225_manual5_team_features_v2\WATER\ANASTACIA_DIRECT_WATER_016_A1212C71.npy,copied,"(30, 225)",
ANASTACIA,DIRECT,WATER,C:\BSIT 3RD YEAR\New VovGest\external_datasets\team_incoming_recorded_features\ANASTACIA\recorded_features\fullsign225_manual5_team_features,C:\BSIT 3RD YEAR\New VovGest\external_datasets\team_incoming_recorded_features\ANASTACIA\recorded_features\fullsign225_manual5_team_features\WATER\ANASTACIA_WATER_017.npy,C:\BSIT 3RD YEAR\New VovGest\external_datasets\fullsign225_manual5_team_features_v2\WATER\ANASTACIA_DIRECT_WATER_017_C54154F4.npy,copied,"(30, 225)",
ANASTACIA,DIRECT,WATER,C:\BSIT 3RD YEAR\New VovGest\external_datasets\team_incoming_recorded_features\ANASTACIA\recorded_features\fullsign225_manual5_team_features,C:\BSIT 3RD YEAR\New VovGest\external_datasets\team_incoming_recorded_features\ANASTACIA\recorded_features\fullsign225_manual5_team_features\WATER\ANASTACIA_WATER_018.npy,C:\BSIT 3RD YEAR\New VovGest\external_datasets\fullsign225_manual5_team_features_v2\WATER\ANASTACIA_DIRECT_WATER_018_363A4A06.npy,copied,"(30, 225)",
ANASTACIA,DIRECT,WATER,C:\BSIT 3RD YEAR\New VovGest\external_datasets\team_incoming_recorded_features\ANASTACIA\recorded_features\fullsign225_manual5_team_features,C:\BSIT 3RD YEAR\New VovGest\external_datasets\team_incoming_recorded_features\ANASTACIA\recorded_features\fullsign225_manual5_team_features\WATER\ANASTACIA_WATER_019.npy,C:\BSIT 3RD YEAR\New VovGest\external_datasets\fullsign225_manual5_team_features_v2\WATER\ANASTACIA_DIRECT_WATER_019_DF5F5710.npy,copied,"(30, 225)",
ANASTACIA,DIRECT,WATER,C:\BSIT 3RD YEAR\New VovGest\external_datasets\team_incoming_recorded_features\ANASTACIA\recorded_features\fullsign225_manual5_team_features,C:\BSIT 3RD YEAR\New VovGest\external_datasets\team_incoming_recorded_features\ANASTACIA\recorded_features\fullsign225_manual5_team_features\WATER\ANASTACIA_WATER_020.npy,C:\BSIT 3RD YEAR\New VovGest\external_datasets\fullsign225_manual5_team_features_v2\WATER\ANASTACIA_DIRECT_WATER_020_25A54727.npy,copied,"(30, 225)",
ANASTACIA,DIRECT,WATER,C:\BSIT 3RD YEAR\New VovGest\external_datasets\team_incoming_recorded_features\ANASTACIA\recorded_features\fullsign225_manual5_team_features,C:\BSIT 3RD YEAR\New VovGest\external_datasets\team_incoming_recorded_features\ANASTACIA\recorded_features\fullsign225_manual5_team_features\WATER\ANASTACIA_WATER_021.npy,C:\BSIT 3RD YEAR\New VovGest\external_datasets\fullsign225_manual5_team_features_v2\WATER\ANASTACIA_DIRECT_WATER_021_FDFD1403.npy,copied,"(30, 225)",
ANASTACIA,DIRECT,WATER,C:\BSIT 3RD YEAR\New VovGest\external_datasets\team_incoming_recorded_features\ANASTACIA\recorded_features\fullsign225_manual5_team_features,C:\BSIT 3RD YEAR\New VovGest\external_datasets\team_incoming_recorded_features\ANASTACIA\recorded_features\fullsign225_manual5_team_features\WATER\ANASTACIA_WATER_022.npy,C:\BSIT 3RD YEAR\New VovGest\external_datasets\fullsign225_manual5_team_features_v2\WATER\ANASTACIA_DIRECT_WATER_022_EC2019D5.npy,copied,"(30, 225)",
ANASTACIA,DIRECT,WATER,C:\BSIT 3RD YEAR\New VovGest\external_datasets\team_incoming_recorded_features\ANASTACIA\recorded_features\fullsign225_manual5_team_features,C:\BSIT 3RD YEAR\New VovGest\external_datasets\team_incoming_recorded_features\ANASTACIA\recorded_features\fullsign225_manual5_team_features\WATER\ANASTACIA_WATER_023.npy,C:\BSIT 3RD YEAR\New VovGest\external_datasets\fullsign225_manual5_team_features_v2\WATER\ANASTACIA_DIRECT_WATER_023_AF915D92.npy,copied,"(30, 225)",
ANASTACIA,DIRECT,WATER,C:\BSIT 3RD YEAR\New VovGest\external_datasets\team_incoming_recorded_features\ANASTACIA\recorded_features\fullsign225_manual5_team_features,C:\BSIT 3RD YEAR\New VovGest\external_datasets\team_incoming_recorded_features\ANASTACIA\recorded_features\fullsign225_manual5_team_features\WATER\ANASTACIA_WATER_024.npy,C:\BSIT 3RD YEAR\New VovGest\external_datasets\fullsign225_manual5_team_features_v2\WATER\ANASTACIA_DIRECT_WATER_024_7C11E21C.npy,copied,"(30, 225)",
ANASTACIA,DIRECT,WATER,C:\BSIT 3RD YEAR\New VovGest\external_datasets\team_incoming_recorded_features\ANASTACIA\recorded_features\fullsign225_manual5_team_features,C:\BSIT 3RD YEAR\New VovGest\external_datasets\team_incoming_recorded_features\ANASTACIA\recorded_features\fullsign225_manual5_team_features\WATER\ANASTACIA_WATER_025.npy,C:\BSIT 3RD YEAR\New VovGest\external_datasets\fullsign225_manual5_team_features_v2\WATER\ANASTACIA_DIRECT_WATER_025_039B60BE.npy,copied,"(30, 225)",
ANASTACIA,DIRECT,WATER,C:\BSIT 3RD YEAR\New VovGest\external_datasets\team_incoming_recorded_features\ANASTACIA\recorded_features\fullsign225_manual5_team_features,C:\BSIT 3RD YEAR\New VovGest\external_datasets\team_incoming_recorded_features\ANASTACIA\recorded_features\fullsign225_manual5_team_features\WATER\ANASTACIA_WATER_026.npy,C:\BSIT 3RD YEAR\New VovGest\external_datasets\fullsign225_manual5_team_features_v2\WATER\ANASTACIA_DIRECT_WATER_026_2C50F505.npy,copied,"(30, 225)",
ANASTACIA,DIRECT,WATER,C:\BSIT 3RD YEAR\New VovGest\external_datasets\team_incoming_recorded_features\ANASTACIA\recorded_features\fullsign225_manual5_team_features,C:\BSIT 3RD YEAR\New VovGest\external_datasets\team_incoming_recorded_features\ANASTACIA\recorded_features\fullsign225_manual5_team_features\WATER\ANASTACIA_WATER_027.npy,C:\BSIT 3RD YEAR\New VovGest\external_datasets\fullsign225_manual5_team_features_v2\WATER\ANASTACIA_DIRECT_WATER_027_77429725.npy,copied,"(30, 225)",
ANASTACIA,DIRECT,WATER,C:\BSIT 3RD YEAR\New VovGest\external_datasets\team_incoming_recorded_features\ANASTACIA\recorded_features\fullsign225_manual5_team_features,C:\BSIT 3RD YEAR\New VovGest\external_datasets\team_incoming_recorded_features\ANASTACIA\recorded_features\fullsign225_manual5_team_features\WATER\ANASTACIA_WATER_028.npy,C:\BSIT 3RD YEAR\New VovGest\external_datasets\fullsign225_manual5_team_features_v2\WATER\ANASTACIA_DIRECT_WATER_028_1A776071.npy,copied,"(30, 225)",
ANASTACIA,DIRECT,WATER,C:\BSIT 3RD YEAR\New VovGest\external_datasets\team_incoming_recorded_features\ANASTACIA\recorded_features\fullsign225_manual5_team_features,C:\BSIT 3RD YEAR\New VovGest\external_datasets\team_incoming_recorded_features\ANASTACIA\recorded_features\fullsign225_manual5_team_features\WATER\ANASTACIA_WATER_029.npy,C:\BSIT 3RD YEAR\New VovGest\external_datasets\fullsign225_manual5_team_features_v2\WATER\ANASTACIA_DIRECT_WATER_029_8411990A.npy,copied,"(30, 225)",
ANASTACIA,DIRECT,WATER,C:\BSIT 3RD YEAR\New VovGest\external_datasets\team_incoming_recorded_features\ANASTACIA\recorded_features\fullsign225_manual5_team_features,C:\BSIT 3RD YEAR\New VovGest\external_datasets\team_incoming_recorded_features\ANASTACIA\recorded_features\fullsign225_manual5_team_features\WATER\ANASTACIA_WATER_030.npy,C:\BSIT 3RD YEAR\New VovGest\external_datasets\fullsign225_manual5_team_features_v2\WATER\ANASTACIA_DIRECT_WATER_030_E5A40792.npy,copied,"(30, 225)",
EARLE,DIRECT,EAT,C:\BSIT 3RD YEAR\New VovGest\external_datasets\team_incoming_recorded_features\EARLE\recorded_features\fullsign225_manual5_team_features,C:\BSIT 3RD YEAR\New VovGest\external_datasets\team_incoming_recorded_features\EARLE\recorded_features\fullsign225_manual5_team_features\recorded_features\fullsign225_manual5_team_features\EAT\TEAMMATE_A_EAT_001.npy,C:\BSIT 3RD YEAR\New VovGest\external_datasets\fullsign225_manual5_team_features_v2\EAT\EARLE_DIRECT_EAT_032_5C05E084.npy,copied,"(30, 225)",
MARIELLA,DIRECT,EAT,C:\BSIT 3RD YEAR\New VovGest\external_datasets\team_incoming_recorded_features\MARIELLA\recorded_features\fullsign225_manual5_team_features,C:\BSIT 3RD YEAR\New VovGest\external_datasets\team_incoming_recorded_features\MARIELLA\recorded_features\fullsign225_manual5_team_features\recorded_features\fullsign225_manual5_team_features\EAT\MARIELLA_EAT_001.npy,C:\BSIT 3RD YEAR\New VovGest\external_datasets\fullsign225_manual5_team_features_v2\EAT\MARIELLA_DIRECT_EAT_033_6579695F.npy,copied,"(30, 225)",
MARIELLA,DIRECT,EAT,C:\BSIT 3RD YEAR\New VovGest\external_datasets\team_incoming_recorded_features\MARIELLA\recorded_features\fullsign225_manual5_team_features,C:\BSIT 3RD YEAR\New VovGest\external_datasets\team_incoming_recorded_features\MARIELLA\recorded_features\fullsign225_manual5_team_features\recorded_features\fullsign225_manual5_team_features\EAT\MARIELLA_EAT_002.npy,C:\BSIT 3RD YEAR\New VovGest\external_datasets\fullsign225_manual5_team_features_v2\EAT\MARIELLA_DIRECT_EAT_034_9F8490B4.npy,copied,"(30, 225)",
MARIELLA,DIRECT,EAT,C:\BSIT 3RD YEAR\New VovGest\external_datasets\team_incoming_recorded_features\MARIELLA\recorded_features\fullsign225_manual5_team_features,C:\BSIT 3RD YEAR\New VovGest\external_datasets\team_incoming_recorded_features\MARIELLA\recorded_features\fullsign225_manual5_team_features\recorded_features\fullsign225_manual5_team_features\EAT\MARIELLA_EAT_003.npy,C:\BSIT 3RD YEAR\New VovGest\external_datasets\fullsign225_manual5_team_features_v2\EAT\MARIELLA_DIRECT_EAT_035_79D2C9B7.npy,copied,"(30, 225)",
MARIELLA,DIRECT,EAT,C:\BSIT 3RD YEAR\New VovGest\external_datasets\team_incoming_recorded_features\MARIELLA\recorded_features\fullsign225_manual5_team_features,C:\BSIT 3RD YEAR\New VovGest\external_datasets\team_incoming_recorded_features\MARIELLA\recorded_features\fullsign225_manual5_team_features\recorded_features\fullsign225_manual5_team_features\EAT\MARIELLA_EAT_004.npy,C:\BSIT 3RD YEAR\New VovGest\external_datasets\fullsign225_manual5_team_features_v2\EAT\MARIELLA_DIRECT_EAT_036_878F7528.npy,copied,"(30, 225)",
MARIELLA,DIRECT,EAT,C:\BSIT 3RD YEAR\New VovGest\external_datasets\team_incoming_recorded_features\MARIELLA\recorded_features\fullsign225_manual5_team_features,C:\BSIT 3RD YEAR\New VovGest\external_datasets\team_incoming_recorded_features\MARIELLA\recorded_features\fullsign225_manual5_team_features\recorded_features\fullsign225_manual5_team_features\EAT\MARIELLA_EAT_005.npy,C:\BSIT 3RD YEAR\New VovGest\external_datasets\fullsign225_manual5_team_features_v2\EAT\MARIELLA_DIRECT_EAT_037_3908C282.npy,copied,"(30, 225)",
MARIELLA,DIRECT,EAT,C:\BSIT 3RD YEAR\New VovGest\external_datasets\team_incoming_recorded_features\MARIELLA\recorded_features\fullsign225_manual5_team_features,C:\BSIT 3RD YEAR\New VovGest\external_datasets\team_incoming_recorded_features\MARIELLA\recorded_features\fullsign225_manual5_team_features\recorded_features\fullsign225_manual5_team_features\EAT\MARIELLA_EAT_006.npy,C:\BSIT 3RD YEAR\New VovGest\external_datasets\fullsign225_manual5_team_features_v2\EAT\MARIELLA_DIRECT_EAT_038_81CCD24B.npy,copied,"(30, 225)",
MARIELLA,DIRECT,EAT,C:\BSIT 3RD YEAR\New VovGest\external_datasets\team_incoming_recorded_features\MARIELLA\recorded_features\fullsign225_manual5_team_features,C:\BSIT 3RD YEAR\New VovGest\external_datasets\team_incoming_recorded_features\MARIELLA\recorded_features\fullsign225_manual5_team_features\recorded_features\fullsign225_manual5_team_features\EAT\MARIELLA_EAT_007.npy,C:\BSIT 3RD YEAR\New VovGest\external_datasets\fullsign225_manual5_team_features_v2\EAT\MARIELLA_DIRECT_EAT_039_50323849.npy,copied,"(30, 225)",
MARIELLA,DIRECT,EAT,C:\BSIT 3RD YEAR\New VovGest\external_datasets\team_incoming_recorded_features\MARIELLA\recorded_features\fullsign225_manual5_team_features,C:\BSIT 3RD YEAR\New VovGest\external_datasets\team_incoming_recorded_features\MARIELLA\recorded_features\fullsign225_manual5_team_features\recorded_features\fullsign225_manual5_team_features\EAT\MARIELLA_EAT_008.npy,C:\BSIT 3RD YEAR\New VovGest\external_datasets\fullsign225_manual5_team_features_v2\EAT\MARIELLA_DIRECT_EAT_040_3B6E89D1.npy,copied,"(30, 225)",
MARIELLA,DIRECT,EAT,C:\BSIT 3RD YEAR\New VovGest\external_datasets\team_incoming_recorded_features\MARIELLA\recorded_features\fullsign225_manual5_team_features,C:\BSIT 3RD YEAR\New VovGest\external_datasets\team_incoming_recorded_features\MARIELLA\recorded_features\fullsign225_manual5_team_features\recorded_features\fullsign225_manual5_team_features\EAT\MARIELLA_EAT_009.npy,C:\BSIT 3RD YEAR\New VovGest\external_datasets\fullsign225_manual5_team_features_v2\EAT\MARIELLA_DIRECT_EAT_041_70EC1974.npy,copied,"(30, 225)",
MARIELLA,DIRECT,EAT,C:\BSIT 3RD YEAR\New VovGest\external_datasets\team_incoming_recorded_features\MARIELLA\recorded_features\fullsign225_manual5_team_features,C:\BSIT 3RD YEAR\New VovGest\external_datasets\team_incoming_recorded_features\MARIELLA\recorded_features\fullsign225_manual5_team_features\recorded_features\fullsign225_manual5_team_features\EAT\MARIELLA_EAT_010.npy,C:\BSIT 3RD YEAR\New VovGest\external_datasets\fullsign225_manual5_team_features_v2\EAT\MARIELLA_DIRECT_EAT_042_EE025BD2.npy,copied,"(30, 225)",
MARIELLA,DIRECT,EAT,C:\BSIT 3RD YEAR\New VovGest\external_datasets\team_incoming_recorded_features\MARIELLA\recorded_features\fullsign225_manual5_team_features,C:\BSIT 3RD YEAR\New VovGest\external_datasets\team_incoming_recorded_features\MARIELLA\recorded_features\fullsign225_manual5_team_features\recorded_features\fullsign225_manual5_team_features\EAT\MARIELLA_EAT_011.npy,C:\BSIT 3RD YEAR\New VovGest\external_datasets\fullsign225_manual5_team_features_v2\EAT\MARIELLA_DIRECT_EAT_043_93A8B4AF.npy,copied,"(30, 225)",
MARIELLA,DIRECT,EAT,C:\BSIT 3RD YEAR\New VovGest\external_datasets\team_incoming_recorded_features\MARIELLA\recorded_features\fullsign225_manual5_team_features,C:\BSIT 3RD YEAR\New VovGest\external_datasets\team_incoming_recorded_features\MARIELLA\recorded_features\fullsign225_manual5_team_features\recorded_features\fullsign225_manual5_team_features\EAT\MARIELLA_EAT_012.npy,C:\BSIT 3RD YEAR\New VovGest\external_datasets\fullsign225_manual5_team_features_v2\EAT\MARIELLA_DIRECT_EAT_044_0CA1FB13.npy,copied,"(30, 225)",
MARIELLA,DIRECT,EAT,C:\BSIT 3RD YEAR\New VovGest\external_datasets\team_incoming_recorded_features\MARIELLA\recorded_features\fullsign225_manual5_team_features,C:\BSIT 3RD YEAR\New VovGest\external_datasets\team_incoming_recorded_features\MARIELLA\recorded_features\fullsign225_manual5_team_features\recorded_features\fullsign225_manual5_team_features\EAT\MARIELLA_EAT_013.npy,C:\BSIT 3RD YEAR\New VovGest\external_datasets\fullsign225_manual5_team_features_v2\EAT\MARIELLA_DIRECT_EAT_045_0966F8DF.npy,copied,"(30, 225)",
MARIELLA,DIRECT,EAT,C:\BSIT 3RD YEAR\New VovGest\external_datasets\team_incoming_recorded_features\MARIELLA\recorded_features\fullsign225_manual5_team_features,C:\BSIT 3RD YEAR\New VovGest\external_datasets\team_incoming_recorded_features\MARIELLA\recorded_features\fullsign225_manual5_team_features\recorded_features\fullsign225_manual5_team_features\EAT\MARIELLA_EAT_014.npy,C:\BSIT 3RD YEAR\New VovGest\external_datasets\fullsign225_manual5_team_features_v2\EAT\MARIELLA_DIRECT_EAT_046_AAD53CF8.npy,copied,"(30, 225)",
MARIELLA,DIRECT,EAT,C:\BSIT 3RD YEAR\New VovGest\external_datasets\team_incoming_recorded_features\MARIELLA\recorded_features\fullsign225_manual5_team_features,C:\BSIT 3RD YEAR\New VovGest\external_datasets\team_incoming_recorded_features\MARIELLA\recorded_features\fullsign225_manual5_team_features\recorded_features\fullsign225_manual5_team_features\EAT\MARIELLA_EAT_015.npy,C:\BSIT 3RD YEAR\New VovGest\external_datasets\fullsign225_manual5_team_features_v2\EAT\MARIELLA_DIRECT_EAT_047_D42FE625.npy,copied,"(30, 225)",
MARIELLA,DIRECT,EAT,C:\BSIT 3RD YEAR\New VovGest\external_datasets\team_incoming_recorded_features\MARIELLA\recorded_features\fullsign225_manual5_team_features,C:\BSIT 3RD YEAR\New VovGest\external_datasets\team_incoming_recorded_features\MARIELLA\recorded_features\fullsign225_manual5_team_features\recorded_features\fullsign225_manual5_team_features\EAT\MARIELLA_EAT_016.npy,C:\BSIT 3RD YEAR\New VovGest\external_datasets\fullsign225_manual5_team_features_v2\EAT\MARIELLA_DIRECT_EAT_048_B11A9BCF.npy,copied,"(30, 225)",
MARIELLA,DIRECT,EAT,C:\BSIT 3RD YEAR\New VovGest\external_datasets\team_incoming_recorded_features\MARIELLA\recorded_features\fullsign225_manual5_team_features,C:\BSIT 3RD YEAR\New VovGest\external_datasets\team_incoming_recorded_features\MARIELLA\recorded_features\fullsign225_manual5_team_features\recorded_features\fullsign225_manual5_team_features\EAT\MARIELLA_EAT_017.npy,C:\BSIT 3RD YEAR\New VovGest\external_datasets\fullsign225_manual5_team_features_v2\EAT\MARIELLA_DIRECT_EAT_049_8317CE63.npy,copied,"(30, 225)",
MARIELLA,DIRECT,EAT,C:\BSIT 3RD YEAR\New VovGest\external_datasets\team_incoming_recorded_features\MARIELLA\recorded_features\fullsign225_manual5_team_features,C:\BSIT 3RD YEAR\New VovGest\external_datasets\team_incoming_recorded_features\MARIELLA\recorded_features\fullsign225_manual5_team_features\recorded_features\fullsign225_manual5_team_features\EAT\MARIELLA_EAT_018.npy,C:\BSIT 3RD YEAR\New VovGest\external_datasets\fullsign225_manual5_team_features_v2\EAT\MARIELLA_DIRECT_EAT_050_D4F2C833.npy,copied,"(30, 225)",
MARIELLA,DIRECT,EAT,C:\BSIT 3RD YEAR\New VovGest\external_datasets\team_incoming_recorded_features\MARIELLA\recorded_features\fullsign225_manual5_team_features,C:\BSIT 3RD YEAR\New VovGest\external_datasets\team_incoming_recorded_features\MARIELLA\recorded_features\fullsign225_manual5_team_features\recorded_features\fullsign225_manual5_team_features\EAT\MARIELLA_EAT_019.npy,C:\BSIT 3RD YEAR\New VovGest\external_datasets\fullsign225_manual5_team_features_v2\EAT\MARIELLA_DIRECT_EAT_051_42A5396A.npy,copied,"(30, 225)",
MARIELLA,DIRECT,EAT,C:\BSIT 3RD YEAR\New VovGest\external_datasets\team_incoming_recorded_features\MARIELLA\recorded_features\fullsign225_manual5_team_features,C:\BSIT 3RD YEAR\New VovGest\external_datasets\team_incoming_recorded_features\MARIELLA\recorded_features\fullsign225_manual5_team_features\recorded_features\fullsign225_manual5_team_features\EAT\MARIELLA_EAT_020.npy,C:\BSIT 3RD YEAR\New VovGest\external_datasets\fullsign225_manual5_team_features_v2\EAT\MARIELLA_DIRECT_EAT_052_585DF38A.npy,copied,"(30, 225)",
MARIELLA,DIRECT,EAT,C:\BSIT 3RD YEAR\New VovGest\external_datasets\team_incoming_recorded_features\MARIELLA\recorded_features\fullsign225_manual5_team_features,C:\BSIT 3RD YEAR\New VovGest\external_datasets\team_incoming_recorded_features\MARIELLA\recorded_features\fullsign225_manual5_team_features\recorded_features\fullsign225_manual5_team_features\EAT\MARIELLA_EAT_021.npy,C:\BSIT 3RD YEAR\New VovGest\external_datasets\fullsign225_manual5_team_features_v2\EAT\MARIELLA_DIRECT_EAT_053_EA1C7450.npy,copied,"(30, 225)",
MARIELLA,DIRECT,EAT,C:\BSIT 3RD YEAR\New VovGest\external_datasets\team_incoming_recorded_features\MARIELLA\recorded_features\fullsign225_manual5_team_features,C:\BSIT 3RD YEAR\New VovGest\external_datasets\team_incoming_recorded_features\MARIELLA\recorded_features\fullsign225_manual5_team_features\recorded_features\fullsign225_manual5_team_features\EAT\MARIELLA_EAT_022.npy,C:\BSIT 3RD YEAR\New VovGest\external_datasets\fullsign225_manual5_team_features_v2\EAT\MARIELLA_DIRECT_EAT_054_9D8031B5.npy,copied,"(30, 225)",
MARIELLA,DIRECT,EAT,C:\BSIT 3RD YEAR\New VovGest\external_datasets\team_incoming_recorded_features\MARIELLA\recorded_features\fullsign225_manual5_team_features,C:\BSIT 3RD YEAR\New VovGest\external_datasets\team_incoming_recorded_features\MARIELLA\recorded_features\fullsign225_manual5_team_features\recorded_features\fullsign225_manual5_team_features\EAT\MARIELLA_EAT_023.npy,C:\BSIT 3RD YEAR\New VovGest\external_datasets\fullsign225_manual5_team_features_v2\EAT\MARIELLA_DIRECT_EAT_055_2D34F570.npy,copied,"(30, 225)",
MARIELLA,DIRECT,EAT,C:\BSIT 3RD YEAR\New VovGest\external_datasets\team_incoming_recorded_features\MARIELLA\recorded_features\fullsign225_manual5_team_features,C:\BSIT 3RD YEAR\New VovGest\external_datasets\team_incoming_recorded_features\MARIELLA\recorded_features\fullsign225_manual5_team_features\recorded_features\fullsign225_manual5_team_features\EAT\MARIELLA_EAT_024.npy,C:\BSIT 3RD YEAR\New VovGest\external_datasets\fullsign225_manual5_team_features_v2\EAT\MARIELLA_DIRECT_EAT_056_08025A36.npy,copied,"(30, 225)",
MARIELLA,DIRECT,EAT,C:\BSIT 3RD YEAR\New VovGest\external_datasets\team_incoming_recorded_features\MARIELLA\recorded_features\fullsign225_manual5_team_features,C:\BSIT 3RD YEAR\New VovGest\external_datasets\team_incoming_recorded_features\MARIELLA\recorded_features\fullsign225_manual5_team_features\recorded_features\fullsign225_manual5_team_features\EAT\MARIELLA_EAT_025.npy,C:\BSIT 3RD YEAR\New VovGest\external_datasets\fullsign225_manual5_team_features_v2\EAT\MARIELLA_DIRECT_EAT_057_C691BE47.npy,copied,"(30, 225)",
MARIELLA,DIRECT,EAT,C:\BSIT 3RD YEAR\New VovGest\external_datasets\team_incoming_recorded_features\MARIELLA\recorded_features\fullsign225_manual5_team_features,C:\BSIT 3RD YEAR\New VovGest\external_datasets\team_incoming_recorded_features\MARIELLA\recorded_features\fullsign225_manual5_team_features\recorded_features\fullsign225_manual5_team_features\EAT\MARIELLA_EAT_026.npy,C:\BSIT 3RD YEAR\New VovGest\external_datasets\fullsign225_manual5_team_features_v2\EAT\MARIELLA_DIRECT_EAT_058_25A13BE7.npy,copied,"(30, 225)",
MARIELLA,DIRECT,EAT,C:\BSIT 3RD YEAR\New VovGest\external_datasets\team_incoming_recorded_features\MARIELLA\recorded_features\fullsign225_manual5_team_features,C:\BSIT 3RD YEAR\New VovGest\external_datasets\team_incoming_recorded_features\MARIELLA\recorded_features\fullsign225_manual5_team_features\recorded_features\fullsign225_manual5_team_features\EAT\MARIELLA_EAT_027.npy,C:\BSIT 3RD YEAR\New VovGest\external_datasets\fullsign225_manual5_team_features_v2\EAT\MARIELLA_DIRECT_EAT_059_0AC861BF.npy,copied,"(30, 225)",
MARIELLA,DIRECT,EAT,C:\BSIT 3RD YEAR\New VovGest\external_datasets\team_incoming_recorded_features\MARIELLA\recorded_features\fullsign225_manual5_team_features,C:\BSIT 3RD YEAR\New VovGest\external_datasets\team_incoming_recorded_features\MARIELLA\recorded_features\fullsign225_manual5_team_features\recorded_features\fullsign225_manual5_team_features\EAT\MARIELLA_EAT_028.npy,C:\BSIT 3RD YEAR\New VovGest\external_datasets\fullsign225_manual5_team_features_v2\EAT\MARIELLA_DIRECT_EAT_060_17B94C9E.npy,copied,"(30, 225)",
MARIELLA,DIRECT,EAT,C:\BSIT 3RD YEAR\New VovGest\external_datasets\team_incoming_recorded_features\MARIELLA\recorded_features\fullsign225_manual5_team_features,C:\BSIT 3RD YEAR\New VovGest\external_datasets\team_incoming_recorded_features\MARIELLA\recorded_features\fullsign225_manual5_team_features\recorded_features\fullsign225_manual5_team_features\EAT\MARIELLA_EAT_029.npy,C:\BSIT 3RD YEAR\New VovGest\external_datasets\fullsign225_manual5_team_features_v2\EAT\MARIELLA_DIRECT_EAT_061_92CB8783.npy,copied,"(30, 225)",
MARIELLA,DIRECT,EAT,C:\BSIT 3RD YEAR\New VovGest\external_datasets\team_incoming_recorded_features\MARIELLA\recorded_features\fullsign225_manual5_team_features,C:\BSIT 3RD YEAR\New VovGest\external_datasets\team_incoming_recorded_features\MARIELLA\recorded_features\fullsign225_manual5_team_features\recorded_features\fullsign225_manual5_team_features\EAT\MARIELLA_EAT_030.npy,C:\BSIT 3RD YEAR\New VovGest\external_datasets\fullsign225_manual5_team_features_v2\EAT\MARIELLA_DIRECT_EAT_062_C0F77AE2.npy,copied,"(30, 225)",
MARIELLA,DIRECT,EAT,C:\BSIT 3RD YEAR\New VovGest\external_datasets\team_incoming_recorded_features\MARIELLA\recorded_features\fullsign225_manual5_team_features,C:\BSIT 3RD YEAR\New VovGest\external_datasets\team_incoming_recorded_features\MARIELLA\recorded_features\fullsign225_manual5_team_features\recorded_features\fullsign225_manual5_team_features\EAT\MARIELLA_EAT_031.npy,C:\BSIT 3RD YEAR\New VovGest\external_datasets\fullsign225_manual5_team_features_v2\EAT\MARIELLA_DIRECT_EAT_063_30C9A68B.npy,copied,"(30, 225)",
MARIELLA,DIRECT,EAT,C:\BSIT 3RD YEAR\New VovGest\external_datasets\team_incoming_recorded_features\MARIELLA\recorded_features\fullsign225_manual5_team_features,C:\BSIT 3RD YEAR\New VovGest\external_datasets\team_incoming_recorded_features\MARIELLA\recorded_features\fullsign225_manual5_team_features\recorded_features\fullsign225_manual5_team_features\EAT\MARIELLA_EAT_032.npy,C:\BSIT 3RD YEAR\New VovGest\external_datasets\fullsign225_manual5_team_features_v2\EAT\MARIELLA_DIRECT_EAT_064_D05A4BDA.npy,copied,"(30, 225)",
MARIELLA,DIRECT,EAT,C:\BSIT 3RD YEAR\New VovGest\external_datasets\team_incoming_recorded_features\MARIELLA\recorded_features\fullsign225_manual5_team_features,C:\BSIT 3RD YEAR\New VovGest\external_datasets\team_incoming_recorded_features\MARIELLA\recorded_features\fullsign225_manual5_team_features\recorded_features\fullsign225_manual5_team_features\EAT\MARIELLA_EAT_033.npy,C:\BSIT 3RD YEAR\New VovGest\external_datasets\fullsign225_manual5_team_features_v2\EAT\MARIELLA_DIRECT_EAT_065_E198EA74.npy,copied,"(30, 225)",
MARIELLA,DIRECT,EAT,C:\BSIT 3RD YEAR\New VovGest\external_datasets\team_incoming_recorded_features\MARIELLA\recorded_features\fullsign225_manual5_team_features,C:\BSIT 3RD YEAR\New VovGest\external_datasets\team_incoming_recorded_features\MARIELLA\recorded_features\fullsign225_manual5_team_features\recorded_features\fullsign225_manual5_team_features\EAT\MARIELLA_EAT_034.npy,C:\BSIT 3RD YEAR\New VovGest\external_datasets\fullsign225_manual5_team_features_v2\EAT\MARIELLA_DIRECT_EAT_066_D87E2F35.npy,copied,"(30, 225)",
MARIELLA,DIRECT,EAT,C:\BSIT 3RD YEAR\New VovGest\external_datasets\team_incoming_recorded_features\MARIELLA\recorded_features\fullsign225_manual5_team_features,C:\BSIT 3RD YEAR\New VovGest\external_datasets\team_incoming_recorded_features\MARIELLA\recorded_features\fullsign225_manual5_team_features\recorded_features\fullsign225_manual5_team_features\EAT\MARIELLA_EAT_035.npy,C:\BSIT 3RD YEAR\New VovGest\external_datasets\fullsign225_manual5_team_features_v2\EAT\MARIELLA_DIRECT_EAT_067_AAEF1ABE.npy,copied,"(30, 225)",
MARIELLA,DIRECT,EAT,C:\BSIT 3RD YEAR\New VovGest\external_datasets\team_incoming_recorded_features\MARIELLA\recorded_features\fullsign225_manual5_team_features,C:\BSIT 3RD YEAR\New VovGest\external_datasets\team_incoming_recorded_features\MARIELLA\recorded_features\fullsign225_manual5_team_features\recorded_features\fullsign225_manual5_team_features\EAT\MARIELLA_EAT_036.npy,C:\BSIT 3RD YEAR\New VovGest\external_datasets\fullsign225_manual5_team_features_v2\EAT\MARIELLA_DIRECT_EAT_068_ADBD13B8.npy,copied,"(30, 225)",
MARIELLA,DIRECT,EAT,C:\BSIT 3RD YEAR\New VovGest\external_datasets\team_incoming_recorded_features\MARIELLA\recorded_features\fullsign225_manual5_team_features,C:\BSIT 3RD YEAR\New VovGest\external_datasets\team_incoming_recorded_features\MARIELLA\recorded_features\fullsign225_manual5_team_features\recorded_features\fullsign225_manual5_team_features\EAT\MARIELLA_EAT_037.npy,C:\BSIT 3RD YEAR\New VovGest\external_datasets\fullsign225_manual5_team_features_v2\EAT\MARIELLA_DIRECT_EAT_069_F099210C.npy,copied,"(30, 225)",
MARIELLA,DIRECT,EAT,C:\BSIT 3RD YEAR\New VovGest\external_datasets\team_incoming_recorded_features\MARIELLA\recorded_features\fullsign225_manual5_team_features,C:\BSIT 3RD YEAR\New VovGest\external_datasets\team_incoming_recorded_features\MARIELLA\recorded_features\fullsign225_manual5_team_features\recorded_features\fullsign225_manual5_team_features\EAT\MARIELLA_EAT_038.npy,C:\BSIT 3RD YEAR\New VovGest\external_datasets\fullsign225_manual5_team_features_v2\EAT\MARIELLA_DIRECT_EAT_070_A88F34D1.npy,copied,"(30, 225)",
MARIELLA,DIRECT,EAT,C:\BSIT 3RD YEAR\New VovGest\external_datasets\team_incoming_recorded_features\MARIELLA\recorded_features\fullsign225_manual5_team_features,C:\BSIT 3RD YEAR\New VovGest\external_datasets\team_incoming_recorded_features\MARIELLA\recorded_features\fullsign225_manual5_team_features\recorded_features\fullsign225_manual5_team_features\EAT\MARIELLA_EAT_039.npy,C:\BSIT 3RD YEAR\New VovGest\external_datasets\fullsign225_manual5_team_features_v2\EAT\MARIELLA_DIRECT_EAT_071_17406C17.npy,copied,"(30, 225)",
MARIELLA,DIRECT,EAT,C:\BSIT 3RD YEAR\New VovGest\external_datasets\team_incoming_recorded_features\MARIELLA\recorded_features\fullsign225_manual5_team_features,C:\BSIT 3RD YEAR\New VovGest\external_datasets\team_incoming_recorded_features\MARIELLA\recorded_features\fullsign225_manual5_team_features\recorded_features\fullsign225_manual5_team_features\EAT\MARIELLA_EAT_040.npy,C:\BSIT 3RD YEAR\New VovGest\external_datasets\fullsign225_manual5_team_features_v2\EAT\MARIELLA_DIRECT_EAT_072_AB31BFE9.npy,copied,"(30, 225)",
MARIELLA,DIRECT,EAT,C:\BSIT 3RD YEAR\New VovGest\external_datasets\team_incoming_recorded_features\MARIELLA\recorded_features\fullsign225_manual5_team_features,C:\BSIT 3RD YEAR\New VovGest\external_datasets\team_incoming_recorded_features\MARIELLA\recorded_features\fullsign225_manual5_team_features\recorded_features\fullsign225_manual5_team_features\EAT\TEAMMATE_A_EAT_001.npy,C:\BSIT 3RD YEAR\New VovGest\external_datasets\fullsign225_manual5_team_features_v2\EAT\MARIELLA_DIRECT_EAT_073_1F1BC02A.npy,copied,"(30, 225)",
MARIELLA,DIRECT,HELLO,C:\BSIT 3RD YEAR\New VovGest\external_datasets\team_incoming_recorded_features\MARIELLA\recorded_features\fullsign225_manual5_team_features,C:\BSIT 3RD YEAR\New VovGest\external_datasets\team_incoming_recorded_features\MARIELLA\recorded_features\fullsign225_manual5_team_features\recorded_features\fullsign225_manual5_team_features\HELLO\MARIELLA_HELLO_001.npy,C:\BSIT 3RD YEAR\New VovGest\external_datasets\fullsign225_manual5_team_features_v2\HELLO\MARIELLA_DIRECT_HELLO_031_A49B07C7.npy,copied,"(30, 225)",
MARIELLA,DIRECT,HELLO,C:\BSIT 3RD YEAR\New VovGest\external_datasets\team_incoming_recorded_features\MARIELLA\recorded_features\fullsign225_manual5_team_features,C:\BSIT 3RD YEAR\New VovGest\external_datasets\team_incoming_recorded_features\MARIELLA\recorded_features\fullsign225_manual5_team_features\recorded_features\fullsign225_manual5_team_features\HELLO\MARIELLA_HELLO_002.npy,C:\BSIT 3RD YEAR\New VovGest\external_datasets\fullsign225_manual5_team_features_v2\HELLO\MARIELLA_DIRECT_HELLO_032_6423457C.npy,copied,"(30, 225)",
MARIELLA,DIRECT,HELLO,C:\BSIT 3RD YEAR\New VovGest\external_datasets\team_incoming_recorded_features\MARIELLA\recorded_features\fullsign225_manual5_team_features,C:\BSIT 3RD YEAR\New VovGest\external_datasets\team_incoming_recorded_features\MARIELLA\recorded_features\fullsign225_manual5_team_features\recorded_features\fullsign225_manual5_team_features\HELLO\MARIELLA_HELLO_003.npy,C:\BSIT 3RD YEAR\New VovGest\external_datasets\fullsign225_manual5_team_features_v2\HELLO\MARIELLA_DIRECT_HELLO_033_5110ED99.npy,copied,"(30, 225)",
MARIELLA,DIRECT,HELLO,C:\BSIT 3RD YEAR\New VovGest\external_datasets\team_incoming_recorded_features\MARIELLA\recorded_features\fullsign225_manual5_team_features,C:\BSIT 3RD YEAR\New VovGest\external_datasets\team_incoming_recorded_features\MARIELLA\recorded_features\fullsign225_manual5_team_features\recorded_features\fullsign225_manual5_team_features\HELLO\MARIELLA_HELLO_004.npy,C:\BSIT 3RD YEAR\New VovGest\external_datasets\fullsign225_manual5_team_features_v2\HELLO\MARIELLA_DIRECT_HELLO_034_EBCA563F.npy,copied,"(30, 225)",
MARIELLA,DIRECT,HELLO,C:\BSIT 3RD YEAR\New VovGest\external_datasets\team_incoming_recorded_features\MARIELLA\recorded_features\fullsign225_manual5_team_features,C:\BSIT 3RD YEAR\New VovGest\external_datasets\team_incoming_recorded_features\MARIELLA\recorded_features\fullsign225_manual5_team_features\recorded_features\fullsign225_manual5_team_features\HELLO\MARIELLA_HELLO_005.npy,C:\BSIT 3RD YEAR\New VovGest\external_datasets\fullsign225_manual5_team_features_v2\HELLO\MARIELLA_DIRECT_HELLO_035_FE0121D1.npy,copied,"(30, 225)",
MARIELLA,DIRECT,HELLO,C:\BSIT 3RD YEAR\New VovGest\external_datasets\team_incoming_recorded_features\MARIELLA\recorded_features\fullsign225_manual5_team_features,C:\BSIT 3RD YEAR\New VovGest\external_datasets\team_incoming_recorded_features\MARIELLA\recorded_features\fullsign225_manual5_team_features\recorded_features\fullsign225_manual5_team_features\HELLO\MARIELLA_HELLO_006.npy,C:\BSIT 3RD YEAR\New VovGest\external_datasets\fullsign225_manual5_team_features_v2\HELLO\MARIELLA_DIRECT_HELLO_036_91C85E4F.npy,copied,"(30, 225)",
MARIELLA,DIRECT,HELLO,C:\BSIT 3RD YEAR\New VovGest\external_datasets\team_incoming_recorded_features\MARIELLA\recorded_features\fullsign225_manual5_team_features,C:\BSIT 3RD YEAR\New VovGest\external_datasets\team_incoming_recorded_features\MARIELLA\recorded_features\fullsign225_manual5_team_features\recorded_features\fullsign225_manual5_team_features\HELLO\MARIELLA_HELLO_007.npy,C:\BSIT 3RD YEAR\New VovGest\external_datasets\fullsign225_manual5_team_features_v2\HELLO\MARIELLA_DIRECT_HELLO_037_9AB76D18.npy,copied,"(30, 225)",
MARIELLA,DIRECT,HELLO,C:\BSIT 3RD YEAR\New VovGest\external_datasets\team_incoming_recorded_features\MARIELLA\recorded_features\fullsign225_manual5_team_features,C:\BSIT 3RD YEAR\New VovGest\external_datasets\team_incoming_recorded_features\MARIELLA\recorded_features\fullsign225_manual5_team_features\recorded_features\fullsign225_manual5_team_features\HELLO\MARIELLA_HELLO_008.npy,C:\BSIT 3RD YEAR\New VovGest\external_datasets\fullsign225_manual5_team_features_v2\HELLO\MARIELLA_DIRECT_HELLO_038_0F431EC9.npy,copied,"(30, 225)",
MARIELLA,DIRECT,HELLO,C:\BSIT 3RD YEAR\New VovGest\external_datasets\team_incoming_recorded_features\MARIELLA\recorded_features\fullsign225_manual5_team_features,C:\BSIT 3RD YEAR\New VovGest\external_datasets\team_incoming_recorded_features\MARIELLA\recorded_features\fullsign225_manual5_team_features\recorded_features\fullsign225_manual5_team_features\HELLO\MARIELLA_HELLO_009.npy,C:\BSIT 3RD YEAR\New VovGest\external_datasets\fullsign225_manual5_team_features_v2\HELLO\MARIELLA_DIRECT_HELLO_039_D95DBD22.npy,copied,"(30, 225)",
MARIELLA,DIRECT,HELLO,C:\BSIT 3RD YEAR\New VovGest\external_datasets\team_incoming_recorded_features\MARIELLA\recorded_features\fullsign225_manual5_team_features,C:\BSIT 3RD YEAR\New VovGest\external_datasets\team_incoming_recorded_features\MARIELLA\recorded_features\fullsign225_manual5_team_features\recorded_features\fullsign225_manual5_team_features\HELLO\MARIELLA_HELLO_010.npy,C:\BSIT 3RD YEAR\New VovGest\external_datasets\fullsign225_manual5_team_features_v2\HELLO\MARIELLA_DIRECT_HELLO_040_AFCE553B.npy,copied,"(30, 225)",
MARIELLA,DIRECT,HELLO,C:\BSIT 3RD YEAR\New VovGest\external_datasets\team_incoming_recorded_features\MARIELLA\recorded_features\fullsign225_manual5_team_features,C:\BSIT 3RD YEAR\New VovGest\external_datasets\team_incoming_recorded_features\MARIELLA\recorded_features\fullsign225_manual5_team_features\recorded_features\fullsign225_manual5_team_features\HELLO\MARIELLA_HELLO_011.npy,C:\BSIT 3RD YEAR\New VovGest\external_datasets\fullsign225_manual5_team_features_v2\HELLO\MARIELLA_DIRECT_HELLO_041_7ED4922A.npy,copied,"(30, 225)",
MARIELLA,DIRECT,HELLO,C:\BSIT 3RD YEAR\New VovGest\external_datasets\team_incoming_recorded_features\MARIELLA\recorded_features\fullsign225_manual5_team_features,C:\BSIT 3RD YEAR\New VovGest\external_datasets\team_incoming_recorded_features\MARIELLA\recorded_features\fullsign225_manual5_team_features\recorded_features\fullsign225_manual5_team_features\HELLO\MARIELLA_HELLO_012.npy,C:\BSIT 3RD YEAR\New VovGest\external_datasets\fullsign225_manual5_team_features_v2\HELLO\MARIELLA_DIRECT_HELLO_042_EF592D65.npy,copied,"(30, 225)",
MARIELLA,DIRECT,HELLO,C:\BSIT 3RD YEAR\New VovGest\external_datasets\team_incoming_recorded_features\MARIELLA\recorded_features\fullsign225_manual5_team_features,C:\BSIT 3RD YEAR\New VovGest\external_datasets\team_incoming_recorded_features\MARIELLA\recorded_features\fullsign225_manual5_team_features\recorded_features\fullsign225_manual5_team_features\HELLO\MARIELLA_HELLO_013.npy,C:\BSIT 3RD YEAR\New VovGest\external_datasets\fullsign225_manual5_team_features_v2\HELLO\MARIELLA_DIRECT_HELLO_043_B9E160B9.npy,copied,"(30, 225)",
MARIELLA,DIRECT,HELLO,C:\BSIT 3RD YEAR\New VovGest\external_datasets\team_incoming_recorded_features\MARIELLA\recorded_features\fullsign225_manual5_team_features,C:\BSIT 3RD YEAR\New VovGest\external_datasets\team_incoming_recorded_features\MARIELLA\recorded_features\fullsign225_manual5_team_features\recorded_features\fullsign225_manual5_team_features\HELLO\MARIELLA_HELLO_014.npy,C:\BSIT 3RD YEAR\New VovGest\external_datasets\fullsign225_manual5_team_features_v2\HELLO\MARIELLA_DIRECT_HELLO_044_8FC84460.npy,copied,"(30, 225)",
MARIELLA,DIRECT,HELLO,C:\BSIT 3RD YEAR\New VovGest\external_datasets\team_incoming_recorded_features\MARIELLA\recorded_features\fullsign225_manual5_team_features,C:\BSIT 3RD YEAR\New VovGest\external_datasets\team_incoming_recorded_features\MARIELLA\recorded_features\fullsign225_manual5_team_features\recorded_features\fullsign225_manual5_team_features\HELLO\MARIELLA_HELLO_015.npy,C:\BSIT 3RD YEAR\New VovGest\external_datasets\fullsign225_manual5_team_features_v2\HELLO\MARIELLA_DIRECT_HELLO_045_FE4D9197.npy,copied,"(30, 225)",
MARIELLA,DIRECT,HELLO,C:\BSIT 3RD YEAR\New VovGest\external_datasets\team_incoming_recorded_features\MARIELLA\recorded_features\fullsign225_manual5_team_features,C:\BSIT 3RD YEAR\New VovGest\external_datasets\team_incoming_recorded_features\MARIELLA\recorded_features\fullsign225_manual5_team_features\recorded_features\fullsign225_manual5_team_features\HELLO\MARIELLA_HELLO_016.npy,C:\BSIT 3RD YEAR\New VovGest\external_datasets\fullsign225_manual5_team_features_v2\HELLO\MARIELLA_DIRECT_HELLO_046_169B0452.npy,copied,"(30, 225)",
MARIELLA,DIRECT,HELLO,C:\BSIT 3RD YEAR\New VovGest\external_datasets\team_incoming_recorded_features\MARIELLA\recorded_features\fullsign225_manual5_team_features,C:\BSIT 3RD YEAR\New VovGest\external_datasets\team_incoming_recorded_features\MARIELLA\recorded_features\fullsign225_manual5_team_features\recorded_features\fullsign225_manual5_team_features\HELLO\MARIELLA_HELLO_017.npy,C:\BSIT 3RD YEAR\New VovGest\external_datasets\fullsign225_manual5_team_features_v2\HELLO\MARIELLA_DIRECT_HELLO_047_9408AF94.npy,copied,"(30, 225)",
MARIELLA,DIRECT,HELLO,C:\BSIT 3RD YEAR\New VovGest\external_datasets\team_incoming_recorded_features\MARIELLA\recorded_features\fullsign225_manual5_team_features,C:\BSIT 3RD YEAR\New VovGest\external_datasets\team_incoming_recorded_features\MARIELLA\recorded_features\fullsign225_manual5_team_features\recorded_features\fullsign225_manual5_team_features\HELLO\MARIELLA_HELLO_018.npy,C:\BSIT 3RD YEAR\New VovGest\external_datasets\fullsign225_manual5_team_features_v2\HELLO\MARIELLA_DIRECT_HELLO_048_5113331F.npy,copied,"(30, 225)",
MARIELLA,DIRECT,HELLO,C:\BSIT 3RD YEAR\New VovGest\external_datasets\team_incoming_recorded_features\MARIELLA\recorded_features\fullsign225_manual5_team_features,C:\BSIT 3RD YEAR\New VovGest\external_datasets\team_incoming_recorded_features\MARIELLA\recorded_features\fullsign225_manual5_team_features\recorded_features\fullsign225_manual5_team_features\HELLO\MARIELLA_HELLO_019.npy,C:\BSIT 3RD YEAR\New VovGest\external_datasets\fullsign225_manual5_team_features_v2\HELLO\MARIELLA_DIRECT_HELLO_049_75C27BB5.npy,copied,"(30, 225)",
MARIELLA,DIRECT,HELLO,C:\BSIT 3RD YEAR\New VovGest\external_datasets\team_incoming_recorded_features\MARIELLA\recorded_features\fullsign225_manual5_team_features,C:\BSIT 3RD YEAR\New VovGest\external_datasets\team_incoming_recorded_features\MARIELLA\recorded_features\fullsign225_manual5_team_features\recorded_features\fullsign225_manual5_team_features\HELLO\MARIELLA_HELLO_020.npy,C:\BSIT 3RD YEAR\New VovGest\external_datasets\fullsign225_manual5_team_features_v2\HELLO\MARIELLA_DIRECT_HELLO_050_E91AC660.npy,copied,"(30, 225)",
MARIELLA,DIRECT,HELLO,C:\BSIT 3RD YEAR\New VovGest\external_datasets\team_incoming_recorded_features\MARIELLA\recorded_features\fullsign225_manual5_team_features,C:\BSIT 3RD YEAR\New VovGest\external_datasets\team_incoming_recorded_features\MARIELLA\recorded_features\fullsign225_manual5_team_features\recorded_features\fullsign225_manual5_team_features\HELLO\MARIELLA_HELLO_021.npy,C:\BSIT 3RD YEAR\New VovGest\external_datasets\fullsign225_manual5_team_features_v2\HELLO\MARIELLA_DIRECT_HELLO_051_17116DE7.npy,copied,"(30, 225)",
MARIELLA,DIRECT,HELLO,C:\BSIT 3RD YEAR\New VovGest\external_datasets\team_incoming_recorded_features\MARIELLA\recorded_features\fullsign225_manual5_team_features,C:\BSIT 3RD YEAR\New VovGest\external_datasets\team_incoming_recorded_features\MARIELLA\recorded_features\fullsign225_manual5_team_features\recorded_features\fullsign225_manual5_team_features\HELLO\MARIELLA_HELLO_022.npy,C:\BSIT 3RD YEAR\New VovGest\external_datasets\fullsign225_manual5_team_features_v2\HELLO\MARIELLA_DIRECT_HELLO_052_6CDA3AE0.npy,copied,"(30, 225)",
MARIELLA,DIRECT,HELLO,C:\BSIT 3RD YEAR\New VovGest\external_datasets\team_incoming_recorded_features\MARIELLA\recorded_features\fullsign225_manual5_team_features,C:\BSIT 3RD YEAR\New VovGest\external_datasets\team_incoming_recorded_features\MARIELLA\recorded_features\fullsign225_manual5_team_features\recorded_features\fullsign225_manual5_team_features\HELLO\MARIELLA_HELLO_023.npy,C:\BSIT 3RD YEAR\New VovGest\external_datasets\fullsign225_manual5_team_features_v2\HELLO\MARIELLA_DIRECT_HELLO_053_3404BD84.npy,copied,"(30, 225)",
MARIELLA,DIRECT,HELLO,C:\BSIT 3RD YEAR\New VovGest\external_datasets\team_incoming_recorded_features\MARIELLA\recorded_features\fullsign225_manual5_team_features,C:\BSIT 3RD YEAR\New VovGest\external_datasets\team_incoming_recorded_features\MARIELLA\recorded_features\fullsign225_manual5_team_features\recorded_features\fullsign225_manual5_team_features\HELLO\MARIELLA_HELLO_024.npy,C:\BSIT 3RD YEAR\New VovGest\external_datasets\fullsign225_manual5_team_features_v2\HELLO\MARIELLA_DIRECT_HELLO_054_37667709.npy,copied,"(30, 225)",
MARIELLA,DIRECT,HELLO,C:\BSIT 3RD YEAR\New VovGest\external_datasets\team_incoming_recorded_features\MARIELLA\recorded_features\fullsign225_manual5_team_features,C:\BSIT 3RD YEAR\New VovGest\external_datasets\team_incoming_recorded_features\MARIELLA\recorded_features\fullsign225_manual5_team_features\recorded_features\fullsign225_manual5_team_features\HELLO\MARIELLA_HELLO_025.npy,C:\BSIT 3RD YEAR\New VovGest\external_datasets\fullsign225_manual5_team_features_v2\HELLO\MARIELLA_DIRECT_HELLO_055_D4B55593.npy,copied,"(30, 225)",
MARIELLA,DIRECT,HELLO,C:\BSIT 3RD YEAR\New VovGest\external_datasets\team_incoming_recorded_features\MARIELLA\recorded_features\fullsign225_manual5_team_features,C:\BSIT 3RD YEAR\New VovGest\external_datasets\team_incoming_recorded_features\MARIELLA\recorded_features\fullsign225_manual5_team_features\recorded_features\fullsign225_manual5_team_features\HELLO\MARIELLA_HELLO_026.npy,C:\BSIT 3RD YEAR\New VovGest\external_datasets\fullsign225_manual5_team_features_v2\HELLO\MARIELLA_DIRECT_HELLO_056_4789B02E.npy,copied,"(30, 225)",
MARIELLA,DIRECT,HELLO,C:\BSIT 3RD YEAR\New VovGest\external_datasets\team_incoming_recorded_features\MARIELLA\recorded_features\fullsign225_manual5_team_features,C:\BSIT 3RD YEAR\New VovGest\external_datasets\team_incoming_recorded_features\MARIELLA\recorded_features\fullsign225_manual5_team_features\recorded_features\fullsign225_manual5_team_features\HELLO\MARIELLA_HELLO_027.npy,C:\BSIT 3RD YEAR\New VovGest\external_datasets\fullsign225_manual5_team_features_v2\HELLO\MARIELLA_DIRECT_HELLO_057_DC5C4F89.npy,copied,"(30, 225)",
MARIELLA,DIRECT,HELLO,C:\BSIT 3RD YEAR\New VovGest\external_datasets\team_incoming_recorded_features\MARIELLA\recorded_features\fullsign225_manual5_team_features,C:\BSIT 3RD YEAR\New VovGest\external_datasets\team_incoming_recorded_features\MARIELLA\recorded_features\fullsign225_manual5_team_features\recorded_features\fullsign225_manual5_team_features\HELLO\MARIELLA_HELLO_028.npy,C:\BSIT 3RD YEAR\New VovGest\external_datasets\fullsign225_manual5_team_features_v2\HELLO\MARIELLA_DIRECT_HELLO_058_C956FC0D.npy,copied,"(30, 225)",
MARIELLA,DIRECT,HELLO,C:\BSIT 3RD YEAR\New VovGest\external_datasets\team_incoming_recorded_features\MARIELLA\recorded_features\fullsign225_manual5_team_features,C:\BSIT 3RD YEAR\New VovGest\external_datasets\team_incoming_recorded_features\MARIELLA\recorded_features\fullsign225_manual5_team_features\recorded_features\fullsign225_manual5_team_features\HELLO\MARIELLA_HELLO_029.npy,C:\BSIT 3RD YEAR\New VovGest\external_datasets\fullsign225_manual5_team_features_v2\HELLO\MARIELLA_DIRECT_HELLO_059_B14B32F6.npy,copied,"(30, 225)",
MARIELLA,DIRECT,HELLO,C:\BSIT 3RD YEAR\New VovGest\external_datasets\team_incoming_recorded_features\MARIELLA\recorded_features\fullsign225_manual5_team_features,C:\BSIT 3RD YEAR\New VovGest\external_datasets\team_incoming_recorded_features\MARIELLA\recorded_features\fullsign225_manual5_team_features\recorded_features\fullsign225_manual5_team_features\HELLO\MARIELLA_HELLO_030.npy,C:\BSIT 3RD YEAR\New VovGest\external_datasets\fullsign225_manual5_team_features_v2\HELLO\MARIELLA_DIRECT_HELLO_060_479B5F33.npy,copied,"(30, 225)",
MARIELLA,DIRECT,HELLO,C:\BSIT 3RD YEAR\New VovGest\external_datasets\team_incoming_recorded_features\MARIELLA\recorded_features\fullsign225_manual5_team_features,C:\BSIT 3RD YEAR\New VovGest\external_datasets\team_incoming_recorded_features\MARIELLA\recorded_features\fullsign225_manual5_team_features\recorded_features\fullsign225_manual5_team_features\HELLO\MARIELLA_HELLO_031.npy,C:\BSIT 3RD YEAR\New VovGest\external_datasets\fullsign225_manual5_team_features_v2\HELLO\MARIELLA_DIRECT_HELLO_061_5D148986.npy,copied,"(30, 225)",
MARIELLA,DIRECT,HELLO,C:\BSIT 3RD YEAR\New VovGest\external_datasets\team_incoming_recorded_features\MARIELLA\recorded_features\fullsign225_manual5_team_features,C:\BSIT 3RD YEAR\New VovGest\external_datasets\team_incoming_recorded_features\MARIELLA\recorded_features\fullsign225_manual5_team_features\recorded_features\fullsign225_manual5_team_features\HELLO\MARIELLA_HELLO_032.npy,C:\BSIT 3RD YEAR\New VovGest\external_datasets\fullsign225_manual5_team_features_v2\HELLO\MARIELLA_DIRECT_HELLO_062_25790BFC.npy,copied,"(30, 225)",
MARIELLA,DIRECT,HELLO,C:\BSIT 3RD YEAR\New VovGest\external_datasets\team_incoming_recorded_features\MARIELLA\recorded_features\fullsign225_manual5_team_features,C:\BSIT 3RD YEAR\New VovGest\external_datasets\team_incoming_recorded_features\MARIELLA\recorded_features\fullsign225_manual5_team_features\recorded_features\fullsign225_manual5_team_features\HELLO\MARIELLA_HELLO_033.npy,C:\BSIT 3RD YEAR\New VovGest\external_datasets\fullsign225_manual5_team_features_v2\HELLO\MARIELLA_DIRECT_HELLO_063_57DEE560.npy,copied,"(30, 225)",
MARIELLA,DIRECT,HELLO,C:\BSIT 3RD YEAR\New VovGest\external_datasets\team_incoming_recorded_features\MARIELLA\recorded_features\fullsign225_manual5_team_features,C:\BSIT 3RD YEAR\New VovGest\external_datasets\team_incoming_recorded_features\MARIELLA\recorded_features\fullsign225_manual5_team_features\recorded_features\fullsign225_manual5_team_features\HELLO\MARIELLA_HELLO_034.npy,C:\BSIT 3RD YEAR\New VovGest\external_datasets\fullsign225_manual5_team_features_v2\HELLO\MARIELLA_DIRECT_HELLO_064_3DC469A3.npy,copied,"(30, 225)",
MARIELLA,DIRECT,HELLO,C:\BSIT 3RD YEAR\New VovGest\external_datasets\team_incoming_recorded_features\MARIELLA\recorded_features\fullsign225_manual5_team_features,C:\BSIT 3RD YEAR\New VovGest\external_datasets\team_incoming_recorded_features\MARIELLA\recorded_features\fullsign225_manual5_team_features\recorded_features\fullsign225_manual5_team_features\HELLO\MARIELLA_HELLO_035.npy,C:\BSIT 3RD YEAR\New VovGest\external_datasets\fullsign225_manual5_team_features_v2\HELLO\MARIELLA_DIRECT_HELLO_065_9479BBEA.npy,copied,"(30, 225)",
MARIELLA,DIRECT,HELLO,C:\BSIT 3RD YEAR\New VovGest\external_datasets\team_incoming_recorded_features\MARIELLA\recorded_features\fullsign225_manual5_team_features,C:\BSIT 3RD YEAR\New VovGest\external_datasets\team_incoming_recorded_features\MARIELLA\recorded_features\fullsign225_manual5_team_features\recorded_features\fullsign225_manual5_team_features\HELLO\MARIELLA_HELLO_036.npy,C:\BSIT 3RD YEAR\New VovGest\external_datasets\fullsign225_manual5_team_features_v2\HELLO\MARIELLA_DIRECT_HELLO_066_39B29013.npy,copied,"(30, 225)",
MARIELLA,DIRECT,HELLO,C:\BSIT 3RD YEAR\New VovGest\external_datasets\team_incoming_recorded_features\MARIELLA\recorded_features\fullsign225_manual5_team_features,C:\BSIT 3RD YEAR\New VovGest\external_datasets\team_incoming_recorded_features\MARIELLA\recorded_features\fullsign225_manual5_team_features\recorded_features\fullsign225_manual5_team_features\HELLO\MARIELLA_HELLO_037.npy,C:\BSIT 3RD YEAR\New VovGest\external_datasets\fullsign225_manual5_team_features_v2\HELLO\MARIELLA_DIRECT_HELLO_067_DE7D1109.npy,copied,"(30, 225)",
MARIELLA,DIRECT,HELLO,C:\BSIT 3RD YEAR\New VovGest\external_datasets\team_incoming_recorded_features\MARIELLA\recorded_features\fullsign225_manual5_team_features,C:\BSIT 3RD YEAR\New VovGest\external_datasets\team_incoming_recorded_features\MARIELLA\recorded_features\fullsign225_manual5_team_features\recorded_features\fullsign225_manual5_team_features\HELLO\MARIELLA_HELLO_038.npy,C:\BSIT 3RD YEAR\New VovGest\external_datasets\fullsign225_manual5_team_features_v2\HELLO\MARIELLA_DIRECT_HELLO_068_F6E85F5D.npy,copied,"(30, 225)",
MARIELLA,DIRECT,HELLO,C:\BSIT 3RD YEAR\New VovGest\external_datasets\team_incoming_recorded_features\MARIELLA\recorded_features\fullsign225_manual5_team_features,C:\BSIT 3RD YEAR\New VovGest\external_datasets\team_incoming_recorded_features\MARIELLA\recorded_features\fullsign225_manual5_team_features\recorded_features\fullsign225_manual5_team_features\HELLO\MARIELLA_HELLO_039.npy,C:\BSIT 3RD YEAR\New VovGest\external_datasets\fullsign225_manual5_team_features_v2\HELLO\MARIELLA_DIRECT_HELLO_069_CB5B6E41.npy,copied,"(30, 225)",
MARIELLA,DIRECT,HELLO,C:\BSIT 3RD YEAR\New VovGest\external_datasets\team_incoming_recorded_features\MARIELLA\recorded_features\fullsign225_manual5_team_features,C:\BSIT 3RD YEAR\New VovGest\external_datasets\team_incoming_recorded_features\MARIELLA\recorded_features\fullsign225_manual5_team_features\recorded_features\fullsign225_manual5_team_features\HELLO\MARIELLA_HELLO_040.npy,C:\BSIT 3RD YEAR\New VovGest\external_datasets\fullsign225_manual5_team_features_v2\HELLO\MARIELLA_DIRECT_HELLO_070_BD3E5720.npy,copied,"(30, 225)",
MARIELLA,DIRECT,THANKYOU,C:\BSIT 3RD YEAR\New VovGest\external_datasets\team_incoming_recorded_features\MARIELLA\recorded_features\fullsign225_manual5_team_features,C:\BSIT 3RD YEAR\New VovGest\external_datasets\team_incoming_recorded_features\MARIELLA\recorded_features\fullsign225_manual5_team_features\recorded_features\fullsign225_manual5_team_features\THANKYOU\MARIELLA_THANKYOU_001.npy,C:\BSIT 3RD YEAR\New VovGest\external_datasets\fullsign225_manual5_team_features_v2\THANKYOU\MARIELLA_DIRECT_THANKYOU_031_43700679.npy,copied,"(30, 225)",
MARIELLA,DIRECT,THANKYOU,C:\BSIT 3RD YEAR\New VovGest\external_datasets\team_incoming_recorded_features\MARIELLA\recorded_features\fullsign225_manual5_team_features,C:\BSIT 3RD YEAR\New VovGest\external_datasets\team_incoming_recorded_features\MARIELLA\recorded_features\fullsign225_manual5_team_features\recorded_features\fullsign225_manual5_team_features\THANKYOU\MARIELLA_THANKYOU_002.npy,C:\BSIT 3RD YEAR\New VovGest\external_datasets\fullsign225_manual5_team_features_v2\THANKYOU\MARIELLA_DIRECT_THANKYOU_032_5F8AB8BA.npy,copied,"(30, 225)",
MARIELLA,DIRECT,THANKYOU,C:\BSIT 3RD YEAR\New VovGest\external_datasets\team_incoming_recorded_features\MARIELLA\recorded_features\fullsign225_manual5_team_features,C:\BSIT 3RD YEAR\New VovGest\external_datasets\team_incoming_recorded_features\MARIELLA\recorded_features\fullsign225_manual5_team_features\recorded_features\fullsign225_manual5_team_features\THANKYOU\MARIELLA_THANKYOU_003.npy,C:\BSIT 3RD YEAR\New VovGest\external_datasets\fullsign225_manual5_team_features_v2\THANKYOU\MARIELLA_DIRECT_THANKYOU_033_A4F0CFE8.npy,copied,"(30, 225)",
MARIELLA,DIRECT,THANKYOU,C:\BSIT 3RD YEAR\New VovGest\external_datasets\team_incoming_recorded_features\MARIELLA\recorded_features\fullsign225_manual5_team_features,C:\BSIT 3RD YEAR\New VovGest\external_datasets\team_incoming_recorded_features\MARIELLA\recorded_features\fullsign225_manual5_team_features\recorded_features\fullsign225_manual5_team_features\THANKYOU\MARIELLA_THANKYOU_004.npy,C:\BSIT 3RD YEAR\New VovGest\external_datasets\fullsign225_manual5_team_features_v2\THANKYOU\MARIELLA_DIRECT_THANKYOU_034_75FAE991.npy,copied,"(30, 225)",
MARIELLA,DIRECT,THANKYOU,C:\BSIT 3RD YEAR\New VovGest\external_datasets\team_incoming_recorded_features\MARIELLA\recorded_features\fullsign225_manual5_team_features,C:\BSIT 3RD YEAR\New VovGest\external_datasets\team_incoming_recorded_features\MARIELLA\recorded_features\fullsign225_manual5_team_features\recorded_features\fullsign225_manual5_team_features\THANKYOU\MARIELLA_THANKYOU_005.npy,C:\BSIT 3RD YEAR\New VovGest\external_datasets\fullsign225_manual5_team_features_v2\THANKYOU\MARIELLA_DIRECT_THANKYOU_035_8744ACD3.npy,copied,"(30, 225)",
MARIELLA,DIRECT,THANKYOU,C:\BSIT 3RD YEAR\New VovGest\external_datasets\team_incoming_recorded_features\MARIELLA\recorded_features\fullsign225_manual5_team_features,C:\BSIT 3RD YEAR\New VovGest\external_datasets\team_incoming_recorded_features\MARIELLA\recorded_features\fullsign225_manual5_team_features\recorded_features\fullsign225_manual5_team_features\THANKYOU\MARIELLA_THANKYOU_006.npy,C:\BSIT 3RD YEAR\New VovGest\external_datasets\fullsign225_manual5_team_features_v2\THANKYOU\MARIELLA_DIRECT_THANKYOU_036_6302E26E.npy,copied,"(30, 225)",
MARIELLA,DIRECT,THANKYOU,C:\BSIT 3RD YEAR\New VovGest\external_datasets\team_incoming_recorded_features\MARIELLA\recorded_features\fullsign225_manual5_team_features,C:\BSIT 3RD YEAR\New VovGest\external_datasets\team_incoming_recorded_features\MARIELLA\recorded_features\fullsign225_manual5_team_features\recorded_features\fullsign225_manual5_team_features\THANKYOU\MARIELLA_THANKYOU_007.npy,C:\BSIT 3RD YEAR\New VovGest\external_datasets\fullsign225_manual5_team_features_v2\THANKYOU\MARIELLA_DIRECT_THANKYOU_037_05097C6A.npy,copied,"(30, 225)",
MARIELLA,DIRECT,THANKYOU,C:\BSIT 3RD YEAR\New VovGest\external_datasets\team_incoming_recorded_features\MARIELLA\recorded_features\fullsign225_manual5_team_features,C:\BSIT 3RD YEAR\New VovGest\external_datasets\team_incoming_recorded_features\MARIELLA\recorded_features\fullsign225_manual5_team_features\recorded_features\fullsign225_manual5_team_features\THANKYOU\MARIELLA_THANKYOU_008.npy,C:\BSIT 3RD YEAR\New VovGest\external_datasets\fullsign225_manual5_team_features_v2\THANKYOU\MARIELLA_DIRECT_THANKYOU_038_45307CB7.npy,copied,"(30, 225)",
MARIELLA,DIRECT,THANKYOU,C:\BSIT 3RD YEAR\New VovGest\external_datasets\team_incoming_recorded_features\MARIELLA\recorded_features\fullsign225_manual5_team_features,C:\BSIT 3RD YEAR\New VovGest\external_datasets\team_incoming_recorded_features\MARIELLA\recorded_features\fullsign225_manual5_team_features\recorded_features\fullsign225_manual5_team_features\THANKYOU\MARIELLA_THANKYOU_009.npy,C:\BSIT 3RD YEAR\New VovGest\external_datasets\fullsign225_manual5_team_features_v2\THANKYOU\MARIELLA_DIRECT_THANKYOU_039_F3F87E61.npy,copied,"(30, 225)",
MARIELLA,DIRECT,THANKYOU,C:\BSIT 3RD YEAR\New VovGest\external_datasets\team_incoming_recorded_features\MARIELLA\recorded_features\fullsign225_manual5_team_features,C:\BSIT 3RD YEAR\New VovGest\external_datasets\team_incoming_recorded_features\MARIELLA\recorded_features\fullsign225_manual5_team_features\recorded_features\fullsign225_manual5_team_features\THANKYOU\MARIELLA_THANKYOU_010.npy,C:\BSIT 3RD YEAR\New VovGest\external_datasets\fullsign225_manual5_team_features_v2\THANKYOU\MARIELLA_DIRECT_THANKYOU_040_59540582.npy,copied,"(30, 225)",
MARIELLA,DIRECT,THANKYOU,C:\BSIT 3RD YEAR\New VovGest\external_datasets\team_incoming_recorded_features\MARIELLA\recorded_features\fullsign225_manual5_team_features,C:\BSIT 3RD YEAR\New VovGest\external_datasets\team_incoming_recorded_features\MARIELLA\recorded_features\fullsign225_manual5_team_features\recorded_features\fullsign225_manual5_team_features\THANKYOU\MARIELLA_THANKYOU_011.npy,C:\BSIT 3RD YEAR\New VovGest\external_datasets\fullsign225_manual5_team_features_v2\THANKYOU\MARIELLA_DIRECT_THANKYOU_041_56A555E5.npy,copied,"(30, 225)",
MARIELLA,DIRECT,THANKYOU,C:\BSIT 3RD YEAR\New VovGest\external_datasets\team_incoming_recorded_features\MARIELLA\recorded_features\fullsign225_manual5_team_features,C:\BSIT 3RD YEAR\New VovGest\external_datasets\team_incoming_recorded_features\MARIELLA\recorded_features\fullsign225_manual5_team_features\recorded_features\fullsign225_manual5_team_features\THANKYOU\MARIELLA_THANKYOU_012.npy,C:\BSIT 3RD YEAR\New VovGest\external_datasets\fullsign225_manual5_team_features_v2\THANKYOU\MARIELLA_DIRECT_THANKYOU_042_A8FA3622.npy,copied,"(30, 225)",
MARIELLA,DIRECT,THANKYOU,C:\BSIT 3RD YEAR\New VovGest\external_datasets\team_incoming_recorded_features\MARIELLA\recorded_features\fullsign225_manual5_team_features,C:\BSIT 3RD YEAR\New VovGest\external_datasets\team_incoming_recorded_features\MARIELLA\recorded_features\fullsign225_manual5_team_features\recorded_features\fullsign225_manual5_team_features\THANKYOU\MARIELLA_THANKYOU_013.npy,C:\BSIT 3RD YEAR\New VovGest\external_datasets\fullsign225_manual5_team_features_v2\THANKYOU\MARIELLA_DIRECT_THANKYOU_043_6BEF9D26.npy,copied,"(30, 225)",
MARIELLA,DIRECT,THANKYOU,C:\BSIT 3RD YEAR\New VovGest\external_datasets\team_incoming_recorded_features\MARIELLA\recorded_features\fullsign225_manual5_team_features,C:\BSIT 3RD YEAR\New VovGest\external_datasets\team_incoming_recorded_features\MARIELLA\recorded_features\fullsign225_manual5_team_features\recorded_features\fullsign225_manual5_team_features\THANKYOU\MARIELLA_THANKYOU_014.npy,C:\BSIT 3RD YEAR\New VovGest\external_datasets\fullsign225_manual5_team_features_v2\THANKYOU\MARIELLA_DIRECT_THANKYOU_044_12CD5C4B.npy,copied,"(30, 225)",
MARIELLA,DIRECT,THANKYOU,C:\BSIT 3RD YEAR\New VovGest\external_datasets\team_incoming_recorded_features\MARIELLA\recorded_features\fullsign225_manual5_team_features,C:\BSIT 3RD YEAR\New VovGest\external_datasets\team_incoming_recorded_features\MARIELLA\recorded_features\fullsign225_manual5_team_features\recorded_features\fullsign225_manual5_team_features\THANKYOU\MARIELLA_THANKYOU_015.npy,C:\BSIT 3RD YEAR\New VovGest\external_datasets\fullsign225_manual5_team_features_v2\THANKYOU\MARIELLA_DIRECT_THANKYOU_045_2B092A10.npy,copied,"(30, 225)",
MARIELLA,DIRECT,THANKYOU,C:\BSIT 3RD YEAR\New VovGest\external_datasets\team_incoming_recorded_features\MARIELLA\recorded_features\fullsign225_manual5_team_features,C:\BSIT 3RD YEAR\New VovGest\external_datasets\team_incoming_recorded_features\MARIELLA\recorded_features\fullsign225_manual5_team_features\recorded_features\fullsign225_manual5_team_features\THANKYOU\MARIELLA_THANKYOU_016.npy,C:\BSIT 3RD YEAR\New VovGest\external_datasets\fullsign225_manual5_team_features_v2\THANKYOU\MARIELLA_DIRECT_THANKYOU_046_5C285D53.npy,copied,"(30, 225)",
MARIELLA,DIRECT,THANKYOU,C:\BSIT 3RD YEAR\New VovGest\external_datasets\team_incoming_recorded_features\MARIELLA\recorded_features\fullsign225_manual5_team_features,C:\BSIT 3RD YEAR\New VovGest\external_datasets\team_incoming_recorded_features\MARIELLA\recorded_features\fullsign225_manual5_team_features\recorded_features\fullsign225_manual5_team_features\THANKYOU\MARIELLA_THANKYOU_017.npy,C:\BSIT 3RD YEAR\New VovGest\external_datasets\fullsign225_manual5_team_features_v2\THANKYOU\MARIELLA_DIRECT_THANKYOU_047_AA4C3E97.npy,copied,"(30, 225)",
MARIELLA,DIRECT,THANKYOU,C:\BSIT 3RD YEAR\New VovGest\external_datasets\team_incoming_recorded_features\MARIELLA\recorded_features\fullsign225_manual5_team_features,C:\BSIT 3RD YEAR\New VovGest\external_datasets\team_incoming_recorded_features\MARIELLA\recorded_features\fullsign225_manual5_team_features\recorded_features\fullsign225_manual5_team_features\THANKYOU\MARIELLA_THANKYOU_018.npy,C:\BSIT 3RD YEAR\New VovGest\external_datasets\fullsign225_manual5_team_features_v2\THANKYOU\MARIELLA_DIRECT_THANKYOU_048_E1B1CCEE.npy,copied,"(30, 225)",
MARIELLA,DIRECT,THANKYOU,C:\BSIT 3RD YEAR\New VovGest\external_datasets\team_incoming_recorded_features\MARIELLA\recorded_features\fullsign225_manual5_team_features,C:\BSIT 3RD YEAR\New VovGest\external_datasets\team_incoming_recorded_features\MARIELLA\recorded_features\fullsign225_manual5_team_features\recorded_features\fullsign225_manual5_team_features\THANKYOU\MARIELLA_THANKYOU_019.npy,C:\BSIT 3RD YEAR\New VovGest\external_datasets\fullsign225_manual5_team_features_v2\THANKYOU\MARIELLA_DIRECT_THANKYOU_049_A628F030.npy,copied,"(30, 225)",
MARIELLA,DIRECT,THANKYOU,C:\BSIT 3RD YEAR\New VovGest\external_datasets\team_incoming_recorded_features\MARIELLA\recorded_features\fullsign225_manual5_team_features,C:\BSIT 3RD YEAR\New VovGest\external_datasets\team_incoming_recorded_features\MARIELLA\recorded_features\fullsign225_manual5_team_features\recorded_features\fullsign225_manual5_team_features\THANKYOU\MARIELLA_THANKYOU_020.npy,C:\BSIT 3RD YEAR\New VovGest\external_datasets\fullsign225_manual5_team_features_v2\THANKYOU\MARIELLA_DIRECT_THANKYOU_050_6BFE7932.npy,copied,"(30, 225)",
MARIELLA,DIRECT,THANKYOU,C:\BSIT 3RD YEAR\New VovGest\external_datasets\team_incoming_recorded_features\MARIELLA\recorded_features\fullsign225_manual5_team_features,C:\BSIT 3RD YEAR\New VovGest\external_datasets\team_incoming_recorded_features\MARIELLA\recorded_features\fullsign225_manual5_team_features\recorded_features\fullsign225_manual5_team_features\THANKYOU\MARIELLA_THANKYOU_021.npy,C:\BSIT 3RD YEAR\New VovGest\external_datasets\fullsign225_manual5_team_features_v2\THANKYOU\MARIELLA_DIRECT_THANKYOU_051_01B93705.npy,copied,"(30, 225)",
MARIELLA,DIRECT,THANKYOU,C:\BSIT 3RD YEAR\New VovGest\external_datasets\team_incoming_recorded_features\MARIELLA\recorded_features\fullsign225_manual5_team_features,C:\BSIT 3RD YEAR\New VovGest\external_datasets\team_incoming_recorded_features\MARIELLA\recorded_features\fullsign225_manual5_team_features\recorded_features\fullsign225_manual5_team_features\THANKYOU\MARIELLA_THANKYOU_022.npy,C:\BSIT 3RD YEAR\New VovGest\external_datasets\fullsign225_manual5_team_features_v2\THANKYOU\MARIELLA_DIRECT_THANKYOU_052_3C7AB9C1.npy,copied,"(30, 225)",
MARIELLA,DIRECT,THANKYOU,C:\BSIT 3RD YEAR\New VovGest\external_datasets\team_incoming_recorded_features\MARIELLA\recorded_features\fullsign225_manual5_team_features,C:\BSIT 3RD YEAR\New VovGest\external_datasets\team_incoming_recorded_features\MARIELLA\recorded_features\fullsign225_manual5_team_features\recorded_features\fullsign225_manual5_team_features\THANKYOU\MARIELLA_THANKYOU_023.npy,C:\BSIT 3RD YEAR\New VovGest\external_datasets\fullsign225_manual5_team_features_v2\THANKYOU\MARIELLA_DIRECT_THANKYOU_053_17E4F91D.npy,copied,"(30, 225)",
MARIELLA,DIRECT,THANKYOU,C:\BSIT 3RD YEAR\New VovGest\external_datasets\team_incoming_recorded_features\MARIELLA\recorded_features\fullsign225_manual5_team_features,C:\BSIT 3RD YEAR\New VovGest\external_datasets\team_incoming_recorded_features\MARIELLA\recorded_features\fullsign225_manual5_team_features\recorded_features\fullsign225_manual5_team_features\THANKYOU\MARIELLA_THANKYOU_024.npy,C:\BSIT 3RD YEAR\New VovGest\external_datasets\fullsign225_manual5_team_features_v2\THANKYOU\MARIELLA_DIRECT_THANKYOU_054_73E658D6.npy,copied,"(30, 225)",
MARIELLA,DIRECT,THANKYOU,C:\BSIT 3RD YEAR\New VovGest\external_datasets\team_incoming_recorded_features\MARIELLA\recorded_features\fullsign225_manual5_team_features,C:\BSIT 3RD YEAR\New VovGest\external_datasets\team_incoming_recorded_features\MARIELLA\recorded_features\fullsign225_manual5_team_features\recorded_features\fullsign225_manual5_team_features\THANKYOU\MARIELLA_THANKYOU_025.npy,C:\BSIT 3RD YEAR\New VovGest\external_datasets\fullsign225_manual5_team_features_v2\THANKYOU\MARIELLA_DIRECT_THANKYOU_055_20C247FC.npy,copied,"(30, 225)",
MARIELLA,DIRECT,THANKYOU,C:\BSIT 3RD YEAR\New VovGest\external_datasets\team_incoming_recorded_features\MARIELLA\recorded_features\fullsign225_manual5_team_features,C:\BSIT 3RD YEAR\New VovGest\external_datasets\team_incoming_recorded_features\MARIELLA\recorded_features\fullsign225_manual5_team_features\recorded_features\fullsign225_manual5_team_features\THANKYOU\MARIELLA_THANKYOU_026.npy,C:\BSIT 3RD YEAR\New VovGest\external_datasets\fullsign225_manual5_team_features_v2\THANKYOU\MARIELLA_DIRECT_THANKYOU_056_F71FEFD9.npy,copied,"(30, 225)",
MARIELLA,DIRECT,THANKYOU,C:\BSIT 3RD YEAR\New VovGest\external_datasets\team_incoming_recorded_features\MARIELLA\recorded_features\fullsign225_manual5_team_features,C:\BSIT 3RD YEAR\New VovGest\external_datasets\team_incoming_recorded_features\MARIELLA\recorded_features\fullsign225_manual5_team_features\recorded_features\fullsign225_manual5_team_features\THANKYOU\MARIELLA_THANKYOU_027.npy,C:\BSIT 3RD YEAR\New VovGest\external_datasets\fullsign225_manual5_team_features_v2\THANKYOU\MARIELLA_DIRECT_THANKYOU_057_8425069B.npy,copied,"(30, 225)",
MARIELLA,DIRECT,THANKYOU,C:\BSIT 3RD YEAR\New VovGest\external_datasets\team_incoming_recorded_features\MARIELLA\recorded_features\fullsign225_manual5_team_features,C:\BSIT 3RD YEAR\New VovGest\external_datasets\team_incoming_recorded_features\MARIELLA\recorded_features\fullsign225_manual5_team_features\recorded_features\fullsign225_manual5_team_features\THANKYOU\MARIELLA_THANKYOU_028.npy,C:\BSIT 3RD YEAR\New VovGest\external_datasets\fullsign225_manual5_team_features_v2\THANKYOU\MARIELLA_DIRECT_THANKYOU_058_0789799F.npy,copied,"(30, 225)",
MARIELLA,DIRECT,THANKYOU,C:\BSIT 3RD YEAR\New VovGest\external_datasets\team_incoming_recorded_features\MARIELLA\recorded_features\fullsign225_manual5_team_features,C:\BSIT 3RD YEAR\New VovGest\external_datasets\team_incoming_recorded_features\MARIELLA\recorded_features\fullsign225_manual5_team_features\recorded_features\fullsign225_manual5_team_features\THANKYOU\MARIELLA_THANKYOU_029.npy,C:\BSIT 3RD YEAR\New VovGest\external_datasets\fullsign225_manual5_team_features_v2\THANKYOU\MARIELLA_DIRECT_THANKYOU_059_1A3A4D98.npy,copied,"(30, 225)",
MARIELLA,DIRECT,THANKYOU,C:\BSIT 3RD YEAR\New VovGest\external_datasets\team_incoming_recorded_features\MARIELLA\recorded_features\fullsign225_manual5_team_features,C:\BSIT 3RD YEAR\New VovGest\external_datasets\team_incoming_recorded_features\MARIELLA\recorded_features\fullsign225_manual5_team_features\recorded_features\fullsign225_manual5_team_features\THANKYOU\MARIELLA_THANKYOU_030.npy,C:\BSIT 3RD YEAR\New VovGest\external_datasets\fullsign225_manual5_team_features_v2\THANKYOU\MARIELLA_DIRECT_THANKYOU_060_FCFF67C0.npy,copied,"(30, 225)",
MARIELLA,DIRECT,THANKYOU,C:\BSIT 3RD YEAR\New VovGest\external_datasets\team_incoming_recorded_features\MARIELLA\recorded_features\fullsign225_manual5_team_features,C:\BSIT 3RD YEAR\New VovGest\external_datasets\team_incoming_recorded_features\MARIELLA\recorded_features\fullsign225_manual5_team_features\recorded_features\fullsign225_manual5_team_features\THANKYOU\MARIELLA_THANKYOU_031.npy,C:\BSIT 3RD YEAR\New VovGest\external_datasets\fullsign225_manual5_team_features_v2\THANKYOU\MARIELLA_DIRECT_THANKYOU_061_B302212E.npy,copied,"(30, 225)",
MARIELLA,DIRECT,THANKYOU,C:\BSIT 3RD YEAR\New VovGest\external_datasets\team_incoming_recorded_features\MARIELLA\recorded_features\fullsign225_manual5_team_features,C:\BSIT 3RD YEAR\New VovGest\external_datasets\team_incoming_recorded_features\MARIELLA\recorded_features\fullsign225_manual5_team_features\recorded_features\fullsign225_manual5_team_features\THANKYOU\MARIELLA_THANKYOU_032.npy,C:\BSIT 3RD YEAR\New VovGest\external_datasets\fullsign225_manual5_team_features_v2\THANKYOU\MARIELLA_DIRECT_THANKYOU_062_8C59FADF.npy,copied,"(30, 225)",
MARIELLA,DIRECT,THANKYOU,C:\BSIT 3RD YEAR\New VovGest\external_datasets\team_incoming_recorded_features\MARIELLA\recorded_features\fullsign225_manual5_team_features,C:\BSIT 3RD YEAR\New VovGest\external_datasets\team_incoming_recorded_features\MARIELLA\recorded_features\fullsign225_manual5_team_features\recorded_features\fullsign225_manual5_team_features\THANKYOU\MARIELLA_THANKYOU_033.npy,C:\BSIT 3RD YEAR\New VovGest\external_datasets\fullsign225_manual5_team_features_v2\THANKYOU\MARIELLA_DIRECT_THANKYOU_063_21F601EE.npy,copied,"(30, 225)",
MARIELLA,DIRECT,THANKYOU,C:\BSIT 3RD YEAR\New VovGest\external_datasets\team_incoming_recorded_features\MARIELLA\recorded_features\fullsign225_manual5_team_features,C:\BSIT 3RD YEAR\New VovGest\external_datasets\team_incoming_recorded_features\MARIELLA\recorded_features\fullsign225_manual5_team_features\recorded_features\fullsign225_manual5_team_features\THANKYOU\MARIELLA_THANKYOU_034.npy,C:\BSIT 3RD YEAR\New VovGest\external_datasets\fullsign225_manual5_team_features_v2\THANKYOU\MARIELLA_DIRECT_THANKYOU_064_9C5CA315.npy,copied,"(30, 225)",
MARIELLA,DIRECT,THANKYOU,C:\BSIT 3RD YEAR\New VovGest\external_datasets\team_incoming_recorded_features\MARIELLA\recorded_features\fullsign225_manual5_team_features,C:\BSIT 3RD YEAR\New VovGest\external_datasets\team_incoming_recorded_features\MARIELLA\recorded_features\fullsign225_manual5_team_features\recorded_features\fullsign225_manual5_team_features\THANKYOU\MARIELLA_THANKYOU_035.npy,C:\BSIT 3RD YEAR\New VovGest\external_datasets\fullsign225_manual5_team_features_v2\THANKYOU\MARIELLA_DIRECT_THANKYOU_065_1AE224E7.npy,copied,"(30, 225)",
MARIELLA,DIRECT,THANKYOU,C:\BSIT 3RD YEAR\New VovGest\external_datasets\team_incoming_recorded_features\MARIELLA\recorded_features\fullsign225_manual5_team_features,C:\BSIT 3RD YEAR\New VovGest\external_datasets\team_incoming_recorded_features\MARIELLA\recorded_features\fullsign225_manual5_team_features\recorded_features\fullsign225_manual5_team_features\THANKYOU\MARIELLA_THANKYOU_036.npy,C:\BSIT 3RD YEAR\New VovGest\external_datasets\fullsign225_manual5_team_features_v2\THANKYOU\MARIELLA_DIRECT_THANKYOU_066_D62EF379.npy,copied,"(30, 225)",
MARIELLA,DIRECT,THANKYOU,C:\BSIT 3RD YEAR\New VovGest\external_datasets\team_incoming_recorded_features\MARIELLA\recorded_features\fullsign225_manual5_team_features,C:\BSIT 3RD YEAR\New VovGest\external_datasets\team_incoming_recorded_features\MARIELLA\recorded_features\fullsign225_manual5_team_features\recorded_features\fullsign225_manual5_team_features\THANKYOU\MARIELLA_THANKYOU_037.npy,C:\BSIT 3RD YEAR\New VovGest\external_datasets\fullsign225_manual5_team_features_v2\THANKYOU\MARIELLA_DIRECT_THANKYOU_067_84495514.npy,copied,"(30, 225)",
MARIELLA,DIRECT,THANKYOU,C:\BSIT 3RD YEAR\New VovGest\external_datasets\team_incoming_recorded_features\MARIELLA\recorded_features\fullsign225_manual5_team_features,C:\BSIT 3RD YEAR\New VovGest\external_datasets\team_incoming_recorded_features\MARIELLA\recorded_features\fullsign225_manual5_team_features\recorded_features\fullsign225_manual5_team_features\THANKYOU\MARIELLA_THANKYOU_038.npy,C:\BSIT 3RD YEAR\New VovGest\external_datasets\fullsign225_manual5_team_features_v2\THANKYOU\MARIELLA_DIRECT_THANKYOU_068_25A83304.npy,copied,"(30, 225)",
MARIELLA,DIRECT,THANKYOU,C:\BSIT 3RD YEAR\New VovGest\external_datasets\team_incoming_recorded_features\MARIELLA\recorded_features\fullsign225_manual5_team_features,C:\BSIT 3RD YEAR\New VovGest\external_datasets\team_incoming_recorded_features\MARIELLA\recorded_features\fullsign225_manual5_team_features\recorded_features\fullsign225_manual5_team_features\THANKYOU\MARIELLA_THANKYOU_039.npy,C:\BSIT 3RD YEAR\New VovGest\external_datasets\fullsign225_manual5_team_features_v2\THANKYOU\MARIELLA_DIRECT_THANKYOU_069_91F0CA06.npy,copied,"(30, 225)",
MARIELLA,DIRECT,THANKYOU,C:\BSIT 3RD YEAR\New VovGest\external_datasets\team_incoming_recorded_features\MARIELLA\recorded_features\fullsign225_manual5_team_features,C:\BSIT 3RD YEAR\New VovGest\external_datasets\team_incoming_recorded_features\MARIELLA\recorded_features\fullsign225_manual5_team_features\recorded_features\fullsign225_manual5_team_features\THANKYOU\MARIELLA_THANKYOU_040.npy,C:\BSIT 3RD YEAR\New VovGest\external_datasets\fullsign225_manual5_team_features_v2\THANKYOU\MARIELLA_DIRECT_THANKYOU_070_D2883367.npy,copied,"(30, 225)",
MARIELLA,DIRECT,WATER,C:\BSIT 3RD YEAR\New VovGest\external_datasets\team_incoming_recorded_features\MARIELLA\recorded_features\fullsign225_manual5_team_features,C:\BSIT 3RD YEAR\New VovGest\external_datasets\team_incoming_recorded_features\MARIELLA\recorded_features\fullsign225_manual5_team_features\recorded_features\fullsign225_manual5_team_features\WATER\MARIELLA_WATER_001.npy,C:\BSIT 3RD YEAR\New VovGest\external_datasets\fullsign225_manual5_team_features_v2\WATER\MARIELLA_DIRECT_WATER_031_EC6DA3C6.npy,copied,"(30, 225)",
MARIELLA,DIRECT,WATER,C:\BSIT 3RD YEAR\New VovGest\external_datasets\team_incoming_recorded_features\MARIELLA\recorded_features\fullsign225_manual5_team_features,C:\BSIT 3RD YEAR\New VovGest\external_datasets\team_incoming_recorded_features\MARIELLA\recorded_features\fullsign225_manual5_team_features\recorded_features\fullsign225_manual5_team_features\WATER\MARIELLA_WATER_002.npy,C:\BSIT 3RD YEAR\New VovGest\external_datasets\fullsign225_manual5_team_features_v2\WATER\MARIELLA_DIRECT_WATER_032_A084E0BF.npy,copied,"(30, 225)",
MARIELLA,DIRECT,WATER,C:\BSIT 3RD YEAR\New VovGest\external_datasets\team_incoming_recorded_features\MARIELLA\recorded_features\fullsign225_manual5_team_features,C:\BSIT 3RD YEAR\New VovGest\external_datasets\team_incoming_recorded_features\MARIELLA\recorded_features\fullsign225_manual5_team_features\recorded_features\fullsign225_manual5_team_features\WATER\MARIELLA_WATER_003.npy,C:\BSIT 3RD YEAR\New VovGest\external_datasets\fullsign225_manual5_team_features_v2\WATER\MARIELLA_DIRECT_WATER_033_FF934368.npy,copied,"(30, 225)",
MARIELLA,DIRECT,WATER,C:\BSIT 3RD YEAR\New VovGest\external_datasets\team_incoming_recorded_features\MARIELLA\recorded_features\fullsign225_manual5_team_features,C:\BSIT 3RD YEAR\New VovGest\external_datasets\team_incoming_recorded_features\MARIELLA\recorded_features\fullsign225_manual5_team_features\recorded_features\fullsign225_manual5_team_features\WATER\MARIELLA_WATER_004.npy,C:\BSIT 3RD YEAR\New VovGest\external_datasets\fullsign225_manual5_team_features_v2\WATER\MARIELLA_DIRECT_WATER_034_8732922C.npy,copied,"(30, 225)",
MARIELLA,DIRECT,WATER,C:\BSIT 3RD YEAR\New VovGest\external_datasets\team_incoming_recorded_features\MARIELLA\recorded_features\fullsign225_manual5_team_features,C:\BSIT 3RD YEAR\New VovGest\external_datasets\team_incoming_recorded_features\MARIELLA\recorded_features\fullsign225_manual5_team_features\recorded_features\fullsign225_manual5_team_features\WATER\MARIELLA_WATER_005.npy,C:\BSIT 3RD YEAR\New VovGest\external_datasets\fullsign225_manual5_team_features_v2\WATER\MARIELLA_DIRECT_WATER_035_72EF6293.npy,copied,"(30, 225)",
MARIELLA,DIRECT,WATER,C:\BSIT 3RD YEAR\New VovGest\external_datasets\team_incoming_recorded_features\MARIELLA\recorded_features\fullsign225_manual5_team_features,C:\BSIT 3RD YEAR\New VovGest\external_datasets\team_incoming_recorded_features\MARIELLA\recorded_features\fullsign225_manual5_team_features\recorded_features\fullsign225_manual5_team_features\WATER\MARIELLA_WATER_006.npy,C:\BSIT 3RD YEAR\New VovGest\external_datasets\fullsign225_manual5_team_features_v2\WATER\MARIELLA_DIRECT_WATER_036_D22E0759.npy,copied,"(30, 225)",
MARIELLA,DIRECT,WATER,C:\BSIT 3RD YEAR\New VovGest\external_datasets\team_incoming_recorded_features\MARIELLA\recorded_features\fullsign225_manual5_team_features,C:\BSIT 3RD YEAR\New VovGest\external_datasets\team_incoming_recorded_features\MARIELLA\recorded_features\fullsign225_manual5_team_features\recorded_features\fullsign225_manual5_team_features\WATER\MARIELLA_WATER_007.npy,C:\BSIT 3RD YEAR\New VovGest\external_datasets\fullsign225_manual5_team_features_v2\WATER\MARIELLA_DIRECT_WATER_037_FCF4AAB5.npy,copied,"(30, 225)",
MARIELLA,DIRECT,WATER,C:\BSIT 3RD YEAR\New VovGest\external_datasets\team_incoming_recorded_features\MARIELLA\recorded_features\fullsign225_manual5_team_features,C:\BSIT 3RD YEAR\New VovGest\external_datasets\team_incoming_recorded_features\MARIELLA\recorded_features\fullsign225_manual5_team_features\recorded_features\fullsign225_manual5_team_features\WATER\MARIELLA_WATER_008.npy,C:\BSIT 3RD YEAR\New VovGest\external_datasets\fullsign225_manual5_team_features_v2\WATER\MARIELLA_DIRECT_WATER_038_EC371BA2.npy,copied,"(30, 225)",
MARIELLA,DIRECT,WATER,C:\BSIT 3RD YEAR\New VovGest\external_datasets\team_incoming_recorded_features\MARIELLA\recorded_features\fullsign225_manual5_team_features,C:\BSIT 3RD YEAR\New VovGest\external_datasets\team_incoming_recorded_features\MARIELLA\recorded_features\fullsign225_manual5_team_features\recorded_features\fullsign225_manual5_team_features\WATER\MARIELLA_WATER_009.npy,C:\BSIT 3RD YEAR\New VovGest\external_datasets\fullsign225_manual5_team_features_v2\WATER\MARIELLA_DIRECT_WATER_039_A6640CB0.npy,copied,"(30, 225)",
MARIELLA,DIRECT,WATER,C:\BSIT 3RD YEAR\New VovGest\external_datasets\team_incoming_recorded_features\MARIELLA\recorded_features\fullsign225_manual5_team_features,C:\BSIT 3RD YEAR\New VovGest\external_datasets\team_incoming_recorded_features\MARIELLA\recorded_features\fullsign225_manual5_team_features\recorded_features\fullsign225_manual5_team_features\WATER\MARIELLA_WATER_010.npy,C:\BSIT 3RD YEAR\New VovGest\external_datasets\fullsign225_manual5_team_features_v2\WATER\MARIELLA_DIRECT_WATER_040_E507D6DC.npy,copied,"(30, 225)",
MARIELLA,DIRECT,WATER,C:\BSIT 3RD YEAR\New VovGest\external_datasets\team_incoming_recorded_features\MARIELLA\recorded_features\fullsign225_manual5_team_features,C:\BSIT 3RD YEAR\New VovGest\external_datasets\team_incoming_recorded_features\MARIELLA\recorded_features\fullsign225_manual5_team_features\recorded_features\fullsign225_manual5_team_features\WATER\MARIELLA_WATER_011.npy,C:\BSIT 3RD YEAR\New VovGest\external_datasets\fullsign225_manual5_team_features_v2\WATER\MARIELLA_DIRECT_WATER_041_C2BF0B06.npy,copied,"(30, 225)",
MARIELLA,DIRECT,WATER,C:\BSIT 3RD YEAR\New VovGest\external_datasets\team_incoming_recorded_features\MARIELLA\recorded_features\fullsign225_manual5_team_features,C:\BSIT 3RD YEAR\New VovGest\external_datasets\team_incoming_recorded_features\MARIELLA\recorded_features\fullsign225_manual5_team_features\recorded_features\fullsign225_manual5_team_features\WATER\MARIELLA_WATER_012.npy,C:\BSIT 3RD YEAR\New VovGest\external_datasets\fullsign225_manual5_team_features_v2\WATER\MARIELLA_DIRECT_WATER_042_AC379D3F.npy,copied,"(30, 225)",
MARIELLA,DIRECT,WATER,C:\BSIT 3RD YEAR\New VovGest\external_datasets\team_incoming_recorded_features\MARIELLA\recorded_features\fullsign225_manual5_team_features,C:\BSIT 3RD YEAR\New VovGest\external_datasets\team_incoming_recorded_features\MARIELLA\recorded_features\fullsign225_manual5_team_features\recorded_features\fullsign225_manual5_team_features\WATER\MARIELLA_WATER_013.npy,C:\BSIT 3RD YEAR\New VovGest\external_datasets\fullsign225_manual5_team_features_v2\WATER\MARIELLA_DIRECT_WATER_043_4AE26D5E.npy,copied,"(30, 225)",
MARIELLA,DIRECT,WATER,C:\BSIT 3RD YEAR\New VovGest\external_datasets\team_incoming_recorded_features\MARIELLA\recorded_features\fullsign225_manual5_team_features,C:\BSIT 3RD YEAR\New VovGest\external_datasets\team_incoming_recorded_features\MARIELLA\recorded_features\fullsign225_manual5_team_features\recorded_features\fullsign225_manual5_team_features\WATER\MARIELLA_WATER_014.npy,C:\BSIT 3RD YEAR\New VovGest\external_datasets\fullsign225_manual5_team_features_v2\WATER\MARIELLA_DIRECT_WATER_044_DBAB562A.npy,copied,"(30, 225)",
MARIELLA,DIRECT,WATER,C:\BSIT 3RD YEAR\New VovGest\external_datasets\team_incoming_recorded_features\MARIELLA\recorded_features\fullsign225_manual5_team_features,C:\BSIT 3RD YEAR\New VovGest\external_datasets\team_incoming_recorded_features\MARIELLA\recorded_features\fullsign225_manual5_team_features\recorded_features\fullsign225_manual5_team_features\WATER\MARIELLA_WATER_015.npy,C:\BSIT 3RD YEAR\New VovGest\external_datasets\fullsign225_manual5_team_features_v2\WATER\MARIELLA_DIRECT_WATER_045_FDA80673.npy,copied,"(30, 225)",
MARIELLA,DIRECT,WATER,C:\BSIT 3RD YEAR\New VovGest\external_datasets\team_incoming_recorded_features\MARIELLA\recorded_features\fullsign225_manual5_team_features,C:\BSIT 3RD YEAR\New VovGest\external_datasets\team_incoming_recorded_features\MARIELLA\recorded_features\fullsign225_manual5_team_features\recorded_features\fullsign225_manual5_team_features\WATER\MARIELLA_WATER_016.npy,C:\BSIT 3RD YEAR\New VovGest\external_datasets\fullsign225_manual5_team_features_v2\WATER\MARIELLA_DIRECT_WATER_046_0EB79AE2.npy,copied,"(30, 225)",
MARIELLA,DIRECT,WATER,C:\BSIT 3RD YEAR\New VovGest\external_datasets\team_incoming_recorded_features\MARIELLA\recorded_features\fullsign225_manual5_team_features,C:\BSIT 3RD YEAR\New VovGest\external_datasets\team_incoming_recorded_features\MARIELLA\recorded_features\fullsign225_manual5_team_features\recorded_features\fullsign225_manual5_team_features\WATER\MARIELLA_WATER_017.npy,C:\BSIT 3RD YEAR\New VovGest\external_datasets\fullsign225_manual5_team_features_v2\WATER\MARIELLA_DIRECT_WATER_047_2AD4BE9B.npy,copied,"(30, 225)",
MARIELLA,DIRECT,WATER,C:\BSIT 3RD YEAR\New VovGest\external_datasets\team_incoming_recorded_features\MARIELLA\recorded_features\fullsign225_manual5_team_features,C:\BSIT 3RD YEAR\New VovGest\external_datasets\team_incoming_recorded_features\MARIELLA\recorded_features\fullsign225_manual5_team_features\recorded_features\fullsign225_manual5_team_features\WATER\MARIELLA_WATER_018.npy,C:\BSIT 3RD YEAR\New VovGest\external_datasets\fullsign225_manual5_team_features_v2\WATER\MARIELLA_DIRECT_WATER_048_8FC54460.npy,copied,"(30, 225)",
MARIELLA,DIRECT,WATER,C:\BSIT 3RD YEAR\New VovGest\external_datasets\team_incoming_recorded_features\MARIELLA\recorded_features\fullsign225_manual5_team_features,C:\BSIT 3RD YEAR\New VovGest\external_datasets\team_incoming_recorded_features\MARIELLA\recorded_features\fullsign225_manual5_team_features\recorded_features\fullsign225_manual5_team_features\WATER\MARIELLA_WATER_019.npy,C:\BSIT 3RD YEAR\New VovGest\external_datasets\fullsign225_manual5_team_features_v2\WATER\MARIELLA_DIRECT_WATER_049_1358A3D1.npy,copied,"(30, 225)",
MARIELLA,DIRECT,WATER,C:\BSIT 3RD YEAR\New VovGest\external_datasets\team_incoming_recorded_features\MARIELLA\recorded_features\fullsign225_manual5_team_features,C:\BSIT 3RD YEAR\New VovGest\external_datasets\team_incoming_recorded_features\MARIELLA\recorded_features\fullsign225_manual5_team_features\recorded_features\fullsign225_manual5_team_features\WATER\MARIELLA_WATER_020.npy,C:\BSIT 3RD YEAR\New VovGest\external_datasets\fullsign225_manual5_team_features_v2\WATER\MARIELLA_DIRECT_WATER_050_DDFF446A.npy,copied,"(30, 225)",
MARIELLA,DIRECT,WATER,C:\BSIT 3RD YEAR\New VovGest\external_datasets\team_incoming_recorded_features\MARIELLA\recorded_features\fullsign225_manual5_team_features,C:\BSIT 3RD YEAR\New VovGest\external_datasets\team_incoming_recorded_features\MARIELLA\recorded_features\fullsign225_manual5_team_features\recorded_features\fullsign225_manual5_team_features\WATER\MARIELLA_WATER_021.npy,C:\BSIT 3RD YEAR\New VovGest\external_datasets\fullsign225_manual5_team_features_v2\WATER\MARIELLA_DIRECT_WATER_051_A827A053.npy,copied,"(30, 225)",
MARIELLA,DIRECT,WATER,C:\BSIT 3RD YEAR\New VovGest\external_datasets\team_incoming_recorded_features\MARIELLA\recorded_features\fullsign225_manual5_team_features,C:\BSIT 3RD YEAR\New VovGest\external_datasets\team_incoming_recorded_features\MARIELLA\recorded_features\fullsign225_manual5_team_features\recorded_features\fullsign225_manual5_team_features\WATER\MARIELLA_WATER_022.npy,C:\BSIT 3RD YEAR\New VovGest\external_datasets\fullsign225_manual5_team_features_v2\WATER\MARIELLA_DIRECT_WATER_052_E4D2DE22.npy,copied,"(30, 225)",
MARIELLA,DIRECT,WATER,C:\BSIT 3RD YEAR\New VovGest\external_datasets\team_incoming_recorded_features\MARIELLA\recorded_features\fullsign225_manual5_team_features,C:\BSIT 3RD YEAR\New VovGest\external_datasets\team_incoming_recorded_features\MARIELLA\recorded_features\fullsign225_manual5_team_features\recorded_features\fullsign225_manual5_team_features\WATER\MARIELLA_WATER_023.npy,C:\BSIT 3RD YEAR\New VovGest\external_datasets\fullsign225_manual5_team_features_v2\WATER\MARIELLA_DIRECT_WATER_053_5D79E371.npy,copied,"(30, 225)",
MARIELLA,DIRECT,WATER,C:\BSIT 3RD YEAR\New VovGest\external_datasets\team_incoming_recorded_features\MARIELLA\recorded_features\fullsign225_manual5_team_features,C:\BSIT 3RD YEAR\New VovGest\external_datasets\team_incoming_recorded_features\MARIELLA\recorded_features\fullsign225_manual5_team_features\recorded_features\fullsign225_manual5_team_features\WATER\MARIELLA_WATER_024.npy,C:\BSIT 3RD YEAR\New VovGest\external_datasets\fullsign225_manual5_team_features_v2\WATER\MARIELLA_DIRECT_WATER_054_3BB71FE4.npy,copied,"(30, 225)",
MARIELLA,DIRECT,WATER,C:\BSIT 3RD YEAR\New VovGest\external_datasets\team_incoming_recorded_features\MARIELLA\recorded_features\fullsign225_manual5_team_features,C:\BSIT 3RD YEAR\New VovGest\external_datasets\team_incoming_recorded_features\MARIELLA\recorded_features\fullsign225_manual5_team_features\recorded_features\fullsign225_manual5_team_features\WATER\MARIELLA_WATER_025.npy,C:\BSIT 3RD YEAR\New VovGest\external_datasets\fullsign225_manual5_team_features_v2\WATER\MARIELLA_DIRECT_WATER_055_0E8FCBE2.npy,copied,"(30, 225)",
MARIELLA,DIRECT,WATER,C:\BSIT 3RD YEAR\New VovGest\external_datasets\team_incoming_recorded_features\MARIELLA\recorded_features\fullsign225_manual5_team_features,C:\BSIT 3RD YEAR\New VovGest\external_datasets\team_incoming_recorded_features\MARIELLA\recorded_features\fullsign225_manual5_team_features\recorded_features\fullsign225_manual5_team_features\WATER\MARIELLA_WATER_026.npy,C:\BSIT 3RD YEAR\New VovGest\external_datasets\fullsign225_manual5_team_features_v2\WATER\MARIELLA_DIRECT_WATER_056_ED18B388.npy,copied,"(30, 225)",
MARIELLA,DIRECT,WATER,C:\BSIT 3RD YEAR\New VovGest\external_datasets\team_incoming_recorded_features\MARIELLA\recorded_features\fullsign225_manual5_team_features,C:\BSIT 3RD YEAR\New VovGest\external_datasets\team_incoming_recorded_features\MARIELLA\recorded_features\fullsign225_manual5_team_features\recorded_features\fullsign225_manual5_team_features\WATER\MARIELLA_WATER_027.npy,C:\BSIT 3RD YEAR\New VovGest\external_datasets\fullsign225_manual5_team_features_v2\WATER\MARIELLA_DIRECT_WATER_057_EAD68466.npy,copied,"(30, 225)",
MARIELLA,DIRECT,WATER,C:\BSIT 3RD YEAR\New VovGest\external_datasets\team_incoming_recorded_features\MARIELLA\recorded_features\fullsign225_manual5_team_features,C:\BSIT 3RD YEAR\New VovGest\external_datasets\team_incoming_recorded_features\MARIELLA\recorded_features\fullsign225_manual5_team_features\recorded_features\fullsign225_manual5_team_features\WATER\MARIELLA_WATER_028.npy,C:\BSIT 3RD YEAR\New VovGest\external_datasets\fullsign225_manual5_team_features_v2\WATER\MARIELLA_DIRECT_WATER_058_DA7C605C.npy,copied,"(30, 225)",
MARIELLA,DIRECT,WATER,C:\BSIT 3RD YEAR\New VovGest\external_datasets\team_incoming_recorded_features\MARIELLA\recorded_features\fullsign225_manual5_team_features,C:\BSIT 3RD YEAR\New VovGest\external_datasets\team_incoming_recorded_features\MARIELLA\recorded_features\fullsign225_manual5_team_features\recorded_features\fullsign225_manual5_team_features\WATER\MARIELLA_WATER_029.npy,C:\BSIT 3RD YEAR\New VovGest\external_datasets\fullsign225_manual5_team_features_v2\WATER\MARIELLA_DIRECT_WATER_059_B729DCF2.npy,copied,"(30, 225)",
MARIELLA,DIRECT,WATER,C:\BSIT 3RD YEAR\New VovGest\external_datasets\team_incoming_recorded_features\MARIELLA\recorded_features\fullsign225_manual5_team_features,C:\BSIT 3RD YEAR\New VovGest\external_datasets\team_incoming_recorded_features\MARIELLA\recorded_features\fullsign225_manual5_team_features\recorded_features\fullsign225_manual5_team_features\WATER\MARIELLA_WATER_030.npy,C:\BSIT 3RD YEAR\New VovGest\external_datasets\fullsign225_manual5_team_features_v2\WATER\MARIELLA_DIRECT_WATER_060_BB308DFD.npy,copied,"(30, 225)",
MARIELLA,DIRECT,WATER,C:\BSIT 3RD YEAR\New VovGest\external_datasets\team_incoming_recorded_features\MARIELLA\recorded_features\fullsign225_manual5_team_features,C:\BSIT 3RD YEAR\New VovGest\external_datasets\team_incoming_recorded_features\MARIELLA\recorded_features\fullsign225_manual5_team_features\recorded_features\fullsign225_manual5_team_features\WATER\MARIELLA_WATER_031.npy,C:\BSIT 3RD YEAR\New VovGest\external_datasets\fullsign225_manual5_team_features_v2\WATER\MARIELLA_DIRECT_WATER_061_2D9F0897.npy,copied,"(30, 225)",
MARIELLA,DIRECT,WATER,C:\BSIT 3RD YEAR\New VovGest\external_datasets\team_incoming_recorded_features\MARIELLA\recorded_features\fullsign225_manual5_team_features,C:\BSIT 3RD YEAR\New VovGest\external_datasets\team_incoming_recorded_features\MARIELLA\recorded_features\fullsign225_manual5_team_features\recorded_features\fullsign225_manual5_team_features\WATER\MARIELLA_WATER_032.npy,C:\BSIT 3RD YEAR\New VovGest\external_datasets\fullsign225_manual5_team_features_v2\WATER\MARIELLA_DIRECT_WATER_062_DB2BBA91.npy,copied,"(30, 225)",
MARIELLA,DIRECT,WATER,C:\BSIT 3RD YEAR\New VovGest\external_datasets\team_incoming_recorded_features\MARIELLA\recorded_features\fullsign225_manual5_team_features,C:\BSIT 3RD YEAR\New VovGest\external_datasets\team_incoming_recorded_features\MARIELLA\recorded_features\fullsign225_manual5_team_features\recorded_features\fullsign225_manual5_team_features\WATER\MARIELLA_WATER_033.npy,C:\BSIT 3RD YEAR\New VovGest\external_datasets\fullsign225_manual5_team_features_v2\WATER\MARIELLA_DIRECT_WATER_063_D895D2BC.npy,copied,"(30, 225)",
MARIELLA,DIRECT,WATER,C:\BSIT 3RD YEAR\New VovGest\external_datasets\team_incoming_recorded_features\MARIELLA\recorded_features\fullsign225_manual5_team_features,C:\BSIT 3RD YEAR\New VovGest\external_datasets\team_incoming_recorded_features\MARIELLA\recorded_features\fullsign225_manual5_team_features\recorded_features\fullsign225_manual5_team_features\WATER\MARIELLA_WATER_034.npy,C:\BSIT 3RD YEAR\New VovGest\external_datasets\fullsign225_manual5_team_features_v2\WATER\MARIELLA_DIRECT_WATER_064_0566E053.npy,copied,"(30, 225)",
MARIELLA,DIRECT,WATER,C:\BSIT 3RD YEAR\New VovGest\external_datasets\team_incoming_recorded_features\MARIELLA\recorded_features\fullsign225_manual5_team_features,C:\BSIT 3RD YEAR\New VovGest\external_datasets\team_incoming_recorded_features\MARIELLA\recorded_features\fullsign225_manual5_team_features\recorded_features\fullsign225_manual5_team_features\WATER\MARIELLA_WATER_035.npy,C:\BSIT 3RD YEAR\New VovGest\external_datasets\fullsign225_manual5_team_features_v2\WATER\MARIELLA_DIRECT_WATER_065_AEEF4522.npy,copied,"(30, 225)",
MARIELLA,DIRECT,WATER,C:\BSIT 3RD YEAR\New VovGest\external_datasets\team_incoming_recorded_features\MARIELLA\recorded_features\fullsign225_manual5_team_features,C:\BSIT 3RD YEAR\New VovGest\external_datasets\team_incoming_recorded_features\MARIELLA\recorded_features\fullsign225_manual5_team_features\recorded_features\fullsign225_manual5_team_features\WATER\MARIELLA_WATER_036.npy,C:\BSIT 3RD YEAR\New VovGest\external_datasets\fullsign225_manual5_team_features_v2\WATER\MARIELLA_DIRECT_WATER_066_EAA36A44.npy,copied,"(30, 225)",
MARIELLA,DIRECT,WATER,C:\BSIT 3RD YEAR\New VovGest\external_datasets\team_incoming_recorded_features\MARIELLA\recorded_features\fullsign225_manual5_team_features,C:\BSIT 3RD YEAR\New VovGest\external_datasets\team_incoming_recorded_features\MARIELLA\recorded_features\fullsign225_manual5_team_features\recorded_features\fullsign225_manual5_team_features\WATER\MARIELLA_WATER_037.npy,C:\BSIT 3RD YEAR\New VovGest\external_datasets\fullsign225_manual5_team_features_v2\WATER\MARIELLA_DIRECT_WATER_067_10D16026.npy,copied,"(30, 225)",
MARIELLA,DIRECT,WATER,C:\BSIT 3RD YEAR\New VovGest\external_datasets\team_incoming_recorded_features\MARIELLA\recorded_features\fullsign225_manual5_team_features,C:\BSIT 3RD YEAR\New VovGest\external_datasets\team_incoming_recorded_features\MARIELLA\recorded_features\fullsign225_manual5_team_features\recorded_features\fullsign225_manual5_team_features\WATER\MARIELLA_WATER_038.npy,C:\BSIT 3RD YEAR\New VovGest\external_datasets\fullsign225_manual5_team_features_v2\WATER\MARIELLA_DIRECT_WATER_068_4A94A68F.npy,copied,"(30, 225)",
MARIELLA,DIRECT,WATER,C:\BSIT 3RD YEAR\New VovGest\external_datasets\team_incoming_recorded_features\MARIELLA\recorded_features\fullsign225_manual5_team_features,C:\BSIT 3RD YEAR\New VovGest\external_datasets\team_incoming_recorded_features\MARIELLA\recorded_features\fullsign225_manual5_team_features\recorded_features\fullsign225_manual5_team_features\WATER\MARIELLA_WATER_039.npy,C:\BSIT 3RD YEAR\New VovGest\external_datasets\fullsign225_manual5_team_features_v2\WATER\MARIELLA_DIRECT_WATER_069_F6CABB84.npy,copied,"(30, 225)",
MARIELLA,DIRECT,WATER,C:\BSIT 3RD YEAR\New VovGest\external_datasets\team_incoming_recorded_features\MARIELLA\recorded_features\fullsign225_manual5_team_features,C:\BSIT 3RD YEAR\New VovGest\external_datasets\team_incoming_recorded_features\MARIELLA\recorded_features\fullsign225_manual5_team_features\recorded_features\fullsign225_manual5_team_features\WATER\MARIELLA_WATER_040.npy,C:\BSIT 3RD YEAR\New VovGest\external_datasets\fullsign225_manual5_team_features_v2\WATER\MARIELLA_DIRECT_WATER_070_062080F5.npy,copied,"(30, 225)",
CED,BATCH01_MANUAL16,,C:\BSIT 3RD YEAR\New VovGest\external_datasets\team_incoming_recorded_features\CED\batch_01_manual16\recorded_features\fullsign225_manual5_team_features,C:\BSIT 3RD YEAR\New VovGest\external_datasets\team_incoming_recorded_features\CED\batch_01_manual16\recorded_features\fullsign225_manual5_team_features\DOCTOR\manual_fullsign225_20260519_163251_seq0001.npy,,skipped_unknown_label,,
CED,BATCH01_MANUAL16,,C:\BSIT 3RD YEAR\New VovGest\external_datasets\team_incoming_recorded_features\CED\batch_01_manual16\recorded_features\fullsign225_manual5_team_features,C:\BSIT 3RD YEAR\New VovGest\external_datasets\team_incoming_recorded_features\CED\batch_01_manual16\recorded_features\fullsign225_manual5_team_features\DOCTOR\manual_fullsign225_20260519_163251_seq0002.npy,,skipped_unknown_label,,
CED,BATCH01_MANUAL16,,C:\BSIT 3RD YEAR\New VovGest\external_datasets\team_incoming_recorded_features\CED\batch_01_manual16\recorded_features\fullsign225_manual5_team_features,C:\BSIT 3RD YEAR\New VovGest\external_datasets\team_incoming_recorded_features\CED\batch_01_manual16\recorded_features\fullsign225_manual5_team_features\DOCTOR\manual_fullsign225_20260519_163251_seq0003.npy,,skipped_unknown_label,,
CED,BATCH01_MANUAL16,,C:\BSIT 3RD YEAR\New VovGest\external_datasets\team_incoming_recorded_features\CED\batch_01_manual16\recorded_features\fullsign225_manual5_team_features,C:\BSIT 3RD YEAR\New VovGest\external_datasets\team_incoming_recorded_features\CED\batch_01_manual16\recorded_features\fullsign225_manual5_team_features\DOCTOR\manual_fullsign225_20260519_163251_seq0004.npy,,skipped_unknown_label,,
CED,BATCH01_MANUAL16,,C:\BSIT 3RD YEAR\New VovGest\external_datasets\team_incoming_recorded_features\CED\batch_01_manual16\recorded_features\fullsign225_manual5_team_features,C:\BSIT 3RD YEAR\New VovGest\external_datasets\team_incoming_recorded_features\CED\batch_01_manual16\recorded_features\fullsign225_manual5_team_features\DOCTOR\manual_fullsign225_20260519_163251_seq0005.npy,,skipped_unknown_label,,
CED,BATCH01_MANUAL16,,C:\BSIT 3RD YEAR\New VovGest\external_datasets\team_incoming_recorded_features\CED\batch_01_manual16\recorded_features\fullsign225_manual5_team_features,C:\BSIT 3RD YEAR\New VovGest\external_datasets\team_incoming_recorded_features\CED\batch_01_manual16\recorded_features\fullsign225_manual5_team_features\DOCTOR\manual_fullsign225_20260519_163251_seq0006.npy,,skipped_unknown_label,,
CED,BATCH01_MANUAL16,,C:\BSIT 3RD YEAR\New VovGest\external_datasets\team_incoming_recorded_features\CED\batch_01_manual16\recorded_features\fullsign225_manual5_team_features,C:\BSIT 3RD YEAR\New VovGest\external_datasets\team_incoming_recorded_features\CED\batch_01_manual16\recorded_features\fullsign225_manual5_team_features\DOCTOR\manual_fullsign225_20260519_163251_seq0007.npy,,skipped_unknown_label,,
CED,BATCH01_MANUAL16,,C:\BSIT 3RD YEAR\New VovGest\external_datasets\team_incoming_recorded_features\CED\batch_01_manual16\recorded_features\fullsign225_manual5_team_features,C:\BSIT 3RD YEAR\New VovGest\external_datasets\team_incoming_recorded_features\CED\batch_01_manual16\recorded_features\fullsign225_manual5_team_features\DOCTOR\manual_fullsign225_20260519_163251_seq0008.npy,,skipped_unknown_label,,
CED,BATCH01_MANUAL16,,C:\BSIT 3RD YEAR\New VovGest\external_datasets\team_incoming_recorded_features\CED\batch_01_manual16\recorded_features\fullsign225_manual5_team_features,C:\BSIT 3RD YEAR\New VovGest\external_datasets\team_incoming_recorded_features\CED\batch_01_manual16\recorded_features\fullsign225_manual5_team_features\DOCTOR\manual_fullsign225_20260519_163251_seq0009.npy,,skipped_unknown_label,,
CED,BATCH01_MANUAL16,,C:\BSIT 3RD YEAR\New VovGest\external_datasets\team_incoming_recorded_features\CED\batch_01_manual16\recorded_features\fullsign225_manual5_team_features,C:\BSIT 3RD YEAR\New VovGest\external_datasets\team_incoming_recorded_features\CED\batch_01_manual16\recorded_features\fullsign225_manual5_team_features\DOCTOR\manual_fullsign225_20260519_163251_seq0010.npy,,skipped_unknown_label,,
CED,BATCH01_MANUAL16,,C:\BSIT 3RD YEAR\New VovGest\external_datasets\team_incoming_recorded_features\CED\batch_01_manual16\recorded_features\fullsign225_manual5_team_features,C:\BSIT 3RD YEAR\New VovGest\external_datasets\team_incoming_recorded_features\CED\batch_01_manual16\recorded_features\fullsign225_manual5_team_features\DOCTOR\manual_fullsign225_20260519_163251_seq0011.npy,,skipped_unknown_label,,
CED,BATCH01_MANUAL16,,C:\BSIT 3RD YEAR\New VovGest\external_datasets\team_incoming_recorded_features\CED\batch_01_manual16\recorded_features\fullsign225_manual5_team_features,C:\BSIT 3RD YEAR\New VovGest\external_datasets\team_incoming_recorded_features\CED\batch_01_manual16\recorded_features\fullsign225_manual5_team_features\DOCTOR\manual_fullsign225_20260519_163251_seq0012.npy,,skipped_unknown_label,,
CED,BATCH01_MANUAL16,,C:\BSIT 3RD YEAR\New VovGest\external_datasets\team_incoming_recorded_features\CED\batch_01_manual16\recorded_features\fullsign225_manual5_team_features,C:\BSIT 3RD YEAR\New VovGest\external_datasets\team_incoming_recorded_features\CED\batch_01_manual16\recorded_features\fullsign225_manual5_team_features\DOCTOR\manual_fullsign225_20260519_163251_seq0013.npy,,skipped_unknown_label,,
CED,BATCH01_MANUAL16,,C:\BSIT 3RD YEAR\New VovGest\external_datasets\team_incoming_recorded_features\CED\batch_01_manual16\recorded_features\fullsign225_manual5_team_features,C:\BSIT 3RD YEAR\New VovGest\external_datasets\team_incoming_recorded_features\CED\batch_01_manual16\recorded_features\fullsign225_manual5_team_features\DOCTOR\manual_fullsign225_20260519_163251_seq0014.npy,,skipped_unknown_label,,
CED,BATCH01_MANUAL16,,C:\BSIT 3RD YEAR\New VovGest\external_datasets\team_incoming_recorded_features\CED\batch_01_manual16\recorded_features\fullsign225_manual5_team_features,C:\BSIT 3RD YEAR\New VovGest\external_datasets\team_incoming_recorded_features\CED\batch_01_manual16\recorded_features\fullsign225_manual5_team_features\DOCTOR\manual_fullsign225_20260519_163251_seq0015.npy,,skipped_unknown_label,,
CED,BATCH01_MANUAL16,,C:\BSIT 3RD YEAR\New VovGest\external_datasets\team_incoming_recorded_features\CED\batch_01_manual16\recorded_features\fullsign225_manual5_team_features,C:\BSIT 3RD YEAR\New VovGest\external_datasets\team_incoming_recorded_features\CED\batch_01_manual16\recorded_features\fullsign225_manual5_team_features\DOCTOR\manual_fullsign225_20260519_163251_seq0016.npy,,skipped_unknown_label,,
CED,BATCH01_MANUAL16,,C:\BSIT 3RD YEAR\New VovGest\external_datasets\team_incoming_recorded_features\CED\batch_01_manual16\recorded_features\fullsign225_manual5_team_features,C:\BSIT 3RD YEAR\New VovGest\external_datasets\team_incoming_recorded_features\CED\batch_01_manual16\recorded_features\fullsign225_manual5_team_features\DOCTOR\manual_fullsign225_20260519_163251_seq0017.npy,,skipped_unknown_label,,
CED,BATCH01_MANUAL16,,C:\BSIT 3RD YEAR\New VovGest\external_datasets\team_incoming_recorded_features\CED\batch_01_manual16\recorded_features\fullsign225_manual5_team_features,C:\BSIT 3RD YEAR\New VovGest\external_datasets\team_incoming_recorded_features\CED\batch_01_manual16\recorded_features\fullsign225_manual5_team_features\DOCTOR\manual_fullsign225_20260519_163251_seq0018.npy,,skipped_unknown_label,,
CED,BATCH01_MANUAL16,,C:\BSIT 3RD YEAR\New VovGest\external_datasets\team_incoming_recorded_features\CED\batch_01_manual16\recorded_features\fullsign225_manual5_team_features,C:\BSIT 3RD YEAR\New VovGest\external_datasets\team_incoming_recorded_features\CED\batch_01_manual16\recorded_features\fullsign225_manual5_team_features\DOCTOR\manual_fullsign225_20260519_163251_seq0019.npy,,skipped_unknown_label,,
CED,BATCH01_MANUAL16,,C:\BSIT 3RD YEAR\New VovGest\external_datasets\team_incoming_recorded_features\CED\batch_01_manual16\recorded_features\fullsign225_manual5_team_features,C:\BSIT 3RD YEAR\New VovGest\external_datasets\team_incoming_recorded_features\CED\batch_01_manual16\recorded_features\fullsign225_manual5_team_features\DOCTOR\manual_fullsign225_20260519_163251_seq0020.npy,,skipped_unknown_label,,
CED,BATCH01_MANUAL16,,C:\BSIT 3RD YEAR\New VovGest\external_datasets\team_incoming_recorded_features\CED\batch_01_manual16\recorded_features\fullsign225_manual5_team_features,C:\BSIT 3RD YEAR\New VovGest\external_datasets\team_incoming_recorded_features\CED\batch_01_manual16\recorded_features\fullsign225_manual5_team_features\DOCTOR\manual_fullsign225_20260519_163251_seq0021.npy,,skipped_unknown_label,,
CED,BATCH01_MANUAL16,,C:\BSIT 3RD YEAR\New VovGest\external_datasets\team_incoming_recorded_features\CED\batch_01_manual16\recorded_features\fullsign225_manual5_team_features,C:\BSIT 3RD YEAR\New VovGest\external_datasets\team_incoming_recorded_features\CED\batch_01_manual16\recorded_features\fullsign225_manual5_team_features\DOCTOR\manual_fullsign225_20260519_163251_seq0022.npy,,skipped_unknown_label,,
CED,BATCH01_MANUAL16,,C:\BSIT 3RD YEAR\New VovGest\external_datasets\team_incoming_recorded_features\CED\batch_01_manual16\recorded_features\fullsign225_manual5_team_features,C:\BSIT 3RD YEAR\New VovGest\external_datasets\team_incoming_recorded_features\CED\batch_01_manual16\recorded_features\fullsign225_manual5_team_features\DOCTOR\manual_fullsign225_20260519_163251_seq0023.npy,,skipped_unknown_label,,
CED,BATCH01_MANUAL16,,C:\BSIT 3RD YEAR\New VovGest\external_datasets\team_incoming_recorded_features\CED\batch_01_manual16\recorded_features\fullsign225_manual5_team_features,C:\BSIT 3RD YEAR\New VovGest\external_datasets\team_incoming_recorded_features\CED\batch_01_manual16\recorded_features\fullsign225_manual5_team_features\DOCTOR\manual_fullsign225_20260519_163251_seq0024.npy,,skipped_unknown_label,,
CED,BATCH01_MANUAL16,,C:\BSIT 3RD YEAR\New VovGest\external_datasets\team_incoming_recorded_features\CED\batch_01_manual16\recorded_features\fullsign225_manual5_team_features,C:\BSIT 3RD YEAR\New VovGest\external_datasets\team_incoming_recorded_features\CED\batch_01_manual16\recorded_features\fullsign225_manual5_team_features\DOCTOR\manual_fullsign225_20260519_163251_seq0025.npy,,skipped_unknown_label,,
CED,BATCH01_MANUAL16,,C:\BSIT 3RD YEAR\New VovGest\external_datasets\team_incoming_recorded_features\CED\batch_01_manual16\recorded_features\fullsign225_manual5_team_features,C:\BSIT 3RD YEAR\New VovGest\external_datasets\team_incoming_recorded_features\CED\batch_01_manual16\recorded_features\fullsign225_manual5_team_features\DOCTOR\manual_fullsign225_20260519_163251_seq0026.npy,,skipped_unknown_label,,
CED,BATCH01_MANUAL16,,C:\BSIT 3RD YEAR\New VovGest\external_datasets\team_incoming_recorded_features\CED\batch_01_manual16\recorded_features\fullsign225_manual5_team_features,C:\BSIT 3RD YEAR\New VovGest\external_datasets\team_incoming_recorded_features\CED\batch_01_manual16\recorded_features\fullsign225_manual5_team_features\DOCTOR\manual_fullsign225_20260519_163251_seq0027.npy,,skipped_unknown_label,,
CED,BATCH01_MANUAL16,,C:\BSIT 3RD YEAR\New VovGest\external_datasets\team_incoming_recorded_features\CED\batch_01_manual16\recorded_features\fullsign225_manual5_team_features,C:\BSIT 3RD YEAR\New VovGest\external_datasets\team_incoming_recorded_features\CED\batch_01_manual16\recorded_features\fullsign225_manual5_team_features\DOCTOR\manual_fullsign225_20260519_163251_seq0028.npy,,skipped_unknown_label,,
CED,BATCH01_MANUAL16,,C:\BSIT 3RD YEAR\New VovGest\external_datasets\team_incoming_recorded_features\CED\batch_01_manual16\recorded_features\fullsign225_manual5_team_features,C:\BSIT 3RD YEAR\New VovGest\external_datasets\team_incoming_recorded_features\CED\batch_01_manual16\recorded_features\fullsign225_manual5_team_features\DOCTOR\manual_fullsign225_20260519_163251_seq0029.npy,,skipped_unknown_label,,
CED,BATCH01_MANUAL16,,C:\BSIT 3RD YEAR\New VovGest\external_datasets\team_incoming_recorded_features\CED\batch_01_manual16\recorded_features\fullsign225_manual5_team_features,C:\BSIT 3RD YEAR\New VovGest\external_datasets\team_incoming_recorded_features\CED\batch_01_manual16\recorded_features\fullsign225_manual5_team_features\DOCTOR\manual_fullsign225_20260519_163251_seq0030.npy,,skipped_unknown_label,,
CED,BATCH01_MANUAL16,EAT,C:\BSIT 3RD YEAR\New VovGest\external_datasets\team_incoming_recorded_features\CED\batch_01_manual16\recorded_features\fullsign225_manual5_team_features,C:\BSIT 3RD YEAR\New VovGest\external_datasets\team_incoming_recorded_features\CED\batch_01_manual16\recorded_features\fullsign225_manual5_team_features\EAT\manual_fullsign225_20260519_165158_seq0001.npy,C:\BSIT 3RD YEAR\New VovGest\external_datasets\fullsign225_manual5_team_features_v2\EAT\CED_BATCH01_MANUAL16_EAT_074_78878B6E.npy,copied,"(30, 225)",
CED,BATCH01_MANUAL16,EAT,C:\BSIT 3RD YEAR\New VovGest\external_datasets\team_incoming_recorded_features\CED\batch_01_manual16\recorded_features\fullsign225_manual5_team_features,C:\BSIT 3RD YEAR\New VovGest\external_datasets\team_incoming_recorded_features\CED\batch_01_manual16\recorded_features\fullsign225_manual5_team_features\EAT\manual_fullsign225_20260519_165158_seq0002.npy,C:\BSIT 3RD YEAR\New VovGest\external_datasets\fullsign225_manual5_team_features_v2\EAT\CED_BATCH01_MANUAL16_EAT_075_D3820CD9.npy,copied,"(30, 225)",
CED,BATCH01_MANUAL16,EAT,C:\BSIT 3RD YEAR\New VovGest\external_datasets\team_incoming_recorded_features\CED\batch_01_manual16\recorded_features\fullsign225_manual5_team_features,C:\BSIT 3RD YEAR\New VovGest\external_datasets\team_incoming_recorded_features\CED\batch_01_manual16\recorded_features\fullsign225_manual5_team_features\EAT\manual_fullsign225_20260519_165158_seq0003.npy,C:\BSIT 3RD YEAR\New VovGest\external_datasets\fullsign225_manual5_team_features_v2\EAT\CED_BATCH01_MANUAL16_EAT_076_DC7051EC.npy,copied,"(30, 225)",
CED,BATCH01_MANUAL16,EAT,C:\BSIT 3RD YEAR\New VovGest\external_datasets\team_incoming_recorded_features\CED\batch_01_manual16\recorded_features\fullsign225_manual5_team_features,C:\BSIT 3RD YEAR\New VovGest\external_datasets\team_incoming_recorded_features\CED\batch_01_manual16\recorded_features\fullsign225_manual5_team_features\EAT\manual_fullsign225_20260519_165158_seq0004.npy,C:\BSIT 3RD YEAR\New VovGest\external_datasets\fullsign225_manual5_team_features_v2\EAT\CED_BATCH01_MANUAL16_EAT_077_E5AAC449.npy,copied,"(30, 225)",
CED,BATCH01_MANUAL16,EAT,C:\BSIT 3RD YEAR\New VovGest\external_datasets\team_incoming_recorded_features\CED\batch_01_manual16\recorded_features\fullsign225_manual5_team_features,C:\BSIT 3RD YEAR\New VovGest\external_datasets\team_incoming_recorded_features\CED\batch_01_manual16\recorded_features\fullsign225_manual5_team_features\EAT\manual_fullsign225_20260519_165158_seq0005.npy,C:\BSIT 3RD YEAR\New VovGest\external_datasets\fullsign225_manual5_team_features_v2\EAT\CED_BATCH01_MANUAL16_EAT_078_DE3E2C71.npy,copied,"(30, 225)",
CED,BATCH01_MANUAL16,EAT,C:\BSIT 3RD YEAR\New VovGest\external_datasets\team_incoming_recorded_features\CED\batch_01_manual16\recorded_features\fullsign225_manual5_team_features,C:\BSIT 3RD YEAR\New VovGest\external_datasets\team_incoming_recorded_features\CED\batch_01_manual16\recorded_features\fullsign225_manual5_team_features\EAT\manual_fullsign225_20260519_165158_seq0006.npy,C:\BSIT 3RD YEAR\New VovGest\external_datasets\fullsign225_manual5_team_features_v2\EAT\CED_BATCH01_MANUAL16_EAT_079_8FDE560F.npy,copied,"(30, 225)",
CED,BATCH01_MANUAL16,EAT,C:\BSIT 3RD YEAR\New VovGest\external_datasets\team_incoming_recorded_features\CED\batch_01_manual16\recorded_features\fullsign225_manual5_team_features,C:\BSIT 3RD YEAR\New VovGest\external_datasets\team_incoming_recorded_features\CED\batch_01_manual16\recorded_features\fullsign225_manual5_team_features\EAT\manual_fullsign225_20260519_165158_seq0007.npy,C:\BSIT 3RD YEAR\New VovGest\external_datasets\fullsign225_manual5_team_features_v2\EAT\CED_BATCH01_MANUAL16_EAT_080_97BBD1F4.npy,copied,"(30, 225)",
CED,BATCH01_MANUAL16,EAT,C:\BSIT 3RD YEAR\New VovGest\external_datasets\team_incoming_recorded_features\CED\batch_01_manual16\recorded_features\fullsign225_manual5_team_features,C:\BSIT 3RD YEAR\New VovGest\external_datasets\team_incoming_recorded_features\CED\batch_01_manual16\recorded_features\fullsign225_manual5_team_features\EAT\manual_fullsign225_20260519_165158_seq0008.npy,C:\BSIT 3RD YEAR\New VovGest\external_datasets\fullsign225_manual5_team_features_v2\EAT\CED_BATCH01_MANUAL16_EAT_081_F3132388.npy,copied,"(30, 225)",
CED,BATCH01_MANUAL16,EAT,C:\BSIT 3RD YEAR\New VovGest\external_datasets\team_incoming_recorded_features\CED\batch_01_manual16\recorded_features\fullsign225_manual5_team_features,C:\BSIT 3RD YEAR\New VovGest\external_datasets\team_incoming_recorded_features\CED\batch_01_manual16\recorded_features\fullsign225_manual5_team_features\EAT\manual_fullsign225_20260519_165158_seq0009.npy,C:\BSIT 3RD YEAR\New VovGest\external_datasets\fullsign225_manual5_team_features_v2\EAT\CED_BATCH01_MANUAL16_EAT_082_B9F83CC7.npy,copied,"(30, 225)",
CED,BATCH01_MANUAL16,EAT,C:\BSIT 3RD YEAR\New VovGest\external_datasets\team_incoming_recorded_features\CED\batch_01_manual16\recorded_features\fullsign225_manual5_team_features,C:\BSIT 3RD YEAR\New VovGest\external_datasets\team_incoming_recorded_features\CED\batch_01_manual16\recorded_features\fullsign225_manual5_team_features\EAT\manual_fullsign225_20260519_165158_seq0010.npy,C:\BSIT 3RD YEAR\New VovGest\external_datasets\fullsign225_manual5_team_features_v2\EAT\CED_BATCH01_MANUAL16_EAT_083_CC105025.npy,copied,"(30, 225)",
CED,BATCH01_MANUAL16,EAT,C:\BSIT 3RD YEAR\New VovGest\external_datasets\team_incoming_recorded_features\CED\batch_01_manual16\recorded_features\fullsign225_manual5_team_features,C:\BSIT 3RD YEAR\New VovGest\external_datasets\team_incoming_recorded_features\CED\batch_01_manual16\recorded_features\fullsign225_manual5_team_features\EAT\manual_fullsign225_20260519_165158_seq0011.npy,C:\BSIT 3RD YEAR\New VovGest\external_datasets\fullsign225_manual5_team_features_v2\EAT\CED_BATCH01_MANUAL16_EAT_084_2D1A77A3.npy,copied,"(30, 225)",
CED,BATCH01_MANUAL16,EAT,C:\BSIT 3RD YEAR\New VovGest\external_datasets\team_incoming_recorded_features\CED\batch_01_manual16\recorded_features\fullsign225_manual5_team_features,C:\BSIT 3RD YEAR\New VovGest\external_datasets\team_incoming_recorded_features\CED\batch_01_manual16\recorded_features\fullsign225_manual5_team_features\EAT\manual_fullsign225_20260519_165158_seq0012.npy,C:\BSIT 3RD YEAR\New VovGest\external_datasets\fullsign225_manual5_team_features_v2\EAT\CED_BATCH01_MANUAL16_EAT_085_822918CC.npy,copied,"(30, 225)",
CED,BATCH01_MANUAL16,EAT,C:\BSIT 3RD YEAR\New VovGest\external_datasets\team_incoming_recorded_features\CED\batch_01_manual16\recorded_features\fullsign225_manual5_team_features,C:\BSIT 3RD YEAR\New VovGest\external_datasets\team_incoming_recorded_features\CED\batch_01_manual16\recorded_features\fullsign225_manual5_team_features\EAT\manual_fullsign225_20260519_165158_seq0013.npy,C:\BSIT 3RD YEAR\New VovGest\external_datasets\fullsign225_manual5_team_features_v2\EAT\CED_BATCH01_MANUAL16_EAT_086_0E4C31E8.npy,copied,"(30, 225)",
CED,BATCH01_MANUAL16,EAT,C:\BSIT 3RD YEAR\New VovGest\external_datasets\team_incoming_recorded_features\CED\batch_01_manual16\recorded_features\fullsign225_manual5_team_features,C:\BSIT 3RD YEAR\New VovGest\external_datasets\team_incoming_recorded_features\CED\batch_01_manual16\recorded_features\fullsign225_manual5_team_features\EAT\manual_fullsign225_20260519_165158_seq0014.npy,C:\BSIT 3RD YEAR\New VovGest\external_datasets\fullsign225_manual5_team_features_v2\EAT\CED_BATCH01_MANUAL16_EAT_087_B7CA591E.npy,copied,"(30, 225)",
CED,BATCH01_MANUAL16,EAT,C:\BSIT 3RD YEAR\New VovGest\external_datasets\team_incoming_recorded_features\CED\batch_01_manual16\recorded_features\fullsign225_manual5_team_features,C:\BSIT 3RD YEAR\New VovGest\external_datasets\team_incoming_recorded_features\CED\batch_01_manual16\recorded_features\fullsign225_manual5_team_features\EAT\manual_fullsign225_20260519_165158_seq0015.npy,C:\BSIT 3RD YEAR\New VovGest\external_datasets\fullsign225_manual5_team_features_v2\EAT\CED_BATCH01_MANUAL16_EAT_088_A19A7C4B.npy,copied,"(30, 225)",
CED,BATCH01_MANUAL16,EAT,C:\BSIT 3RD YEAR\New VovGest\external_datasets\team_incoming_recorded_features\CED\batch_01_manual16\recorded_features\fullsign225_manual5_team_features,C:\BSIT 3RD YEAR\New VovGest\external_datasets\team_incoming_recorded_features\CED\batch_01_manual16\recorded_features\fullsign225_manual5_team_features\EAT\manual_fullsign225_20260519_165158_seq0016.npy,C:\BSIT 3RD YEAR\New VovGest\external_datasets\fullsign225_manual5_team_features_v2\EAT\CED_BATCH01_MANUAL16_EAT_089_1B799B50.npy,copied,"(30, 225)",
CED,BATCH01_MANUAL16,EAT,C:\BSIT 3RD YEAR\New VovGest\external_datasets\team_incoming_recorded_features\CED\batch_01_manual16\recorded_features\fullsign225_manual5_team_features,C:\BSIT 3RD YEAR\New VovGest\external_datasets\team_incoming_recorded_features\CED\batch_01_manual16\recorded_features\fullsign225_manual5_team_features\EAT\manual_fullsign225_20260519_165158_seq0017.npy,C:\BSIT 3RD YEAR\New VovGest\external_datasets\fullsign225_manual5_team_features_v2\EAT\CED_BATCH01_MANUAL16_EAT_090_1346DAC3.npy,copied,"(30, 225)",
CED,BATCH01_MANUAL16,EAT,C:\BSIT 3RD YEAR\New VovGest\external_datasets\team_incoming_recorded_features\CED\batch_01_manual16\recorded_features\fullsign225_manual5_team_features,C:\BSIT 3RD YEAR\New VovGest\external_datasets\team_incoming_recorded_features\CED\batch_01_manual16\recorded_features\fullsign225_manual5_team_features\EAT\manual_fullsign225_20260519_165158_seq0018.npy,C:\BSIT 3RD YEAR\New VovGest\external_datasets\fullsign225_manual5_team_features_v2\EAT\CED_BATCH01_MANUAL16_EAT_091_F73149A2.npy,copied,"(30, 225)",
CED,BATCH01_MANUAL16,EAT,C:\BSIT 3RD YEAR\New VovGest\external_datasets\team_incoming_recorded_features\CED\batch_01_manual16\recorded_features\fullsign225_manual5_team_features,C:\BSIT 3RD YEAR\New VovGest\external_datasets\team_incoming_recorded_features\CED\batch_01_manual16\recorded_features\fullsign225_manual5_team_features\EAT\manual_fullsign225_20260519_165158_seq0019.npy,C:\BSIT 3RD YEAR\New VovGest\external_datasets\fullsign225_manual5_team_features_v2\EAT\CED_BATCH01_MANUAL16_EAT_092_3CD3A8F7.npy,copied,"(30, 225)",
CED,BATCH01_MANUAL16,EAT,C:\BSIT 3RD YEAR\New VovGest\external_datasets\team_incoming_recorded_features\CED\batch_01_manual16\recorded_features\fullsign225_manual5_team_features,C:\BSIT 3RD YEAR\New VovGest\external_datasets\team_incoming_recorded_features\CED\batch_01_manual16\recorded_features\fullsign225_manual5_team_features\EAT\manual_fullsign225_20260519_165158_seq0020.npy,C:\BSIT 3RD YEAR\New VovGest\external_datasets\fullsign225_manual5_team_features_v2\EAT\CED_BATCH01_MANUAL16_EAT_093_515D50C3.npy,copied,"(30, 225)",
CED,BATCH01_MANUAL16,EAT,C:\BSIT 3RD YEAR\New VovGest\external_datasets\team_incoming_recorded_features\CED\batch_01_manual16\recorded_features\fullsign225_manual5_team_features,C:\BSIT 3RD YEAR\New VovGest\external_datasets\team_incoming_recorded_features\CED\batch_01_manual16\recorded_features\fullsign225_manual5_team_features\EAT\manual_fullsign225_20260519_165158_seq0021.npy,C:\BSIT 3RD YEAR\New VovGest\external_datasets\fullsign225_manual5_team_features_v2\EAT\CED_BATCH01_MANUAL16_EAT_094_07541D7E.npy,copied,"(30, 225)",
CED,BATCH01_MANUAL16,EAT,C:\BSIT 3RD YEAR\New VovGest\external_datasets\team_incoming_recorded_features\CED\batch_01_manual16\recorded_features\fullsign225_manual5_team_features,C:\BSIT 3RD YEAR\New VovGest\external_datasets\team_incoming_recorded_features\CED\batch_01_manual16\recorded_features\fullsign225_manual5_team_features\EAT\manual_fullsign225_20260519_165158_seq0022.npy,C:\BSIT 3RD YEAR\New VovGest\external_datasets\fullsign225_manual5_team_features_v2\EAT\CED_BATCH01_MANUAL16_EAT_095_C381B0C6.npy,copied,"(30, 225)",
CED,BATCH01_MANUAL16,EAT,C:\BSIT 3RD YEAR\New VovGest\external_datasets\team_incoming_recorded_features\CED\batch_01_manual16\recorded_features\fullsign225_manual5_team_features,C:\BSIT 3RD YEAR\New VovGest\external_datasets\team_incoming_recorded_features\CED\batch_01_manual16\recorded_features\fullsign225_manual5_team_features\EAT\manual_fullsign225_20260519_165158_seq0023.npy,C:\BSIT 3RD YEAR\New VovGest\external_datasets\fullsign225_manual5_team_features_v2\EAT\CED_BATCH01_MANUAL16_EAT_096_1DFC8E59.npy,copied,"(30, 225)",
CED,BATCH01_MANUAL16,EAT,C:\BSIT 3RD YEAR\New VovGest\external_datasets\team_incoming_recorded_features\CED\batch_01_manual16\recorded_features\fullsign225_manual5_team_features,C:\BSIT 3RD YEAR\New VovGest\external_datasets\team_incoming_recorded_features\CED\batch_01_manual16\recorded_features\fullsign225_manual5_team_features\EAT\manual_fullsign225_20260519_165158_seq0024.npy,C:\BSIT 3RD YEAR\New VovGest\external_datasets\fullsign225_manual5_team_features_v2\EAT\CED_BATCH01_MANUAL16_EAT_097_40C21558.npy,copied,"(30, 225)",
CED,BATCH01_MANUAL16,EAT,C:\BSIT 3RD YEAR\New VovGest\external_datasets\team_incoming_recorded_features\CED\batch_01_manual16\recorded_features\fullsign225_manual5_team_features,C:\BSIT 3RD YEAR\New VovGest\external_datasets\team_incoming_recorded_features\CED\batch_01_manual16\recorded_features\fullsign225_manual5_team_features\EAT\manual_fullsign225_20260519_165158_seq0025.npy,C:\BSIT 3RD YEAR\New VovGest\external_datasets\fullsign225_manual5_team_features_v2\EAT\CED_BATCH01_MANUAL16_EAT_098_392C2AF5.npy,copied,"(30, 225)",
CED,BATCH01_MANUAL16,EAT,C:\BSIT 3RD YEAR\New VovGest\external_datasets\team_incoming_recorded_features\CED\batch_01_manual16\recorded_features\fullsign225_manual5_team_features,C:\BSIT 3RD YEAR\New VovGest\external_datasets\team_incoming_recorded_features\CED\batch_01_manual16\recorded_features\fullsign225_manual5_team_features\EAT\manual_fullsign225_20260519_165158_seq0026.npy,C:\BSIT 3RD YEAR\New VovGest\external_datasets\fullsign225_manual5_team_features_v2\EAT\CED_BATCH01_MANUAL16_EAT_099_2203C9AA.npy,copied,"(30, 225)",
CED,BATCH01_MANUAL16,EAT,C:\BSIT 3RD YEAR\New VovGest\external_datasets\team_incoming_recorded_features\CED\batch_01_manual16\recorded_features\fullsign225_manual5_team_features,C:\BSIT 3RD YEAR\New VovGest\external_datasets\team_incoming_recorded_features\CED\batch_01_manual16\recorded_features\fullsign225_manual5_team_features\EAT\manual_fullsign225_20260519_165158_seq0027.npy,C:\BSIT 3RD YEAR\New VovGest\external_datasets\fullsign225_manual5_team_features_v2\EAT\CED_BATCH01_MANUAL16_EAT_100_030D7DF9.npy,copied,"(30, 225)",
CED,BATCH01_MANUAL16,EAT,C:\BSIT 3RD YEAR\New VovGest\external_datasets\team_incoming_recorded_features\CED\batch_01_manual16\recorded_features\fullsign225_manual5_team_features,C:\BSIT 3RD YEAR\New VovGest\external_datasets\team_incoming_recorded_features\CED\batch_01_manual16\recorded_features\fullsign225_manual5_team_features\EAT\manual_fullsign225_20260519_165158_seq0028.npy,C:\BSIT 3RD YEAR\New VovGest\external_datasets\fullsign225_manual5_team_features_v2\EAT\CED_BATCH01_MANUAL16_EAT_101_7B4D76DA.npy,copied,"(30, 225)",
CED,BATCH01_MANUAL16,EAT,C:\BSIT 3RD YEAR\New VovGest\external_datasets\team_incoming_recorded_features\CED\batch_01_manual16\recorded_features\fullsign225_manual5_team_features,C:\BSIT 3RD YEAR\New VovGest\external_datasets\team_incoming_recorded_features\CED\batch_01_manual16\recorded_features\fullsign225_manual5_team_features\EAT\manual_fullsign225_20260519_165158_seq0029.npy,C:\BSIT 3RD YEAR\New VovGest\external_datasets\fullsign225_manual5_team_features_v2\EAT\CED_BATCH01_MANUAL16_EAT_102_8FD2F8FC.npy,copied,"(30, 225)",
CED,BATCH01_MANUAL16,EAT,C:\BSIT 3RD YEAR\New VovGest\external_datasets\team_incoming_recorded_features\CED\batch_01_manual16\recorded_features\fullsign225_manual5_team_features,C:\BSIT 3RD YEAR\New VovGest\external_datasets\team_incoming_recorded_features\CED\batch_01_manual16\recorded_features\fullsign225_manual5_team_features\EAT\manual_fullsign225_20260519_165158_seq0030.npy,C:\BSIT 3RD YEAR\New VovGest\external_datasets\fullsign225_manual5_team_features_v2\EAT\CED_BATCH01_MANUAL16_EAT_103_34D152E2.npy,copied,"(30, 225)",
CED,BATCH01_MANUAL16,EAT,C:\BSIT 3RD YEAR\New VovGest\external_datasets\team_incoming_recorded_features\CED\batch_01_manual16\recorded_features\fullsign225_manual5_team_features,C:\BSIT 3RD YEAR\New VovGest\external_datasets\team_incoming_recorded_features\CED\batch_01_manual16\recorded_features\fullsign225_manual5_team_features\EAT\manual_fullsign225_20260522_013610_seq0031.npy,C:\BSIT 3RD YEAR\New VovGest\external_datasets\fullsign225_manual5_team_features_v2\EAT\CED_BATCH01_MANUAL16_EAT_104_B4F0EDD8.npy,copied,"(30, 225)",
CED,BATCH01_MANUAL16,EAT,C:\BSIT 3RD YEAR\New VovGest\external_datasets\team_incoming_recorded_features\CED\batch_01_manual16\recorded_features\fullsign225_manual5_team_features,C:\BSIT 3RD YEAR\New VovGest\external_datasets\team_incoming_recorded_features\CED\batch_01_manual16\recorded_features\fullsign225_manual5_team_features\EAT\manual_fullsign225_20260522_013610_seq0032.npy,C:\BSIT 3RD YEAR\New VovGest\external_datasets\fullsign225_manual5_team_features_v2\EAT\CED_BATCH01_MANUAL16_EAT_105_6684F5F1.npy,copied,"(30, 225)",
CED,BATCH01_MANUAL16,EAT,C:\BSIT 3RD YEAR\New VovGest\external_datasets\team_incoming_recorded_features\CED\batch_01_manual16\recorded_features\fullsign225_manual5_team_features,C:\BSIT 3RD YEAR\New VovGest\external_datasets\team_incoming_recorded_features\CED\batch_01_manual16\recorded_features\fullsign225_manual5_team_features\EAT\manual_fullsign225_20260522_013610_seq0033.npy,C:\BSIT 3RD YEAR\New VovGest\external_datasets\fullsign225_manual5_team_features_v2\EAT\CED_BATCH01_MANUAL16_EAT_106_B68AE282.npy,copied,"(30, 225)",
CED,BATCH01_MANUAL16,EAT,C:\BSIT 3RD YEAR\New VovGest\external_datasets\team_incoming_recorded_features\CED\batch_01_manual16\recorded_features\fullsign225_manual5_team_features,C:\BSIT 3RD YEAR\New VovGest\external_datasets\team_incoming_recorded_features\CED\batch_01_manual16\recorded_features\fullsign225_manual5_team_features\EAT\manual_fullsign225_20260522_013610_seq0034.npy,C:\BSIT 3RD YEAR\New VovGest\external_datasets\fullsign225_manual5_team_features_v2\EAT\CED_BATCH01_MANUAL16_EAT_107_E590CA14.npy,copied,"(30, 225)",
CED,BATCH01_MANUAL16,EAT,C:\BSIT 3RD YEAR\New VovGest\external_datasets\team_incoming_recorded_features\CED\batch_01_manual16\recorded_features\fullsign225_manual5_team_features,C:\BSIT 3RD YEAR\New VovGest\external_datasets\team_incoming_recorded_features\CED\batch_01_manual16\recorded_features\fullsign225_manual5_team_features\EAT\manual_fullsign225_20260522_013610_seq0035.npy,C:\BSIT 3RD YEAR\New VovGest\external_datasets\fullsign225_manual5_team_features_v2\EAT\CED_BATCH01_MANUAL16_EAT_108_10C3E3EC.npy,copied,"(30, 225)",
CED,BATCH01_MANUAL16,EAT,C:\BSIT 3RD YEAR\New VovGest\external_datasets\team_incoming_recorded_features\CED\batch_01_manual16\recorded_features\fullsign225_manual5_team_features,C:\BSIT 3RD YEAR\New VovGest\external_datasets\team_incoming_recorded_features\CED\batch_01_manual16\recorded_features\fullsign225_manual5_team_features\EAT\manual_fullsign225_20260522_013610_seq0036.npy,C:\BSIT 3RD YEAR\New VovGest\external_datasets\fullsign225_manual5_team_features_v2\EAT\CED_BATCH01_MANUAL16_EAT_109_7B83F3A0.npy,copied,"(30, 225)",
CED,BATCH01_MANUAL16,EAT,C:\BSIT 3RD YEAR\New VovGest\external_datasets\team_incoming_recorded_features\CED\batch_01_manual16\recorded_features\fullsign225_manual5_team_features,C:\BSIT 3RD YEAR\New VovGest\external_datasets\team_incoming_recorded_features\CED\batch_01_manual16\recorded_features\fullsign225_manual5_team_features\EAT\manual_fullsign225_20260522_013610_seq0037.npy,C:\BSIT 3RD YEAR\New VovGest\external_datasets\fullsign225_manual5_team_features_v2\EAT\CED_BATCH01_MANUAL16_EAT_110_E6378D48.npy,copied,"(30, 225)",
CED,BATCH01_MANUAL16,EAT,C:\BSIT 3RD YEAR\New VovGest\external_datasets\team_incoming_recorded_features\CED\batch_01_manual16\recorded_features\fullsign225_manual5_team_features,C:\BSIT 3RD YEAR\New VovGest\external_datasets\team_incoming_recorded_features\CED\batch_01_manual16\recorded_features\fullsign225_manual5_team_features\EAT\manual_fullsign225_20260522_013610_seq0038.npy,C:\BSIT 3RD YEAR\New VovGest\external_datasets\fullsign225_manual5_team_features_v2\EAT\CED_BATCH01_MANUAL16_EAT_111_ECAF29DF.npy,copied,"(30, 225)",
CED,BATCH01_MANUAL16,EAT,C:\BSIT 3RD YEAR\New VovGest\external_datasets\team_incoming_recorded_features\CED\batch_01_manual16\recorded_features\fullsign225_manual5_team_features,C:\BSIT 3RD YEAR\New VovGest\external_datasets\team_incoming_recorded_features\CED\batch_01_manual16\recorded_features\fullsign225_manual5_team_features\EAT\manual_fullsign225_20260522_013610_seq0039.npy,C:\BSIT 3RD YEAR\New VovGest\external_datasets\fullsign225_manual5_team_features_v2\EAT\CED_BATCH01_MANUAL16_EAT_112_A6C5A1DE.npy,copied,"(30, 225)",
CED,BATCH01_MANUAL16,EAT,C:\BSIT 3RD YEAR\New VovGest\external_datasets\team_incoming_recorded_features\CED\batch_01_manual16\recorded_features\fullsign225_manual5_team_features,C:\BSIT 3RD YEAR\New VovGest\external_datasets\team_incoming_recorded_features\CED\batch_01_manual16\recorded_features\fullsign225_manual5_team_features\EAT\manual_fullsign225_20260522_013610_seq0040.npy,C:\BSIT 3RD YEAR\New VovGest\external_datasets\fullsign225_manual5_team_features_v2\EAT\CED_BATCH01_MANUAL16_EAT_113_50A57B89.npy,copied,"(30, 225)",
CED,BATCH01_MANUAL16,EAT,C:\BSIT 3RD YEAR\New VovGest\external_datasets\team_incoming_recorded_features\CED\batch_01_manual16\recorded_features\fullsign225_manual5_team_features,C:\BSIT 3RD YEAR\New VovGest\external_datasets\team_incoming_recorded_features\CED\batch_01_manual16\recorded_features\fullsign225_manual5_team_features\EAT\manual_fullsign225_20260522_013610_seq0041.npy,C:\BSIT 3RD YEAR\New VovGest\external_datasets\fullsign225_manual5_team_features_v2\EAT\CED_BATCH01_MANUAL16_EAT_114_19F2443D.npy,copied,"(30, 225)",
CED,BATCH01_MANUAL16,EAT,C:\BSIT 3RD YEAR\New VovGest\external_datasets\team_incoming_recorded_features\CED\batch_01_manual16\recorded_features\fullsign225_manual5_team_features,C:\BSIT 3RD YEAR\New VovGest\external_datasets\team_incoming_recorded_features\CED\batch_01_manual16\recorded_features\fullsign225_manual5_team_features\EAT\manual_fullsign225_20260522_013610_seq0042.npy,C:\BSIT 3RD YEAR\New VovGest\external_datasets\fullsign225_manual5_team_features_v2\EAT\CED_BATCH01_MANUAL16_EAT_115_CA7F39E0.npy,copied,"(30, 225)",
CED,BATCH01_MANUAL16,EAT,C:\BSIT 3RD YEAR\New VovGest\external_datasets\team_incoming_recorded_features\CED\batch_01_manual16\recorded_features\fullsign225_manual5_team_features,C:\BSIT 3RD YEAR\New VovGest\external_datasets\team_incoming_recorded_features\CED\batch_01_manual16\recorded_features\fullsign225_manual5_team_features\EAT\manual_fullsign225_20260522_013610_seq0043.npy,C:\BSIT 3RD YEAR\New VovGest\external_datasets\fullsign225_manual5_team_features_v2\EAT\CED_BATCH01_MANUAL16_EAT_116_639112C3.npy,copied,"(30, 225)",
CED,BATCH01_MANUAL16,EAT,C:\BSIT 3RD YEAR\New VovGest\external_datasets\team_incoming_recorded_features\CED\batch_01_manual16\recorded_features\fullsign225_manual5_team_features,C:\BSIT 3RD YEAR\New VovGest\external_datasets\team_incoming_recorded_features\CED\batch_01_manual16\recorded_features\fullsign225_manual5_team_features\EAT\manual_fullsign225_20260522_013610_seq0044.npy,C:\BSIT 3RD YEAR\New VovGest\external_datasets\fullsign225_manual5_team_features_v2\EAT\CED_BATCH01_MANUAL16_EAT_117_8CD0A629.npy,copied,"(30, 225)",
CED,BATCH01_MANUAL16,EAT,C:\BSIT 3RD YEAR\New VovGest\external_datasets\team_incoming_recorded_features\CED\batch_01_manual16\recorded_features\fullsign225_manual5_team_features,C:\BSIT 3RD YEAR\New VovGest\external_datasets\team_incoming_recorded_features\CED\batch_01_manual16\recorded_features\fullsign225_manual5_team_features\EAT\manual_fullsign225_20260522_013610_seq0045.npy,C:\BSIT 3RD YEAR\New VovGest\external_datasets\fullsign225_manual5_team_features_v2\EAT\CED_BATCH01_MANUAL16_EAT_118_61CB6B4E.npy,copied,"(30, 225)",
CED,BATCH01_MANUAL16,EAT,C:\BSIT 3RD YEAR\New VovGest\external_datasets\team_incoming_recorded_features\CED\batch_01_manual16\recorded_features\fullsign225_manual5_team_features,C:\BSIT 3RD YEAR\New VovGest\external_datasets\team_incoming_recorded_features\CED\batch_01_manual16\recorded_features\fullsign225_manual5_team_features\EAT\manual_fullsign225_20260522_013610_seq0046.npy,C:\BSIT 3RD YEAR\New VovGest\external_datasets\fullsign225_manual5_team_features_v2\EAT\CED_BATCH01_MANUAL16_EAT_119_0304BA8E.npy,copied,"(30, 225)",
CED,BATCH01_MANUAL16,EAT,C:\BSIT 3RD YEAR\New VovGest\external_datasets\team_incoming_recorded_features\CED\batch_01_manual16\recorded_features\fullsign225_manual5_team_features,C:\BSIT 3RD YEAR\New VovGest\external_datasets\team_incoming_recorded_features\CED\batch_01_manual16\recorded_features\fullsign225_manual5_team_features\EAT\manual_fullsign225_20260522_013610_seq0047.npy,C:\BSIT 3RD YEAR\New VovGest\external_datasets\fullsign225_manual5_team_features_v2\EAT\CED_BATCH01_MANUAL16_EAT_120_F19B0E69.npy,copied,"(30, 225)",
CED,BATCH01_MANUAL16,EAT,C:\BSIT 3RD YEAR\New VovGest\external_datasets\team_incoming_recorded_features\CED\batch_01_manual16\recorded_features\fullsign225_manual5_team_features,C:\BSIT 3RD YEAR\New VovGest\external_datasets\team_incoming_recorded_features\CED\batch_01_manual16\recorded_features\fullsign225_manual5_team_features\EAT\manual_fullsign225_20260522_013610_seq0048.npy,C:\BSIT 3RD YEAR\New VovGest\external_datasets\fullsign225_manual5_team_features_v2\EAT\CED_BATCH01_MANUAL16_EAT_121_FA2D0094.npy,copied,"(30, 225)",
CED,BATCH01_MANUAL16,EAT,C:\BSIT 3RD YEAR\New VovGest\external_datasets\team_incoming_recorded_features\CED\batch_01_manual16\recorded_features\fullsign225_manual5_team_features,C:\BSIT 3RD YEAR\New VovGest\external_datasets\team_incoming_recorded_features\CED\batch_01_manual16\recorded_features\fullsign225_manual5_team_features\EAT\manual_fullsign225_20260522_013610_seq0049.npy,C:\BSIT 3RD YEAR\New VovGest\external_datasets\fullsign225_manual5_team_features_v2\EAT\CED_BATCH01_MANUAL16_EAT_122_D1D00C96.npy,copied,"(30, 225)",
CED,BATCH01_MANUAL16,EAT,C:\BSIT 3RD YEAR\New VovGest\external_datasets\team_incoming_recorded_features\CED\batch_01_manual16\recorded_features\fullsign225_manual5_team_features,C:\BSIT 3RD YEAR\New VovGest\external_datasets\team_incoming_recorded_features\CED\batch_01_manual16\recorded_features\fullsign225_manual5_team_features\EAT\manual_fullsign225_20260522_013610_seq0050.npy,C:\BSIT 3RD YEAR\New VovGest\external_datasets\fullsign225_manual5_team_features_v2\EAT\CED_BATCH01_MANUAL16_EAT_123_98D7724D.npy,copied,"(30, 225)",
CED,BATCH01_MANUAL16,HELLO,C:\BSIT 3RD YEAR\New VovGest\external_datasets\team_incoming_recorded_features\CED\batch_01_manual16\recorded_features\fullsign225_manual5_team_features,C:\BSIT 3RD YEAR\New VovGest\external_datasets\team_incoming_recorded_features\CED\batch_01_manual16\recorded_features\fullsign225_manual5_team_features\HELLO\manual_fullsign225_20260519_155831_seq0001.npy,C:\BSIT 3RD YEAR\New VovGest\external_datasets\fullsign225_manual5_team_features_v2\HELLO\CED_BATCH01_MANUAL16_HELLO_071_7919AF99.npy,copied,"(30, 225)",
CED,BATCH01_MANUAL16,HELLO,C:\BSIT 3RD YEAR\New VovGest\external_datasets\team_incoming_recorded_features\CED\batch_01_manual16\recorded_features\fullsign225_manual5_team_features,C:\BSIT 3RD YEAR\New VovGest\external_datasets\team_incoming_recorded_features\CED\batch_01_manual16\recorded_features\fullsign225_manual5_team_features\HELLO\manual_fullsign225_20260519_155831_seq0002.npy,C:\BSIT 3RD YEAR\New VovGest\external_datasets\fullsign225_manual5_team_features_v2\HELLO\CED_BATCH01_MANUAL16_HELLO_072_BF647BBA.npy,copied,"(30, 225)",
CED,BATCH01_MANUAL16,HELLO,C:\BSIT 3RD YEAR\New VovGest\external_datasets\team_incoming_recorded_features\CED\batch_01_manual16\recorded_features\fullsign225_manual5_team_features,C:\BSIT 3RD YEAR\New VovGest\external_datasets\team_incoming_recorded_features\CED\batch_01_manual16\recorded_features\fullsign225_manual5_team_features\HELLO\manual_fullsign225_20260519_155831_seq0003.npy,C:\BSIT 3RD YEAR\New VovGest\external_datasets\fullsign225_manual5_team_features_v2\HELLO\CED_BATCH01_MANUAL16_HELLO_073_4DA17A08.npy,copied,"(30, 225)",
CED,BATCH01_MANUAL16,HELLO,C:\BSIT 3RD YEAR\New VovGest\external_datasets\team_incoming_recorded_features\CED\batch_01_manual16\recorded_features\fullsign225_manual5_team_features,C:\BSIT 3RD YEAR\New VovGest\external_datasets\team_incoming_recorded_features\CED\batch_01_manual16\recorded_features\fullsign225_manual5_team_features\HELLO\manual_fullsign225_20260519_155831_seq0004.npy,C:\BSIT 3RD YEAR\New VovGest\external_datasets\fullsign225_manual5_team_features_v2\HELLO\CED_BATCH01_MANUAL16_HELLO_074_E70F0285.npy,copied,"(30, 225)",
CED,BATCH01_MANUAL16,HELLO,C:\BSIT 3RD YEAR\New VovGest\external_datasets\team_incoming_recorded_features\CED\batch_01_manual16\recorded_features\fullsign225_manual5_team_features,C:\BSIT 3RD YEAR\New VovGest\external_datasets\team_incoming_recorded_features\CED\batch_01_manual16\recorded_features\fullsign225_manual5_team_features\HELLO\manual_fullsign225_20260519_155831_seq0005.npy,C:\BSIT 3RD YEAR\New VovGest\external_datasets\fullsign225_manual5_team_features_v2\HELLO\CED_BATCH01_MANUAL16_HELLO_075_235791CA.npy,copied,"(30, 225)",
CED,BATCH01_MANUAL16,HELLO,C:\BSIT 3RD YEAR\New VovGest\external_datasets\team_incoming_recorded_features\CED\batch_01_manual16\recorded_features\fullsign225_manual5_team_features,C:\BSIT 3RD YEAR\New VovGest\external_datasets\team_incoming_recorded_features\CED\batch_01_manual16\recorded_features\fullsign225_manual5_team_features\HELLO\manual_fullsign225_20260519_155831_seq0006.npy,C:\BSIT 3RD YEAR\New VovGest\external_datasets\fullsign225_manual5_team_features_v2\HELLO\CED_BATCH01_MANUAL16_HELLO_076_5DE96BB5.npy,copied,"(30, 225)",
CED,BATCH01_MANUAL16,HELLO,C:\BSIT 3RD YEAR\New VovGest\external_datasets\team_incoming_recorded_features\CED\batch_01_manual16\recorded_features\fullsign225_manual5_team_features,C:\BSIT 3RD YEAR\New VovGest\external_datasets\team_incoming_recorded_features\CED\batch_01_manual16\recorded_features\fullsign225_manual5_team_features\HELLO\manual_fullsign225_20260519_155831_seq0007.npy,C:\BSIT 3RD YEAR\New VovGest\external_datasets\fullsign225_manual5_team_features_v2\HELLO\CED_BATCH01_MANUAL16_HELLO_077_D048CE01.npy,copied,"(30, 225)",
CED,BATCH01_MANUAL16,HELLO,C:\BSIT 3RD YEAR\New VovGest\external_datasets\team_incoming_recorded_features\CED\batch_01_manual16\recorded_features\fullsign225_manual5_team_features,C:\BSIT 3RD YEAR\New VovGest\external_datasets\team_incoming_recorded_features\CED\batch_01_manual16\recorded_features\fullsign225_manual5_team_features\HELLO\manual_fullsign225_20260519_155831_seq0008.npy,C:\BSIT 3RD YEAR\New VovGest\external_datasets\fullsign225_manual5_team_features_v2\HELLO\CED_BATCH01_MANUAL16_HELLO_078_F66DD902.npy,copied,"(30, 225)",
CED,BATCH01_MANUAL16,HELLO,C:\BSIT 3RD YEAR\New VovGest\external_datasets\team_incoming_recorded_features\CED\batch_01_manual16\recorded_features\fullsign225_manual5_team_features,C:\BSIT 3RD YEAR\New VovGest\external_datasets\team_incoming_recorded_features\CED\batch_01_manual16\recorded_features\fullsign225_manual5_team_features\HELLO\manual_fullsign225_20260519_155831_seq0009.npy,C:\BSIT 3RD YEAR\New VovGest\external_datasets\fullsign225_manual5_team_features_v2\HELLO\CED_BATCH01_MANUAL16_HELLO_079_A71CC83C.npy,copied,"(30, 225)",
CED,BATCH01_MANUAL16,HELLO,C:\BSIT 3RD YEAR\New VovGest\external_datasets\team_incoming_recorded_features\CED\batch_01_manual16\recorded_features\fullsign225_manual5_team_features,C:\BSIT 3RD YEAR\New VovGest\external_datasets\team_incoming_recorded_features\CED\batch_01_manual16\recorded_features\fullsign225_manual5_team_features\HELLO\manual_fullsign225_20260519_155831_seq0010.npy,C:\BSIT 3RD YEAR\New VovGest\external_datasets\fullsign225_manual5_team_features_v2\HELLO\CED_BATCH01_MANUAL16_HELLO_080_6E1C7705.npy,copied,"(30, 225)",
CED,BATCH01_MANUAL16,HELLO,C:\BSIT 3RD YEAR\New VovGest\external_datasets\team_incoming_recorded_features\CED\batch_01_manual16\recorded_features\fullsign225_manual5_team_features,C:\BSIT 3RD YEAR\New VovGest\external_datasets\team_incoming_recorded_features\CED\batch_01_manual16\recorded_features\fullsign225_manual5_team_features\HELLO\manual_fullsign225_20260519_155831_seq0011.npy,C:\BSIT 3RD YEAR\New VovGest\external_datasets\fullsign225_manual5_team_features_v2\HELLO\CED_BATCH01_MANUAL16_HELLO_081_51EB7483.npy,copied,"(30, 225)",
CED,BATCH01_MANUAL16,HELLO,C:\BSIT 3RD YEAR\New VovGest\external_datasets\team_incoming_recorded_features\CED\batch_01_manual16\recorded_features\fullsign225_manual5_team_features,C:\BSIT 3RD YEAR\New VovGest\external_datasets\team_incoming_recorded_features\CED\batch_01_manual16\recorded_features\fullsign225_manual5_team_features\HELLO\manual_fullsign225_20260519_155831_seq0012.npy,C:\BSIT 3RD YEAR\New VovGest\external_datasets\fullsign225_manual5_team_features_v2\HELLO\CED_BATCH01_MANUAL16_HELLO_082_64B55936.npy,copied,"(30, 225)",
CED,BATCH01_MANUAL16,HELLO,C:\BSIT 3RD YEAR\New VovGest\external_datasets\team_incoming_recorded_features\CED\batch_01_manual16\recorded_features\fullsign225_manual5_team_features,C:\BSIT 3RD YEAR\New VovGest\external_datasets\team_incoming_recorded_features\CED\batch_01_manual16\recorded_features\fullsign225_manual5_team_features\HELLO\manual_fullsign225_20260519_155831_seq0013.npy,C:\BSIT 3RD YEAR\New VovGest\external_datasets\fullsign225_manual5_team_features_v2\HELLO\CED_BATCH01_MANUAL16_HELLO_083_79853B06.npy,copied,"(30, 225)",
CED,BATCH01_MANUAL16,HELLO,C:\BSIT 3RD YEAR\New VovGest\external_datasets\team_incoming_recorded_features\CED\batch_01_manual16\recorded_features\fullsign225_manual5_team_features,C:\BSIT 3RD YEAR\New VovGest\external_datasets\team_incoming_recorded_features\CED\batch_01_manual16\recorded_features\fullsign225_manual5_team_features\HELLO\manual_fullsign225_20260519_155831_seq0014.npy,C:\BSIT 3RD YEAR\New VovGest\external_datasets\fullsign225_manual5_team_features_v2\HELLO\CED_BATCH01_MANUAL16_HELLO_084_59D15507.npy,copied,"(30, 225)",
CED,BATCH01_MANUAL16,HELLO,C:\BSIT 3RD YEAR\New VovGest\external_datasets\team_incoming_recorded_features\CED\batch_01_manual16\recorded_features\fullsign225_manual5_team_features,C:\BSIT 3RD YEAR\New VovGest\external_datasets\team_incoming_recorded_features\CED\batch_01_manual16\recorded_features\fullsign225_manual5_team_features\HELLO\manual_fullsign225_20260519_155831_seq0015.npy,C:\BSIT 3RD YEAR\New VovGest\external_datasets\fullsign225_manual5_team_features_v2\HELLO\CED_BATCH01_MANUAL16_HELLO_085_C1D8109F.npy,copied,"(30, 225)",
CED,BATCH01_MANUAL16,HELLO,C:\BSIT 3RD YEAR\New VovGest\external_datasets\team_incoming_recorded_features\CED\batch_01_manual16\recorded_features\fullsign225_manual5_team_features,C:\BSIT 3RD YEAR\New VovGest\external_datasets\team_incoming_recorded_features\CED\batch_01_manual16\recorded_features\fullsign225_manual5_team_features\HELLO\manual_fullsign225_20260519_155831_seq0016.npy,C:\BSIT 3RD YEAR\New VovGest\external_datasets\fullsign225_manual5_team_features_v2\HELLO\CED_BATCH01_MANUAL16_HELLO_086_16FF6C05.npy,copied,"(30, 225)",
CED,BATCH01_MANUAL16,HELLO,C:\BSIT 3RD YEAR\New VovGest\external_datasets\team_incoming_recorded_features\CED\batch_01_manual16\recorded_features\fullsign225_manual5_team_features,C:\BSIT 3RD YEAR\New VovGest\external_datasets\team_incoming_recorded_features\CED\batch_01_manual16\recorded_features\fullsign225_manual5_team_features\HELLO\manual_fullsign225_20260519_155831_seq0017.npy,C:\BSIT 3RD YEAR\New VovGest\external_datasets\fullsign225_manual5_team_features_v2\HELLO\CED_BATCH01_MANUAL16_HELLO_087_0E5E12DB.npy,copied,"(30, 225)",
CED,BATCH01_MANUAL16,HELLO,C:\BSIT 3RD YEAR\New VovGest\external_datasets\team_incoming_recorded_features\CED\batch_01_manual16\recorded_features\fullsign225_manual5_team_features,C:\BSIT 3RD YEAR\New VovGest\external_datasets\team_incoming_recorded_features\CED\batch_01_manual16\recorded_features\fullsign225_manual5_team_features\HELLO\manual_fullsign225_20260519_155831_seq0018.npy,C:\BSIT 3RD YEAR\New VovGest\external_datasets\fullsign225_manual5_team_features_v2\HELLO\CED_BATCH01_MANUAL16_HELLO_088_C6BF3028.npy,copied,"(30, 225)",
CED,BATCH01_MANUAL16,HELLO,C:\BSIT 3RD YEAR\New VovGest\external_datasets\team_incoming_recorded_features\CED\batch_01_manual16\recorded_features\fullsign225_manual5_team_features,C:\BSIT 3RD YEAR\New VovGest\external_datasets\team_incoming_recorded_features\CED\batch_01_manual16\recorded_features\fullsign225_manual5_team_features\HELLO\manual_fullsign225_20260519_155831_seq0019.npy,C:\BSIT 3RD YEAR\New VovGest\external_datasets\fullsign225_manual5_team_features_v2\HELLO\CED_BATCH01_MANUAL16_HELLO_089_DD3612CF.npy,copied,"(30, 225)",
CED,BATCH01_MANUAL16,HELLO,C:\BSIT 3RD YEAR\New VovGest\external_datasets\team_incoming_recorded_features\CED\batch_01_manual16\recorded_features\fullsign225_manual5_team_features,C:\BSIT 3RD YEAR\New VovGest\external_datasets\team_incoming_recorded_features\CED\batch_01_manual16\recorded_features\fullsign225_manual5_team_features\HELLO\manual_fullsign225_20260519_155831_seq0020.npy,C:\BSIT 3RD YEAR\New VovGest\external_datasets\fullsign225_manual5_team_features_v2\HELLO\CED_BATCH01_MANUAL16_HELLO_090_21E480AB.npy,copied,"(30, 225)",
CED,BATCH01_MANUAL16,HELLO,C:\BSIT 3RD YEAR\New VovGest\external_datasets\team_incoming_recorded_features\CED\batch_01_manual16\recorded_features\fullsign225_manual5_team_features,C:\BSIT 3RD YEAR\New VovGest\external_datasets\team_incoming_recorded_features\CED\batch_01_manual16\recorded_features\fullsign225_manual5_team_features\HELLO\manual_fullsign225_20260519_155831_seq0021.npy,C:\BSIT 3RD YEAR\New VovGest\external_datasets\fullsign225_manual5_team_features_v2\HELLO\CED_BATCH01_MANUAL16_HELLO_091_0B9BE8B2.npy,copied,"(30, 225)",
CED,BATCH01_MANUAL16,HELLO,C:\BSIT 3RD YEAR\New VovGest\external_datasets\team_incoming_recorded_features\CED\batch_01_manual16\recorded_features\fullsign225_manual5_team_features,C:\BSIT 3RD YEAR\New VovGest\external_datasets\team_incoming_recorded_features\CED\batch_01_manual16\recorded_features\fullsign225_manual5_team_features\HELLO\manual_fullsign225_20260519_155831_seq0022.npy,C:\BSIT 3RD YEAR\New VovGest\external_datasets\fullsign225_manual5_team_features_v2\HELLO\CED_BATCH01_MANUAL16_HELLO_092_421C408D.npy,copied,"(30, 225)",
CED,BATCH01_MANUAL16,HELLO,C:\BSIT 3RD YEAR\New VovGest\external_datasets\team_incoming_recorded_features\CED\batch_01_manual16\recorded_features\fullsign225_manual5_team_features,C:\BSIT 3RD YEAR\New VovGest\external_datasets\team_incoming_recorded_features\CED\batch_01_manual16\recorded_features\fullsign225_manual5_team_features\HELLO\manual_fullsign225_20260519_155831_seq0023.npy,C:\BSIT 3RD YEAR\New VovGest\external_datasets\fullsign225_manual5_team_features_v2\HELLO\CED_BATCH01_MANUAL16_HELLO_093_67FE2E92.npy,copied,"(30, 225)",
CED,BATCH01_MANUAL16,HELLO,C:\BSIT 3RD YEAR\New VovGest\external_datasets\team_incoming_recorded_features\CED\batch_01_manual16\recorded_features\fullsign225_manual5_team_features,C:\BSIT 3RD YEAR\New VovGest\external_datasets\team_incoming_recorded_features\CED\batch_01_manual16\recorded_features\fullsign225_manual5_team_features\HELLO\manual_fullsign225_20260519_155831_seq0024.npy,C:\BSIT 3RD YEAR\New VovGest\external_datasets\fullsign225_manual5_team_features_v2\HELLO\CED_BATCH01_MANUAL16_HELLO_094_CEB51401.npy,copied,"(30, 225)",
CED,BATCH01_MANUAL16,HELLO,C:\BSIT 3RD YEAR\New VovGest\external_datasets\team_incoming_recorded_features\CED\batch_01_manual16\recorded_features\fullsign225_manual5_team_features,C:\BSIT 3RD YEAR\New VovGest\external_datasets\team_incoming_recorded_features\CED\batch_01_manual16\recorded_features\fullsign225_manual5_team_features\HELLO\manual_fullsign225_20260519_155831_seq0025.npy,C:\BSIT 3RD YEAR\New VovGest\external_datasets\fullsign225_manual5_team_features_v2\HELLO\CED_BATCH01_MANUAL16_HELLO_095_16D12AC6.npy,copied,"(30, 225)",
CED,BATCH01_MANUAL16,HELLO,C:\BSIT 3RD YEAR\New VovGest\external_datasets\team_incoming_recorded_features\CED\batch_01_manual16\recorded_features\fullsign225_manual5_team_features,C:\BSIT 3RD YEAR\New VovGest\external_datasets\team_incoming_recorded_features\CED\batch_01_manual16\recorded_features\fullsign225_manual5_team_features\HELLO\manual_fullsign225_20260519_155831_seq0026.npy,C:\BSIT 3RD YEAR\New VovGest\external_datasets\fullsign225_manual5_team_features_v2\HELLO\CED_BATCH01_MANUAL16_HELLO_096_DA6B62B1.npy,copied,"(30, 225)",
CED,BATCH01_MANUAL16,HELLO,C:\BSIT 3RD YEAR\New VovGest\external_datasets\team_incoming_recorded_features\CED\batch_01_manual16\recorded_features\fullsign225_manual5_team_features,C:\BSIT 3RD YEAR\New VovGest\external_datasets\team_incoming_recorded_features\CED\batch_01_manual16\recorded_features\fullsign225_manual5_team_features\HELLO\manual_fullsign225_20260519_155831_seq0027.npy,C:\BSIT 3RD YEAR\New VovGest\external_datasets\fullsign225_manual5_team_features_v2\HELLO\CED_BATCH01_MANUAL16_HELLO_097_05C0D60E.npy,copied,"(30, 225)",
CED,BATCH01_MANUAL16,HELLO,C:\BSIT 3RD YEAR\New VovGest\external_datasets\team_incoming_recorded_features\CED\batch_01_manual16\recorded_features\fullsign225_manual5_team_features,C:\BSIT 3RD YEAR\New VovGest\external_datasets\team_incoming_recorded_features\CED\batch_01_manual16\recorded_features\fullsign225_manual5_team_features\HELLO\manual_fullsign225_20260519_155831_seq0028.npy,C:\BSIT 3RD YEAR\New VovGest\external_datasets\fullsign225_manual5_team_features_v2\HELLO\CED_BATCH01_MANUAL16_HELLO_098_EB988B41.npy,copied,"(30, 225)",
CED,BATCH01_MANUAL16,HELLO,C:\BSIT 3RD YEAR\New VovGest\external_datasets\team_incoming_recorded_features\CED\batch_01_manual16\recorded_features\fullsign225_manual5_team_features,C:\BSIT 3RD YEAR\New VovGest\external_datasets\team_incoming_recorded_features\CED\batch_01_manual16\recorded_features\fullsign225_manual5_team_features\HELLO\manual_fullsign225_20260519_155831_seq0029.npy,C:\BSIT 3RD YEAR\New VovGest\external_datasets\fullsign225_manual5_team_features_v2\HELLO\CED_BATCH01_MANUAL16_HELLO_099_9424F216.npy,copied,"(30, 225)",
CED,BATCH01_MANUAL16,HELLO,C:\BSIT 3RD YEAR\New VovGest\external_datasets\team_incoming_recorded_features\CED\batch_01_manual16\recorded_features\fullsign225_manual5_team_features,C:\BSIT 3RD YEAR\New VovGest\external_datasets\team_incoming_recorded_features\CED\batch_01_manual16\recorded_features\fullsign225_manual5_team_features\HELLO\manual_fullsign225_20260519_155831_seq0030.npy,C:\BSIT 3RD YEAR\New VovGest\external_datasets\fullsign225_manual5_team_features_v2\HELLO\CED_BATCH01_MANUAL16_HELLO_100_D15460FD.npy,copied,"(30, 225)",
CED,BATCH01_MANUAL16,HELLO,C:\BSIT 3RD YEAR\New VovGest\external_datasets\team_incoming_recorded_features\CED\batch_01_manual16\recorded_features\fullsign225_manual5_team_features,C:\BSIT 3RD YEAR\New VovGest\external_datasets\team_incoming_recorded_features\CED\batch_01_manual16\recorded_features\fullsign225_manual5_team_features\HELLO\manual_fullsign225_20260522_014137_seq0031.npy,C:\BSIT 3RD YEAR\New VovGest\external_datasets\fullsign225_manual5_team_features_v2\HELLO\CED_BATCH01_MANUAL16_HELLO_101_251A456B.npy,copied,"(30, 225)",
CED,BATCH01_MANUAL16,HELLO,C:\BSIT 3RD YEAR\New VovGest\external_datasets\team_incoming_recorded_features\CED\batch_01_manual16\recorded_features\fullsign225_manual5_team_features,C:\BSIT 3RD YEAR\New VovGest\external_datasets\team_incoming_recorded_features\CED\batch_01_manual16\recorded_features\fullsign225_manual5_team_features\HELLO\manual_fullsign225_20260522_014137_seq0032.npy,C:\BSIT 3RD YEAR\New VovGest\external_datasets\fullsign225_manual5_team_features_v2\HELLO\CED_BATCH01_MANUAL16_HELLO_102_DC3C1535.npy,copied,"(30, 225)",
CED,BATCH01_MANUAL16,HELLO,C:\BSIT 3RD YEAR\New VovGest\external_datasets\team_incoming_recorded_features\CED\batch_01_manual16\recorded_features\fullsign225_manual5_team_features,C:\BSIT 3RD YEAR\New VovGest\external_datasets\team_incoming_recorded_features\CED\batch_01_manual16\recorded_features\fullsign225_manual5_team_features\HELLO\manual_fullsign225_20260522_014137_seq0033.npy,C:\BSIT 3RD YEAR\New VovGest\external_datasets\fullsign225_manual5_team_features_v2\HELLO\CED_BATCH01_MANUAL16_HELLO_103_10DDD1DD.npy,copied,"(30, 225)",
CED,BATCH01_MANUAL16,HELLO,C:\BSIT 3RD YEAR\New VovGest\external_datasets\team_incoming_recorded_features\CED\batch_01_manual16\recorded_features\fullsign225_manual5_team_features,C:\BSIT 3RD YEAR\New VovGest\external_datasets\team_incoming_recorded_features\CED\batch_01_manual16\recorded_features\fullsign225_manual5_team_features\HELLO\manual_fullsign225_20260522_014137_seq0034.npy,C:\BSIT 3RD YEAR\New VovGest\external_datasets\fullsign225_manual5_team_features_v2\HELLO\CED_BATCH01_MANUAL16_HELLO_104_04E92CAE.npy,copied,"(30, 225)",
CED,BATCH01_MANUAL16,HELLO,C:\BSIT 3RD YEAR\New VovGest\external_datasets\team_incoming_recorded_features\CED\batch_01_manual16\recorded_features\fullsign225_manual5_team_features,C:\BSIT 3RD YEAR\New VovGest\external_datasets\team_incoming_recorded_features\CED\batch_01_manual16\recorded_features\fullsign225_manual5_team_features\HELLO\manual_fullsign225_20260522_014137_seq0035.npy,C:\BSIT 3RD YEAR\New VovGest\external_datasets\fullsign225_manual5_team_features_v2\HELLO\CED_BATCH01_MANUAL16_HELLO_105_06322487.npy,copied,"(30, 225)",
CED,BATCH01_MANUAL16,HELLO,C:\BSIT 3RD YEAR\New VovGest\external_datasets\team_incoming_recorded_features\CED\batch_01_manual16\recorded_features\fullsign225_manual5_team_features,C:\BSIT 3RD YEAR\New VovGest\external_datasets\team_incoming_recorded_features\CED\batch_01_manual16\recorded_features\fullsign225_manual5_team_features\HELLO\manual_fullsign225_20260522_014137_seq0036.npy,C:\BSIT 3RD YEAR\New VovGest\external_datasets\fullsign225_manual5_team_features_v2\HELLO\CED_BATCH01_MANUAL16_HELLO_106_EC470BB8.npy,copied,"(30, 225)",
CED,BATCH01_MANUAL16,HELLO,C:\BSIT 3RD YEAR\New VovGest\external_datasets\team_incoming_recorded_features\CED\batch_01_manual16\recorded_features\fullsign225_manual5_team_features,C:\BSIT 3RD YEAR\New VovGest\external_datasets\team_incoming_recorded_features\CED\batch_01_manual16\recorded_features\fullsign225_manual5_team_features\HELLO\manual_fullsign225_20260522_014137_seq0037.npy,C:\BSIT 3RD YEAR\New VovGest\external_datasets\fullsign225_manual5_team_features_v2\HELLO\CED_BATCH01_MANUAL16_HELLO_107_E89FBF7A.npy,copied,"(30, 225)",
CED,BATCH01_MANUAL16,HELLO,C:\BSIT 3RD YEAR\New VovGest\external_datasets\team_incoming_recorded_features\CED\batch_01_manual16\recorded_features\fullsign225_manual5_team_features,C:\BSIT 3RD YEAR\New VovGest\external_datasets\team_incoming_recorded_features\CED\batch_01_manual16\recorded_features\fullsign225_manual5_team_features\HELLO\manual_fullsign225_20260522_014137_seq0038.npy,C:\BSIT 3RD YEAR\New VovGest\external_datasets\fullsign225_manual5_team_features_v2\HELLO\CED_BATCH01_MANUAL16_HELLO_108_BB0DE14A.npy,copied,"(30, 225)",
CED,BATCH01_MANUAL16,HELLO,C:\BSIT 3RD YEAR\New VovGest\external_datasets\team_incoming_recorded_features\CED\batch_01_manual16\recorded_features\fullsign225_manual5_team_features,C:\BSIT 3RD YEAR\New VovGest\external_datasets\team_incoming_recorded_features\CED\batch_01_manual16\recorded_features\fullsign225_manual5_team_features\HELLO\manual_fullsign225_20260522_014137_seq0039.npy,C:\BSIT 3RD YEAR\New VovGest\external_datasets\fullsign225_manual5_team_features_v2\HELLO\CED_BATCH01_MANUAL16_HELLO_109_9EF7C0B2.npy,copied,"(30, 225)",
CED,BATCH01_MANUAL16,HELLO,C:\BSIT 3RD YEAR\New VovGest\external_datasets\team_incoming_recorded_features\CED\batch_01_manual16\recorded_features\fullsign225_manual5_team_features,C:\BSIT 3RD YEAR\New VovGest\external_datasets\team_incoming_recorded_features\CED\batch_01_manual16\recorded_features\fullsign225_manual5_team_features\HELLO\manual_fullsign225_20260522_014137_seq0040.npy,C:\BSIT 3RD YEAR\New VovGest\external_datasets\fullsign225_manual5_team_features_v2\HELLO\CED_BATCH01_MANUAL16_HELLO_110_0DE0EC13.npy,copied,"(30, 225)",
CED,BATCH01_MANUAL16,HELLO,C:\BSIT 3RD YEAR\New VovGest\external_datasets\team_incoming_recorded_features\CED\batch_01_manual16\recorded_features\fullsign225_manual5_team_features,C:\BSIT 3RD YEAR\New VovGest\external_datasets\team_incoming_recorded_features\CED\batch_01_manual16\recorded_features\fullsign225_manual5_team_features\HELLO\manual_fullsign225_20260522_014137_seq0041.npy,C:\BSIT 3RD YEAR\New VovGest\external_datasets\fullsign225_manual5_team_features_v2\HELLO\CED_BATCH01_MANUAL16_HELLO_111_327C06E2.npy,copied,"(30, 225)",
CED,BATCH01_MANUAL16,HELLO,C:\BSIT 3RD YEAR\New VovGest\external_datasets\team_incoming_recorded_features\CED\batch_01_manual16\recorded_features\fullsign225_manual5_team_features,C:\BSIT 3RD YEAR\New VovGest\external_datasets\team_incoming_recorded_features\CED\batch_01_manual16\recorded_features\fullsign225_manual5_team_features\HELLO\manual_fullsign225_20260522_014137_seq0042.npy,C:\BSIT 3RD YEAR\New VovGest\external_datasets\fullsign225_manual5_team_features_v2\HELLO\CED_BATCH01_MANUAL16_HELLO_112_72AD48AB.npy,copied,"(30, 225)",
CED,BATCH01_MANUAL16,HELLO,C:\BSIT 3RD YEAR\New VovGest\external_datasets\team_incoming_recorded_features\CED\batch_01_manual16\recorded_features\fullsign225_manual5_team_features,C:\BSIT 3RD YEAR\New VovGest\external_datasets\team_incoming_recorded_features\CED\batch_01_manual16\recorded_features\fullsign225_manual5_team_features\HELLO\manual_fullsign225_20260522_014137_seq0043.npy,C:\BSIT 3RD YEAR\New VovGest\external_datasets\fullsign225_manual5_team_features_v2\HELLO\CED_BATCH01_MANUAL16_HELLO_113_78E2F92C.npy,copied,"(30, 225)",
CED,BATCH01_MANUAL16,HELLO,C:\BSIT 3RD YEAR\New VovGest\external_datasets\team_incoming_recorded_features\CED\batch_01_manual16\recorded_features\fullsign225_manual5_team_features,C:\BSIT 3RD YEAR\New VovGest\external_datasets\team_incoming_recorded_features\CED\batch_01_manual16\recorded_features\fullsign225_manual5_team_features\HELLO\manual_fullsign225_20260522_014137_seq0044.npy,C:\BSIT 3RD YEAR\New VovGest\external_datasets\fullsign225_manual5_team_features_v2\HELLO\CED_BATCH01_MANUAL16_HELLO_114_463C99A5.npy,copied,"(30, 225)",
CED,BATCH01_MANUAL16,HELLO,C:\BSIT 3RD YEAR\New VovGest\external_datasets\team_incoming_recorded_features\CED\batch_01_manual16\recorded_features\fullsign225_manual5_team_features,C:\BSIT 3RD YEAR\New VovGest\external_datasets\team_incoming_recorded_features\CED\batch_01_manual16\recorded_features\fullsign225_manual5_team_features\HELLO\manual_fullsign225_20260522_014137_seq0045.npy,C:\BSIT 3RD YEAR\New VovGest\external_datasets\fullsign225_manual5_team_features_v2\HELLO\CED_BATCH01_MANUAL16_HELLO_115_F3AFF90C.npy,copied,"(30, 225)",
CED,BATCH01_MANUAL16,HELLO,C:\BSIT 3RD YEAR\New VovGest\external_datasets\team_incoming_recorded_features\CED\batch_01_manual16\recorded_features\fullsign225_manual5_team_features,C:\BSIT 3RD YEAR\New VovGest\external_datasets\team_incoming_recorded_features\CED\batch_01_manual16\recorded_features\fullsign225_manual5_team_features\HELLO\manual_fullsign225_20260522_014137_seq0046.npy,C:\BSIT 3RD YEAR\New VovGest\external_datasets\fullsign225_manual5_team_features_v2\HELLO\CED_BATCH01_MANUAL16_HELLO_116_2B334679.npy,copied,"(30, 225)",
CED,BATCH01_MANUAL16,HELLO,C:\BSIT 3RD YEAR\New VovGest\external_datasets\team_incoming_recorded_features\CED\batch_01_manual16\recorded_features\fullsign225_manual5_team_features,C:\BSIT 3RD YEAR\New VovGest\external_datasets\team_incoming_recorded_features\CED\batch_01_manual16\recorded_features\fullsign225_manual5_team_features\HELLO\manual_fullsign225_20260522_014137_seq0047.npy,C:\BSIT 3RD YEAR\New VovGest\external_datasets\fullsign225_manual5_team_features_v2\HELLO\CED_BATCH01_MANUAL16_HELLO_117_07311A23.npy,copied,"(30, 225)",
CED,BATCH01_MANUAL16,HELLO,C:\BSIT 3RD YEAR\New VovGest\external_datasets\team_incoming_recorded_features\CED\batch_01_manual16\recorded_features\fullsign225_manual5_team_features,C:\BSIT 3RD YEAR\New VovGest\external_datasets\team_incoming_recorded_features\CED\batch_01_manual16\recorded_features\fullsign225_manual5_team_features\HELLO\manual_fullsign225_20260522_014137_seq0048.npy,C:\BSIT 3RD YEAR\New VovGest\external_datasets\fullsign225_manual5_team_features_v2\HELLO\CED_BATCH01_MANUAL16_HELLO_118_4579FD56.npy,copied,"(30, 225)",
CED,BATCH01_MANUAL16,HELLO,C:\BSIT 3RD YEAR\New VovGest\external_datasets\team_incoming_recorded_features\CED\batch_01_manual16\recorded_features\fullsign225_manual5_team_features,C:\BSIT 3RD YEAR\New VovGest\external_datasets\team_incoming_recorded_features\CED\batch_01_manual16\recorded_features\fullsign225_manual5_team_features\HELLO\manual_fullsign225_20260522_014137_seq0049.npy,C:\BSIT 3RD YEAR\New VovGest\external_datasets\fullsign225_manual5_team_features_v2\HELLO\CED_BATCH01_MANUAL16_HELLO_119_1A4CB5B8.npy,copied,"(30, 225)",
CED,BATCH01_MANUAL16,HELLO,C:\BSIT 3RD YEAR\New VovGest\external_datasets\team_incoming_recorded_features\CED\batch_01_manual16\recorded_features\fullsign225_manual5_team_features,C:\BSIT 3RD YEAR\New VovGest\external_datasets\team_incoming_recorded_features\CED\batch_01_manual16\recorded_features\fullsign225_manual5_team_features\HELLO\manual_fullsign225_20260522_014137_seq0050.npy,C:\BSIT 3RD YEAR\New VovGest\external_datasets\fullsign225_manual5_team_features_v2\HELLO\CED_BATCH01_MANUAL16_HELLO_120_4FE738E2.npy,copied,"(30, 225)",
CED,BATCH01_MANUAL16,,C:\BSIT 3RD YEAR\New VovGest\external_datasets\team_incoming_recorded_features\CED\batch_01_manual16\recorded_features\fullsign225_manual5_team_features,C:\BSIT 3RD YEAR\New VovGest\external_datasets\team_incoming_recorded_features\CED\batch_01_manual16\recorded_features\fullsign225_manual5_team_features\HELP\manual_fullsign225_20260519_160630_seq0001.npy,,skipped_unknown_label,,
CED,BATCH01_MANUAL16,,C:\BSIT 3RD YEAR\New VovGest\external_datasets\team_incoming_recorded_features\CED\batch_01_manual16\recorded_features\fullsign225_manual5_team_features,C:\BSIT 3RD YEAR\New VovGest\external_datasets\team_incoming_recorded_features\CED\batch_01_manual16\recorded_features\fullsign225_manual5_team_features\HELP\manual_fullsign225_20260519_160630_seq0002.npy,,skipped_unknown_label,,
CED,BATCH01_MANUAL16,,C:\BSIT 3RD YEAR\New VovGest\external_datasets\team_incoming_recorded_features\CED\batch_01_manual16\recorded_features\fullsign225_manual5_team_features,C:\BSIT 3RD YEAR\New VovGest\external_datasets\team_incoming_recorded_features\CED\batch_01_manual16\recorded_features\fullsign225_manual5_team_features\HELP\manual_fullsign225_20260519_160630_seq0003.npy,,skipped_unknown_label,,
CED,BATCH01_MANUAL16,,C:\BSIT 3RD YEAR\New VovGest\external_datasets\team_incoming_recorded_features\CED\batch_01_manual16\recorded_features\fullsign225_manual5_team_features,C:\BSIT 3RD YEAR\New VovGest\external_datasets\team_incoming_recorded_features\CED\batch_01_manual16\recorded_features\fullsign225_manual5_team_features\HELP\manual_fullsign225_20260519_160630_seq0004.npy,,skipped_unknown_label,,
CED,BATCH01_MANUAL16,,C:\BSIT 3RD YEAR\New VovGest\external_datasets\team_incoming_recorded_features\CED\batch_01_manual16\recorded_features\fullsign225_manual5_team_features,C:\BSIT 3RD YEAR\New VovGest\external_datasets\team_incoming_recorded_features\CED\batch_01_manual16\recorded_features\fullsign225_manual5_team_features\HELP\manual_fullsign225_20260519_160630_seq0005.npy,,skipped_unknown_label,,
CED,BATCH01_MANUAL16,,C:\BSIT 3RD YEAR\New VovGest\external_datasets\team_incoming_recorded_features\CED\batch_01_manual16\recorded_features\fullsign225_manual5_team_features,C:\BSIT 3RD YEAR\New VovGest\external_datasets\team_incoming_recorded_features\CED\batch_01_manual16\recorded_features\fullsign225_manual5_team_features\HELP\manual_fullsign225_20260519_160630_seq0006.npy,,skipped_unknown_label,,
CED,BATCH01_MANUAL16,,C:\BSIT 3RD YEAR\New VovGest\external_datasets\team_incoming_recorded_features\CED\batch_01_manual16\recorded_features\fullsign225_manual5_team_features,C:\BSIT 3RD YEAR\New VovGest\external_datasets\team_incoming_recorded_features\CED\batch_01_manual16\recorded_features\fullsign225_manual5_team_features\HELP\manual_fullsign225_20260519_160630_seq0007.npy,,skipped_unknown_label,,
CED,BATCH01_MANUAL16,,C:\BSIT 3RD YEAR\New VovGest\external_datasets\team_incoming_recorded_features\CED\batch_01_manual16\recorded_features\fullsign225_manual5_team_features,C:\BSIT 3RD YEAR\New VovGest\external_datasets\team_incoming_recorded_features\CED\batch_01_manual16\recorded_features\fullsign225_manual5_team_features\HELP\manual_fullsign225_20260519_160630_seq0008.npy,,skipped_unknown_label,,
CED,BATCH01_MANUAL16,,C:\BSIT 3RD YEAR\New VovGest\external_datasets\team_incoming_recorded_features\CED\batch_01_manual16\recorded_features\fullsign225_manual5_team_features,C:\BSIT 3RD YEAR\New VovGest\external_datasets\team_incoming_recorded_features\CED\batch_01_manual16\recorded_features\fullsign225_manual5_team_features\HELP\manual_fullsign225_20260519_160630_seq0009.npy,,skipped_unknown_label,,
CED,BATCH01_MANUAL16,,C:\BSIT 3RD YEAR\New VovGest\external_datasets\team_incoming_recorded_features\CED\batch_01_manual16\recorded_features\fullsign225_manual5_team_features,C:\BSIT 3RD YEAR\New VovGest\external_datasets\team_incoming_recorded_features\CED\batch_01_manual16\recorded_features\fullsign225_manual5_team_features\HELP\manual_fullsign225_20260519_160630_seq0010.npy,,skipped_unknown_label,,
CED,BATCH01_MANUAL16,,C:\BSIT 3RD YEAR\New VovGest\external_datasets\team_incoming_recorded_features\CED\batch_01_manual16\recorded_features\fullsign225_manual5_team_features,C:\BSIT 3RD YEAR\New VovGest\external_datasets\team_incoming_recorded_features\CED\batch_01_manual16\recorded_features\fullsign225_manual5_team_features\HELP\manual_fullsign225_20260519_160630_seq0011.npy,,skipped_unknown_label,,
CED,BATCH01_MANUAL16,,C:\BSIT 3RD YEAR\New VovGest\external_datasets\team_incoming_recorded_features\CED\batch_01_manual16\recorded_features\fullsign225_manual5_team_features,C:\BSIT 3RD YEAR\New VovGest\external_datasets\team_incoming_recorded_features\CED\batch_01_manual16\recorded_features\fullsign225_manual5_team_features\HELP\manual_fullsign225_20260519_160630_seq0012.npy,,skipped_unknown_label,,
CED,BATCH01_MANUAL16,,C:\BSIT 3RD YEAR\New VovGest\external_datasets\team_incoming_recorded_features\CED\batch_01_manual16\recorded_features\fullsign225_manual5_team_features,C:\BSIT 3RD YEAR\New VovGest\external_datasets\team_incoming_recorded_features\CED\batch_01_manual16\recorded_features\fullsign225_manual5_team_features\HELP\manual_fullsign225_20260519_160630_seq0013.npy,,skipped_unknown_label,,
CED,BATCH01_MANUAL16,,C:\BSIT 3RD YEAR\New VovGest\external_datasets\team_incoming_recorded_features\CED\batch_01_manual16\recorded_features\fullsign225_manual5_team_features,C:\BSIT 3RD YEAR\New VovGest\external_datasets\team_incoming_recorded_features\CED\batch_01_manual16\recorded_features\fullsign225_manual5_team_features\HELP\manual_fullsign225_20260519_160630_seq0014.npy,,skipped_unknown_label,,
CED,BATCH01_MANUAL16,,C:\BSIT 3RD YEAR\New VovGest\external_datasets\team_incoming_recorded_features\CED\batch_01_manual16\recorded_features\fullsign225_manual5_team_features,C:\BSIT 3RD YEAR\New VovGest\external_datasets\team_incoming_recorded_features\CED\batch_01_manual16\recorded_features\fullsign225_manual5_team_features\HELP\manual_fullsign225_20260519_160630_seq0015.npy,,skipped_unknown_label,,
CED,BATCH01_MANUAL16,,C:\BSIT 3RD YEAR\New VovGest\external_datasets\team_incoming_recorded_features\CED\batch_01_manual16\recorded_features\fullsign225_manual5_team_features,C:\BSIT 3RD YEAR\New VovGest\external_datasets\team_incoming_recorded_features\CED\batch_01_manual16\recorded_features\fullsign225_manual5_team_features\HELP\manual_fullsign225_20260519_160630_seq0016.npy,,skipped_unknown_label,,
CED,BATCH01_MANUAL16,,C:\BSIT 3RD YEAR\New VovGest\external_datasets\team_incoming_recorded_features\CED\batch_01_manual16\recorded_features\fullsign225_manual5_team_features,C:\BSIT 3RD YEAR\New VovGest\external_datasets\team_incoming_recorded_features\CED\batch_01_manual16\recorded_features\fullsign225_manual5_team_features\HELP\manual_fullsign225_20260519_160630_seq0017.npy,,skipped_unknown_label,,
CED,BATCH01_MANUAL16,,C:\BSIT 3RD YEAR\New VovGest\external_datasets\team_incoming_recorded_features\CED\batch_01_manual16\recorded_features\fullsign225_manual5_team_features,C:\BSIT 3RD YEAR\New VovGest\external_datasets\team_incoming_recorded_features\CED\batch_01_manual16\recorded_features\fullsign225_manual5_team_features\HELP\manual_fullsign225_20260519_160630_seq0018.npy,,skipped_unknown_label,,
CED,BATCH01_MANUAL16,,C:\BSIT 3RD YEAR\New VovGest\external_datasets\team_incoming_recorded_features\CED\batch_01_manual16\recorded_features\fullsign225_manual5_team_features,C:\BSIT 3RD YEAR\New VovGest\external_datasets\team_incoming_recorded_features\CED\batch_01_manual16\recorded_features\fullsign225_manual5_team_features\HELP\manual_fullsign225_20260519_160630_seq0019.npy,,skipped_unknown_label,,
CED,BATCH01_MANUAL16,,C:\BSIT 3RD YEAR\New VovGest\external_datasets\team_incoming_recorded_features\CED\batch_01_manual16\recorded_features\fullsign225_manual5_team_features,C:\BSIT 3RD YEAR\New VovGest\external_datasets\team_incoming_recorded_features\CED\batch_01_manual16\recorded_features\fullsign225_manual5_team_features\HELP\manual_fullsign225_20260519_160630_seq0020.npy,,skipped_unknown_label,,
CED,BATCH01_MANUAL16,,C:\BSIT 3RD YEAR\New VovGest\external_datasets\team_incoming_recorded_features\CED\batch_01_manual16\recorded_features\fullsign225_manual5_team_features,C:\BSIT 3RD YEAR\New VovGest\external_datasets\team_incoming_recorded_features\CED\batch_01_manual16\recorded_features\fullsign225_manual5_team_features\HELP\manual_fullsign225_20260519_160630_seq0021.npy,,skipped_unknown_label,,
CED,BATCH01_MANUAL16,,C:\BSIT 3RD YEAR\New VovGest\external_datasets\team_incoming_recorded_features\CED\batch_01_manual16\recorded_features\fullsign225_manual5_team_features,C:\BSIT 3RD YEAR\New VovGest\external_datasets\team_incoming_recorded_features\CED\batch_01_manual16\recorded_features\fullsign225_manual5_team_features\HELP\manual_fullsign225_20260519_160630_seq0022.npy,,skipped_unknown_label,,
CED,BATCH01_MANUAL16,,C:\BSIT 3RD YEAR\New VovGest\external_datasets\team_incoming_recorded_features\CED\batch_01_manual16\recorded_features\fullsign225_manual5_team_features,C:\BSIT 3RD YEAR\New VovGest\external_datasets\team_incoming_recorded_features\CED\batch_01_manual16\recorded_features\fullsign225_manual5_team_features\HELP\manual_fullsign225_20260519_160630_seq0023.npy,,skipped_unknown_label,,
CED,BATCH01_MANUAL16,,C:\BSIT 3RD YEAR\New VovGest\external_datasets\team_incoming_recorded_features\CED\batch_01_manual16\recorded_features\fullsign225_manual5_team_features,C:\BSIT 3RD YEAR\New VovGest\external_datasets\team_incoming_recorded_features\CED\batch_01_manual16\recorded_features\fullsign225_manual5_team_features\HELP\manual_fullsign225_20260519_160630_seq0024.npy,,skipped_unknown_label,,
CED,BATCH01_MANUAL16,,C:\BSIT 3RD YEAR\New VovGest\external_datasets\team_incoming_recorded_features\CED\batch_01_manual16\recorded_features\fullsign225_manual5_team_features,C:\BSIT 3RD YEAR\New VovGest\external_datasets\team_incoming_recorded_features\CED\batch_01_manual16\recorded_features\fullsign225_manual5_team_features\HELP\manual_fullsign225_20260519_160630_seq0025.npy,,skipped_unknown_label,,
CED,BATCH01_MANUAL16,,C:\BSIT 3RD YEAR\New VovGest\external_datasets\team_incoming_recorded_features\CED\batch_01_manual16\recorded_features\fullsign225_manual5_team_features,C:\BSIT 3RD YEAR\New VovGest\external_datasets\team_incoming_recorded_features\CED\batch_01_manual16\recorded_features\fullsign225_manual5_team_features\HELP\manual_fullsign225_20260519_160630_seq0026.npy,,skipped_unknown_label,,
CED,BATCH01_MANUAL16,,C:\BSIT 3RD YEAR\New VovGest\external_datasets\team_incoming_recorded_features\CED\batch_01_manual16\recorded_features\fullsign225_manual5_team_features,C:\BSIT 3RD YEAR\New VovGest\external_datasets\team_incoming_recorded_features\CED\batch_01_manual16\recorded_features\fullsign225_manual5_team_features\HELP\manual_fullsign225_20260519_160630_seq0027.npy,,skipped_unknown_label,,
CED,BATCH01_MANUAL16,,C:\BSIT 3RD YEAR\New VovGest\external_datasets\team_incoming_recorded_features\CED\batch_01_manual16\recorded_features\fullsign225_manual5_team_features,C:\BSIT 3RD YEAR\New VovGest\external_datasets\team_incoming_recorded_features\CED\batch_01_manual16\recorded_features\fullsign225_manual5_team_features\HELP\manual_fullsign225_20260519_160630_seq0028.npy,,skipped_unknown_label,,
CED,BATCH01_MANUAL16,,C:\BSIT 3RD YEAR\New VovGest\external_datasets\team_incoming_recorded_features\CED\batch_01_manual16\recorded_features\fullsign225_manual5_team_features,C:\BSIT 3RD YEAR\New VovGest\external_datasets\team_incoming_recorded_features\CED\batch_01_manual16\recorded_features\fullsign225_manual5_team_features\HELP\manual_fullsign225_20260519_160630_seq0029.npy,,skipped_unknown_label,,
CED,BATCH01_MANUAL16,,C:\BSIT 3RD YEAR\New VovGest\external_datasets\team_incoming_recorded_features\CED\batch_01_manual16\recorded_features\fullsign225_manual5_team_features,C:\BSIT 3RD YEAR\New VovGest\external_datasets\team_incoming_recorded_features\CED\batch_01_manual16\recorded_features\fullsign225_manual5_team_features\HELP\manual_fullsign225_20260519_160630_seq0030.npy,,skipped_unknown_label,,
CED,BATCH01_MANUAL16,,C:\BSIT 3RD YEAR\New VovGest\external_datasets\team_incoming_recorded_features\CED\batch_01_manual16\recorded_features\fullsign225_manual5_team_features,C:\BSIT 3RD YEAR\New VovGest\external_datasets\team_incoming_recorded_features\CED\batch_01_manual16\recorded_features\fullsign225_manual5_team_features\NAME\manual_fullsign225_20260519_161922_seq0001.npy,,skipped_unknown_label,,
CED,BATCH01_MANUAL16,,C:\BSIT 3RD YEAR\New VovGest\external_datasets\team_incoming_recorded_features\CED\batch_01_manual16\recorded_features\fullsign225_manual5_team_features,C:\BSIT 3RD YEAR\New VovGest\external_datasets\team_incoming_recorded_features\CED\batch_01_manual16\recorded_features\fullsign225_manual5_team_features\NAME\manual_fullsign225_20260519_161922_seq0002.npy,,skipped_unknown_label,,
CED,BATCH01_MANUAL16,,C:\BSIT 3RD YEAR\New VovGest\external_datasets\team_incoming_recorded_features\CED\batch_01_manual16\recorded_features\fullsign225_manual5_team_features,C:\BSIT 3RD YEAR\New VovGest\external_datasets\team_incoming_recorded_features\CED\batch_01_manual16\recorded_features\fullsign225_manual5_team_features\NAME\manual_fullsign225_20260519_161922_seq0003.npy,,skipped_unknown_label,,
CED,BATCH01_MANUAL16,,C:\BSIT 3RD YEAR\New VovGest\external_datasets\team_incoming_recorded_features\CED\batch_01_manual16\recorded_features\fullsign225_manual5_team_features,C:\BSIT 3RD YEAR\New VovGest\external_datasets\team_incoming_recorded_features\CED\batch_01_manual16\recorded_features\fullsign225_manual5_team_features\NAME\manual_fullsign225_20260519_161922_seq0004.npy,,skipped_unknown_label,,
CED,BATCH01_MANUAL16,,C:\BSIT 3RD YEAR\New VovGest\external_datasets\team_incoming_recorded_features\CED\batch_01_manual16\recorded_features\fullsign225_manual5_team_features,C:\BSIT 3RD YEAR\New VovGest\external_datasets\team_incoming_recorded_features\CED\batch_01_manual16\recorded_features\fullsign225_manual5_team_features\NAME\manual_fullsign225_20260519_161922_seq0005.npy,,skipped_unknown_label,,
CED,BATCH01_MANUAL16,,C:\BSIT 3RD YEAR\New VovGest\external_datasets\team_incoming_recorded_features\CED\batch_01_manual16\recorded_features\fullsign225_manual5_team_features,C:\BSIT 3RD YEAR\New VovGest\external_datasets\team_incoming_recorded_features\CED\batch_01_manual16\recorded_features\fullsign225_manual5_team_features\NAME\manual_fullsign225_20260519_161922_seq0006.npy,,skipped_unknown_label,,
CED,BATCH01_MANUAL16,,C:\BSIT 3RD YEAR\New VovGest\external_datasets\team_incoming_recorded_features\CED\batch_01_manual16\recorded_features\fullsign225_manual5_team_features,C:\BSIT 3RD YEAR\New VovGest\external_datasets\team_incoming_recorded_features\CED\batch_01_manual16\recorded_features\fullsign225_manual5_team_features\NAME\manual_fullsign225_20260519_161922_seq0007.npy,,skipped_unknown_label,,
CED,BATCH01_MANUAL16,,C:\BSIT 3RD YEAR\New VovGest\external_datasets\team_incoming_recorded_features\CED\batch_01_manual16\recorded_features\fullsign225_manual5_team_features,C:\BSIT 3RD YEAR\New VovGest\external_datasets\team_incoming_recorded_features\CED\batch_01_manual16\recorded_features\fullsign225_manual5_team_features\NAME\manual_fullsign225_20260519_161922_seq0008.npy,,skipped_unknown_label,,
CED,BATCH01_MANUAL16,,C:\BSIT 3RD YEAR\New VovGest\external_datasets\team_incoming_recorded_features\CED\batch_01_manual16\recorded_features\fullsign225_manual5_team_features,C:\BSIT 3RD YEAR\New VovGest\external_datasets\team_incoming_recorded_features\CED\batch_01_manual16\recorded_features\fullsign225_manual5_team_features\NAME\manual_fullsign225_20260519_161922_seq0009.npy,,skipped_unknown_label,,
CED,BATCH01_MANUAL16,,C:\BSIT 3RD YEAR\New VovGest\external_datasets\team_incoming_recorded_features\CED\batch_01_manual16\recorded_features\fullsign225_manual5_team_features,C:\BSIT 3RD YEAR\New VovGest\external_datasets\team_incoming_recorded_features\CED\batch_01_manual16\recorded_features\fullsign225_manual5_team_features\NAME\manual_fullsign225_20260519_161922_seq0010.npy,,skipped_unknown_label,,
CED,BATCH01_MANUAL16,,C:\BSIT 3RD YEAR\New VovGest\external_datasets\team_incoming_recorded_features\CED\batch_01_manual16\recorded_features\fullsign225_manual5_team_features,C:\BSIT 3RD YEAR\New VovGest\external_datasets\team_incoming_recorded_features\CED\batch_01_manual16\recorded_features\fullsign225_manual5_team_features\NAME\manual_fullsign225_20260519_161922_seq0011.npy,,skipped_unknown_label,,
CED,BATCH01_MANUAL16,,C:\BSIT 3RD YEAR\New VovGest\external_datasets\team_incoming_recorded_features\CED\batch_01_manual16\recorded_features\fullsign225_manual5_team_features,C:\BSIT 3RD YEAR\New VovGest\external_datasets\team_incoming_recorded_features\CED\batch_01_manual16\recorded_features\fullsign225_manual5_team_features\NAME\manual_fullsign225_20260519_161922_seq0012.npy,,skipped_unknown_label,,
CED,BATCH01_MANUAL16,,C:\BSIT 3RD YEAR\New VovGest\external_datasets\team_incoming_recorded_features\CED\batch_01_manual16\recorded_features\fullsign225_manual5_team_features,C:\BSIT 3RD YEAR\New VovGest\external_datasets\team_incoming_recorded_features\CED\batch_01_manual16\recorded_features\fullsign225_manual5_team_features\NAME\manual_fullsign225_20260519_161922_seq0013.npy,,skipped_unknown_label,,
CED,BATCH01_MANUAL16,,C:\BSIT 3RD YEAR\New VovGest\external_datasets\team_incoming_recorded_features\CED\batch_01_manual16\recorded_features\fullsign225_manual5_team_features,C:\BSIT 3RD YEAR\New VovGest\external_datasets\team_incoming_recorded_features\CED\batch_01_manual16\recorded_features\fullsign225_manual5_team_features\NAME\manual_fullsign225_20260519_161922_seq0014.npy,,skipped_unknown_label,,
CED,BATCH01_MANUAL16,,C:\BSIT 3RD YEAR\New VovGest\external_datasets\team_incoming_recorded_features\CED\batch_01_manual16\recorded_features\fullsign225_manual5_team_features,C:\BSIT 3RD YEAR\New VovGest\external_datasets\team_incoming_recorded_features\CED\batch_01_manual16\recorded_features\fullsign225_manual5_team_features\NAME\manual_fullsign225_20260519_161922_seq0015.npy,,skipped_unknown_label,,
CED,BATCH01_MANUAL16,,C:\BSIT 3RD YEAR\New VovGest\external_datasets\team_incoming_recorded_features\CED\batch_01_manual16\recorded_features\fullsign225_manual5_team_features,C:\BSIT 3RD YEAR\New VovGest\external_datasets\team_incoming_recorded_features\CED\batch_01_manual16\recorded_features\fullsign225_manual5_team_features\NAME\manual_fullsign225_20260519_161922_seq0016.npy,,skipped_unknown_label,,
CED,BATCH01_MANUAL16,,C:\BSIT 3RD YEAR\New VovGest\external_datasets\team_incoming_recorded_features\CED\batch_01_manual16\recorded_features\fullsign225_manual5_team_features,C:\BSIT 3RD YEAR\New VovGest\external_datasets\team_incoming_recorded_features\CED\batch_01_manual16\recorded_features\fullsign225_manual5_team_features\NAME\manual_fullsign225_20260519_161922_seq0017.npy,,skipped_unknown_label,,
CED,BATCH01_MANUAL16,,C:\BSIT 3RD YEAR\New VovGest\external_datasets\team_incoming_recorded_features\CED\batch_01_manual16\recorded_features\fullsign225_manual5_team_features,C:\BSIT 3RD YEAR\New VovGest\external_datasets\team_incoming_recorded_features\CED\batch_01_manual16\recorded_features\fullsign225_manual5_team_features\NAME\manual_fullsign225_20260519_161922_seq0018.npy,,skipped_unknown_label,,
CED,BATCH01_MANUAL16,,C:\BSIT 3RD YEAR\New VovGest\external_datasets\team_incoming_recorded_features\CED\batch_01_manual16\recorded_features\fullsign225_manual5_team_features,C:\BSIT 3RD YEAR\New VovGest\external_datasets\team_incoming_recorded_features\CED\batch_01_manual16\recorded_features\fullsign225_manual5_team_features\NAME\manual_fullsign225_20260519_161922_seq0019.npy,,skipped_unknown_label,,
CED,BATCH01_MANUAL16,,C:\BSIT 3RD YEAR\New VovGest\external_datasets\team_incoming_recorded_features\CED\batch_01_manual16\recorded_features\fullsign225_manual5_team_features,C:\BSIT 3RD YEAR\New VovGest\external_datasets\team_incoming_recorded_features\CED\batch_01_manual16\recorded_features\fullsign225_manual5_team_features\NAME\manual_fullsign225_20260519_161922_seq0020.npy,,skipped_unknown_label,,
CED,BATCH01_MANUAL16,,C:\BSIT 3RD YEAR\New VovGest\external_datasets\team_incoming_recorded_features\CED\batch_01_manual16\recorded_features\fullsign225_manual5_team_features,C:\BSIT 3RD YEAR\New VovGest\external_datasets\team_incoming_recorded_features\CED\batch_01_manual16\recorded_features\fullsign225_manual5_team_features\NAME\manual_fullsign225_20260519_161922_seq0021.npy,,skipped_unknown_label,,
CED,BATCH01_MANUAL16,,C:\BSIT 3RD YEAR\New VovGest\external_datasets\team_incoming_recorded_features\CED\batch_01_manual16\recorded_features\fullsign225_manual5_team_features,C:\BSIT 3RD YEAR\New VovGest\external_datasets\team_incoming_recorded_features\CED\batch_01_manual16\recorded_features\fullsign225_manual5_team_features\NAME\manual_fullsign225_20260519_161922_seq0022.npy,,skipped_unknown_label,,
CED,BATCH01_MANUAL16,,C:\BSIT 3RD YEAR\New VovGest\external_datasets\team_incoming_recorded_features\CED\batch_01_manual16\recorded_features\fullsign225_manual5_team_features,C:\BSIT 3RD YEAR\New VovGest\external_datasets\team_incoming_recorded_features\CED\batch_01_manual16\recorded_features\fullsign225_manual5_team_features\NAME\manual_fullsign225_20260519_161922_seq0023.npy,,skipped_unknown_label,,
CED,BATCH01_MANUAL16,,C:\BSIT 3RD YEAR\New VovGest\external_datasets\team_incoming_recorded_features\CED\batch_01_manual16\recorded_features\fullsign225_manual5_team_features,C:\BSIT 3RD YEAR\New VovGest\external_datasets\team_incoming_recorded_features\CED\batch_01_manual16\recorded_features\fullsign225_manual5_team_features\NAME\manual_fullsign225_20260519_161922_seq0024.npy,,skipped_unknown_label,,
CED,BATCH01_MANUAL16,,C:\BSIT 3RD YEAR\New VovGest\external_datasets\team_incoming_recorded_features\CED\batch_01_manual16\recorded_features\fullsign225_manual5_team_features,C:\BSIT 3RD YEAR\New VovGest\external_datasets\team_incoming_recorded_features\CED\batch_01_manual16\recorded_features\fullsign225_manual5_team_features\NAME\manual_fullsign225_20260519_161922_seq0025.npy,,skipped_unknown_label,,
CED,BATCH01_MANUAL16,,C:\BSIT 3RD YEAR\New VovGest\external_datasets\team_incoming_recorded_features\CED\batch_01_manual16\recorded_features\fullsign225_manual5_team_features,C:\BSIT 3RD YEAR\New VovGest\external_datasets\team_incoming_recorded_features\CED\batch_01_manual16\recorded_features\fullsign225_manual5_team_features\NAME\manual_fullsign225_20260519_161922_seq0026.npy,,skipped_unknown_label,,
CED,BATCH01_MANUAL16,,C:\BSIT 3RD YEAR\New VovGest\external_datasets\team_incoming_recorded_features\CED\batch_01_manual16\recorded_features\fullsign225_manual5_team_features,C:\BSIT 3RD YEAR\New VovGest\external_datasets\team_incoming_recorded_features\CED\batch_01_manual16\recorded_features\fullsign225_manual5_team_features\NAME\manual_fullsign225_20260519_161922_seq0027.npy,,skipped_unknown_label,,
CED,BATCH01_MANUAL16,,C:\BSIT 3RD YEAR\New VovGest\external_datasets\team_incoming_recorded_features\CED\batch_01_manual16\recorded_features\fullsign225_manual5_team_features,C:\BSIT 3RD YEAR\New VovGest\external_datasets\team_incoming_recorded_features\CED\batch_01_manual16\recorded_features\fullsign225_manual5_team_features\NAME\manual_fullsign225_20260519_161922_seq0028.npy,,skipped_unknown_label,,
CED,BATCH01_MANUAL16,,C:\BSIT 3RD YEAR\New VovGest\external_datasets\team_incoming_recorded_features\CED\batch_01_manual16\recorded_features\fullsign225_manual5_team_features,C:\BSIT 3RD YEAR\New VovGest\external_datasets\team_incoming_recorded_features\CED\batch_01_manual16\recorded_features\fullsign225_manual5_team_features\NAME\manual_fullsign225_20260519_161922_seq0029.npy,,skipped_unknown_label,,
CED,BATCH01_MANUAL16,,C:\BSIT 3RD YEAR\New VovGest\external_datasets\team_incoming_recorded_features\CED\batch_01_manual16\recorded_features\fullsign225_manual5_team_features,C:\BSIT 3RD YEAR\New VovGest\external_datasets\team_incoming_recorded_features\CED\batch_01_manual16\recorded_features\fullsign225_manual5_team_features\NAME\manual_fullsign225_20260519_161922_seq0030.npy,,skipped_unknown_label,,
CED,BATCH01_MANUAL16,,C:\BSIT 3RD YEAR\New VovGest\external_datasets\team_incoming_recorded_features\CED\batch_01_manual16\recorded_features\fullsign225_manual5_team_features,C:\BSIT 3RD YEAR\New VovGest\external_datasets\team_incoming_recorded_features\CED\batch_01_manual16\recorded_features\fullsign225_manual5_team_features\NO\manual_fullsign225_20260519_155055_seq0001.npy,,skipped_unknown_label,,
CED,BATCH01_MANUAL16,,C:\BSIT 3RD YEAR\New VovGest\external_datasets\team_incoming_recorded_features\CED\batch_01_manual16\recorded_features\fullsign225_manual5_team_features,C:\BSIT 3RD YEAR\New VovGest\external_datasets\team_incoming_recorded_features\CED\batch_01_manual16\recorded_features\fullsign225_manual5_team_features\NO\manual_fullsign225_20260519_155055_seq0002.npy,,skipped_unknown_label,,
CED,BATCH01_MANUAL16,,C:\BSIT 3RD YEAR\New VovGest\external_datasets\team_incoming_recorded_features\CED\batch_01_manual16\recorded_features\fullsign225_manual5_team_features,C:\BSIT 3RD YEAR\New VovGest\external_datasets\team_incoming_recorded_features\CED\batch_01_manual16\recorded_features\fullsign225_manual5_team_features\NO\manual_fullsign225_20260519_155055_seq0003.npy,,skipped_unknown_label,,
CED,BATCH01_MANUAL16,,C:\BSIT 3RD YEAR\New VovGest\external_datasets\team_incoming_recorded_features\CED\batch_01_manual16\recorded_features\fullsign225_manual5_team_features,C:\BSIT 3RD YEAR\New VovGest\external_datasets\team_incoming_recorded_features\CED\batch_01_manual16\recorded_features\fullsign225_manual5_team_features\NO\manual_fullsign225_20260519_155055_seq0004.npy,,skipped_unknown_label,,
CED,BATCH01_MANUAL16,,C:\BSIT 3RD YEAR\New VovGest\external_datasets\team_incoming_recorded_features\CED\batch_01_manual16\recorded_features\fullsign225_manual5_team_features,C:\BSIT 3RD YEAR\New VovGest\external_datasets\team_incoming_recorded_features\CED\batch_01_manual16\recorded_features\fullsign225_manual5_team_features\NO\manual_fullsign225_20260519_155055_seq0005.npy,,skipped_unknown_label,,
CED,BATCH01_MANUAL16,,C:\BSIT 3RD YEAR\New VovGest\external_datasets\team_incoming_recorded_features\CED\batch_01_manual16\recorded_features\fullsign225_manual5_team_features,C:\BSIT 3RD YEAR\New VovGest\external_datasets\team_incoming_recorded_features\CED\batch_01_manual16\recorded_features\fullsign225_manual5_team_features\NO\manual_fullsign225_20260519_155055_seq0006.npy,,skipped_unknown_label,,
CED,BATCH01_MANUAL16,,C:\BSIT 3RD YEAR\New VovGest\external_datasets\team_incoming_recorded_features\CED\batch_01_manual16\recorded_features\fullsign225_manual5_team_features,C:\BSIT 3RD YEAR\New VovGest\external_datasets\team_incoming_recorded_features\CED\batch_01_manual16\recorded_features\fullsign225_manual5_team_features\NO\manual_fullsign225_20260519_155055_seq0007.npy,,skipped_unknown_label,,
CED,BATCH01_MANUAL16,,C:\BSIT 3RD YEAR\New VovGest\external_datasets\team_incoming_recorded_features\CED\batch_01_manual16\recorded_features\fullsign225_manual5_team_features,C:\BSIT 3RD YEAR\New VovGest\external_datasets\team_incoming_recorded_features\CED\batch_01_manual16\recorded_features\fullsign225_manual5_team_features\NO\manual_fullsign225_20260519_155055_seq0008.npy,,skipped_unknown_label,,
CED,BATCH01_MANUAL16,,C:\BSIT 3RD YEAR\New VovGest\external_datasets\team_incoming_recorded_features\CED\batch_01_manual16\recorded_features\fullsign225_manual5_team_features,C:\BSIT 3RD YEAR\New VovGest\external_datasets\team_incoming_recorded_features\CED\batch_01_manual16\recorded_features\fullsign225_manual5_team_features\NO\manual_fullsign225_20260519_155055_seq0009.npy,,skipped_unknown_label,,
CED,BATCH01_MANUAL16,,C:\BSIT 3RD YEAR\New VovGest\external_datasets\team_incoming_recorded_features\CED\batch_01_manual16\recorded_features\fullsign225_manual5_team_features,C:\BSIT 3RD YEAR\New VovGest\external_datasets\team_incoming_recorded_features\CED\batch_01_manual16\recorded_features\fullsign225_manual5_team_features\NO\manual_fullsign225_20260519_155055_seq0010.npy,,skipped_unknown_label,,
CED,BATCH01_MANUAL16,,C:\BSIT 3RD YEAR\New VovGest\external_datasets\team_incoming_recorded_features\CED\batch_01_manual16\recorded_features\fullsign225_manual5_team_features,C:\BSIT 3RD YEAR\New VovGest\external_datasets\team_incoming_recorded_features\CED\batch_01_manual16\recorded_features\fullsign225_manual5_team_features\NO\manual_fullsign225_20260519_155055_seq0011.npy,,skipped_unknown_label,,
CED,BATCH01_MANUAL16,,C:\BSIT 3RD YEAR\New VovGest\external_datasets\team_incoming_recorded_features\CED\batch_01_manual16\recorded_features\fullsign225_manual5_team_features,C:\BSIT 3RD YEAR\New VovGest\external_datasets\team_incoming_recorded_features\CED\batch_01_manual16\recorded_features\fullsign225_manual5_team_features\NO\manual_fullsign225_20260519_155055_seq0012.npy,,skipped_unknown_label,,
CED,BATCH01_MANUAL16,,C:\BSIT 3RD YEAR\New VovGest\external_datasets\team_incoming_recorded_features\CED\batch_01_manual16\recorded_features\fullsign225_manual5_team_features,C:\BSIT 3RD YEAR\New VovGest\external_datasets\team_incoming_recorded_features\CED\batch_01_manual16\recorded_features\fullsign225_manual5_team_features\NO\manual_fullsign225_20260519_155055_seq0013.npy,,skipped_unknown_label,,
CED,BATCH01_MANUAL16,,C:\BSIT 3RD YEAR\New VovGest\external_datasets\team_incoming_recorded_features\CED\batch_01_manual16\recorded_features\fullsign225_manual5_team_features,C:\BSIT 3RD YEAR\New VovGest\external_datasets\team_incoming_recorded_features\CED\batch_01_manual16\recorded_features\fullsign225_manual5_team_features\NO\manual_fullsign225_20260519_155055_seq0014.npy,,skipped_unknown_label,,
CED,BATCH01_MANUAL16,,C:\BSIT 3RD YEAR\New VovGest\external_datasets\team_incoming_recorded_features\CED\batch_01_manual16\recorded_features\fullsign225_manual5_team_features,C:\BSIT 3RD YEAR\New VovGest\external_datasets\team_incoming_recorded_features\CED\batch_01_manual16\recorded_features\fullsign225_manual5_team_features\NO\manual_fullsign225_20260519_155055_seq0015.npy,,skipped_unknown_label,,
CED,BATCH01_MANUAL16,,C:\BSIT 3RD YEAR\New VovGest\external_datasets\team_incoming_recorded_features\CED\batch_01_manual16\recorded_features\fullsign225_manual5_team_features,C:\BSIT 3RD YEAR\New VovGest\external_datasets\team_incoming_recorded_features\CED\batch_01_manual16\recorded_features\fullsign225_manual5_team_features\NO\manual_fullsign225_20260519_155055_seq0016.npy,,skipped_unknown_label,,
CED,BATCH01_MANUAL16,,C:\BSIT 3RD YEAR\New VovGest\external_datasets\team_incoming_recorded_features\CED\batch_01_manual16\recorded_features\fullsign225_manual5_team_features,C:\BSIT 3RD YEAR\New VovGest\external_datasets\team_incoming_recorded_features\CED\batch_01_manual16\recorded_features\fullsign225_manual5_team_features\NO\manual_fullsign225_20260519_155055_seq0017.npy,,skipped_unknown_label,,
CED,BATCH01_MANUAL16,,C:\BSIT 3RD YEAR\New VovGest\external_datasets\team_incoming_recorded_features\CED\batch_01_manual16\recorded_features\fullsign225_manual5_team_features,C:\BSIT 3RD YEAR\New VovGest\external_datasets\team_incoming_recorded_features\CED\batch_01_manual16\recorded_features\fullsign225_manual5_team_features\NO\manual_fullsign225_20260519_155055_seq0018.npy,,skipped_unknown_label,,
CED,BATCH01_MANUAL16,,C:\BSIT 3RD YEAR\New VovGest\external_datasets\team_incoming_recorded_features\CED\batch_01_manual16\recorded_features\fullsign225_manual5_team_features,C:\BSIT 3RD YEAR\New VovGest\external_datasets\team_incoming_recorded_features\CED\batch_01_manual16\recorded_features\fullsign225_manual5_team_features\NO\manual_fullsign225_20260519_155055_seq0019.npy,,skipped_unknown_label,,
CED,BATCH01_MANUAL16,,C:\BSIT 3RD YEAR\New VovGest\external_datasets\team_incoming_recorded_features\CED\batch_01_manual16\recorded_features\fullsign225_manual5_team_features,C:\BSIT 3RD YEAR\New VovGest\external_datasets\team_incoming_recorded_features\CED\batch_01_manual16\recorded_features\fullsign225_manual5_team_features\NO\manual_fullsign225_20260519_155055_seq0020.npy,,skipped_unknown_label,,
CED,BATCH01_MANUAL16,,C:\BSIT 3RD YEAR\New VovGest\external_datasets\team_incoming_recorded_features\CED\batch_01_manual16\recorded_features\fullsign225_manual5_team_features,C:\BSIT 3RD YEAR\New VovGest\external_datasets\team_incoming_recorded_features\CED\batch_01_manual16\recorded_features\fullsign225_manual5_team_features\NO\manual_fullsign225_20260519_155055_seq0021.npy,,skipped_unknown_label,,
CED,BATCH01_MANUAL16,,C:\BSIT 3RD YEAR\New VovGest\external_datasets\team_incoming_recorded_features\CED\batch_01_manual16\recorded_features\fullsign225_manual5_team_features,C:\BSIT 3RD YEAR\New VovGest\external_datasets\team_incoming_recorded_features\CED\batch_01_manual16\recorded_features\fullsign225_manual5_team_features\NO\manual_fullsign225_20260519_155055_seq0022.npy,,skipped_unknown_label,,
CED,BATCH01_MANUAL16,,C:\BSIT 3RD YEAR\New VovGest\external_datasets\team_incoming_recorded_features\CED\batch_01_manual16\recorded_features\fullsign225_manual5_team_features,C:\BSIT 3RD YEAR\New VovGest\external_datasets\team_incoming_recorded_features\CED\batch_01_manual16\recorded_features\fullsign225_manual5_team_features\NO\manual_fullsign225_20260519_155055_seq0023.npy,,skipped_unknown_label,,
CED,BATCH01_MANUAL16,,C:\BSIT 3RD YEAR\New VovGest\external_datasets\team_incoming_recorded_features\CED\batch_01_manual16\recorded_features\fullsign225_manual5_team_features,C:\BSIT 3RD YEAR\New VovGest\external_datasets\team_incoming_recorded_features\CED\batch_01_manual16\recorded_features\fullsign225_manual5_team_features\NO\manual_fullsign225_20260519_155055_seq0024.npy,,skipped_unknown_label,,
CED,BATCH01_MANUAL16,,C:\BSIT 3RD YEAR\New VovGest\external_datasets\team_incoming_recorded_features\CED\batch_01_manual16\recorded_features\fullsign225_manual5_team_features,C:\BSIT 3RD YEAR\New VovGest\external_datasets\team_incoming_recorded_features\CED\batch_01_manual16\recorded_features\fullsign225_manual5_team_features\NO\manual_fullsign225_20260519_155055_seq0025.npy,,skipped_unknown_label,,
CED,BATCH01_MANUAL16,,C:\BSIT 3RD YEAR\New VovGest\external_datasets\team_incoming_recorded_features\CED\batch_01_manual16\recorded_features\fullsign225_manual5_team_features,C:\BSIT 3RD YEAR\New VovGest\external_datasets\team_incoming_recorded_features\CED\batch_01_manual16\recorded_features\fullsign225_manual5_team_features\NO\manual_fullsign225_20260519_155055_seq0026.npy,,skipped_unknown_label,,
CED,BATCH01_MANUAL16,,C:\BSIT 3RD YEAR\New VovGest\external_datasets\team_incoming_recorded_features\CED\batch_01_manual16\recorded_features\fullsign225_manual5_team_features,C:\BSIT 3RD YEAR\New VovGest\external_datasets\team_incoming_recorded_features\CED\batch_01_manual16\recorded_features\fullsign225_manual5_team_features\NO\manual_fullsign225_20260519_155055_seq0027.npy,,skipped_unknown_label,,
CED,BATCH01_MANUAL16,,C:\BSIT 3RD YEAR\New VovGest\external_datasets\team_incoming_recorded_features\CED\batch_01_manual16\recorded_features\fullsign225_manual5_team_features,C:\BSIT 3RD YEAR\New VovGest\external_datasets\team_incoming_recorded_features\CED\batch_01_manual16\recorded_features\fullsign225_manual5_team_features\NO\manual_fullsign225_20260519_155055_seq0028.npy,,skipped_unknown_label,,
CED,BATCH01_MANUAL16,,C:\BSIT 3RD YEAR\New VovGest\external_datasets\team_incoming_recorded_features\CED\batch_01_manual16\recorded_features\fullsign225_manual5_team_features,C:\BSIT 3RD YEAR\New VovGest\external_datasets\team_incoming_recorded_features\CED\batch_01_manual16\recorded_features\fullsign225_manual5_team_features\NO\manual_fullsign225_20260519_155055_seq0029.npy,,skipped_unknown_label,,
CED,BATCH01_MANUAL16,,C:\BSIT 3RD YEAR\New VovGest\external_datasets\team_incoming_recorded_features\CED\batch_01_manual16\recorded_features\fullsign225_manual5_team_features,C:\BSIT 3RD YEAR\New VovGest\external_datasets\team_incoming_recorded_features\CED\batch_01_manual16\recorded_features\fullsign225_manual5_team_features\NO\manual_fullsign225_20260519_155055_seq0030.npy,,skipped_unknown_label,,
CED,BATCH01_MANUAL16,NOTHING,C:\BSIT 3RD YEAR\New VovGest\external_datasets\team_incoming_recorded_features\CED\batch_01_manual16\recorded_features\fullsign225_manual5_team_features,C:\BSIT 3RD YEAR\New VovGest\external_datasets\team_incoming_recorded_features\CED\batch_01_manual16\recorded_features\fullsign225_manual5_team_features\NOTHING\manual_fullsign225_20260519_170715_seq0001.npy,C:\BSIT 3RD YEAR\New VovGest\external_datasets\fullsign225_manual5_team_features_v2\NOTHING\CED_BATCH01_MANUAL16_NOTHING_051_3F57F913.npy,copied,"(30, 225)",
CED,BATCH01_MANUAL16,NOTHING,C:\BSIT 3RD YEAR\New VovGest\external_datasets\team_incoming_recorded_features\CED\batch_01_manual16\recorded_features\fullsign225_manual5_team_features,C:\BSIT 3RD YEAR\New VovGest\external_datasets\team_incoming_recorded_features\CED\batch_01_manual16\recorded_features\fullsign225_manual5_team_features\NOTHING\manual_fullsign225_20260519_170715_seq0002.npy,C:\BSIT 3RD YEAR\New VovGest\external_datasets\fullsign225_manual5_team_features_v2\NOTHING\CED_BATCH01_MANUAL16_NOTHING_052_A7B609CE.npy,copied,"(30, 225)",
CED,BATCH01_MANUAL16,NOTHING,C:\BSIT 3RD YEAR\New VovGest\external_datasets\team_incoming_recorded_features\CED\batch_01_manual16\recorded_features\fullsign225_manual5_team_features,C:\BSIT 3RD YEAR\New VovGest\external_datasets\team_incoming_recorded_features\CED\batch_01_manual16\recorded_features\fullsign225_manual5_team_features\NOTHING\manual_fullsign225_20260519_170715_seq0003.npy,C:\BSIT 3RD YEAR\New VovGest\external_datasets\fullsign225_manual5_team_features_v2\NOTHING\CED_BATCH01_MANUAL16_NOTHING_053_2B2E4219.npy,copied,"(30, 225)",
CED,BATCH01_MANUAL16,NOTHING,C:\BSIT 3RD YEAR\New VovGest\external_datasets\team_incoming_recorded_features\CED\batch_01_manual16\recorded_features\fullsign225_manual5_team_features,C:\BSIT 3RD YEAR\New VovGest\external_datasets\team_incoming_recorded_features\CED\batch_01_manual16\recorded_features\fullsign225_manual5_team_features\NOTHING\manual_fullsign225_20260519_170715_seq0004.npy,C:\BSIT 3RD YEAR\New VovGest\external_datasets\fullsign225_manual5_team_features_v2\NOTHING\CED_BATCH01_MANUAL16_NOTHING_054_7D856FD9.npy,copied,"(30, 225)",
CED,BATCH01_MANUAL16,NOTHING,C:\BSIT 3RD YEAR\New VovGest\external_datasets\team_incoming_recorded_features\CED\batch_01_manual16\recorded_features\fullsign225_manual5_team_features,C:\BSIT 3RD YEAR\New VovGest\external_datasets\team_incoming_recorded_features\CED\batch_01_manual16\recorded_features\fullsign225_manual5_team_features\NOTHING\manual_fullsign225_20260519_170715_seq0005.npy,C:\BSIT 3RD YEAR\New VovGest\external_datasets\fullsign225_manual5_team_features_v2\NOTHING\CED_BATCH01_MANUAL16_NOTHING_055_68E5E930.npy,copied,"(30, 225)",
CED,BATCH01_MANUAL16,NOTHING,C:\BSIT 3RD YEAR\New VovGest\external_datasets\team_incoming_recorded_features\CED\batch_01_manual16\recorded_features\fullsign225_manual5_team_features,C:\BSIT 3RD YEAR\New VovGest\external_datasets\team_incoming_recorded_features\CED\batch_01_manual16\recorded_features\fullsign225_manual5_team_features\NOTHING\manual_fullsign225_20260519_170715_seq0006.npy,C:\BSIT 3RD YEAR\New VovGest\external_datasets\fullsign225_manual5_team_features_v2\NOTHING\CED_BATCH01_MANUAL16_NOTHING_056_65E99FDA.npy,copied,"(30, 225)",
CED,BATCH01_MANUAL16,NOTHING,C:\BSIT 3RD YEAR\New VovGest\external_datasets\team_incoming_recorded_features\CED\batch_01_manual16\recorded_features\fullsign225_manual5_team_features,C:\BSIT 3RD YEAR\New VovGest\external_datasets\team_incoming_recorded_features\CED\batch_01_manual16\recorded_features\fullsign225_manual5_team_features\NOTHING\manual_fullsign225_20260519_170715_seq0007.npy,C:\BSIT 3RD YEAR\New VovGest\external_datasets\fullsign225_manual5_team_features_v2\NOTHING\CED_BATCH01_MANUAL16_NOTHING_057_335835C2.npy,copied,"(30, 225)",
CED,BATCH01_MANUAL16,NOTHING,C:\BSIT 3RD YEAR\New VovGest\external_datasets\team_incoming_recorded_features\CED\batch_01_manual16\recorded_features\fullsign225_manual5_team_features,C:\BSIT 3RD YEAR\New VovGest\external_datasets\team_incoming_recorded_features\CED\batch_01_manual16\recorded_features\fullsign225_manual5_team_features\NOTHING\manual_fullsign225_20260519_170715_seq0008.npy,C:\BSIT 3RD YEAR\New VovGest\external_datasets\fullsign225_manual5_team_features_v2\NOTHING\CED_BATCH01_MANUAL16_NOTHING_058_DD0F3BEE.npy,copied,"(30, 225)",
CED,BATCH01_MANUAL16,NOTHING,C:\BSIT 3RD YEAR\New VovGest\external_datasets\team_incoming_recorded_features\CED\batch_01_manual16\recorded_features\fullsign225_manual5_team_features,C:\BSIT 3RD YEAR\New VovGest\external_datasets\team_incoming_recorded_features\CED\batch_01_manual16\recorded_features\fullsign225_manual5_team_features\NOTHING\manual_fullsign225_20260519_170715_seq0009.npy,C:\BSIT 3RD YEAR\New VovGest\external_datasets\fullsign225_manual5_team_features_v2\NOTHING\CED_BATCH01_MANUAL16_NOTHING_059_D2F051D2.npy,copied,"(30, 225)",
CED,BATCH01_MANUAL16,NOTHING,C:\BSIT 3RD YEAR\New VovGest\external_datasets\team_incoming_recorded_features\CED\batch_01_manual16\recorded_features\fullsign225_manual5_team_features,C:\BSIT 3RD YEAR\New VovGest\external_datasets\team_incoming_recorded_features\CED\batch_01_manual16\recorded_features\fullsign225_manual5_team_features\NOTHING\manual_fullsign225_20260519_170715_seq0010.npy,C:\BSIT 3RD YEAR\New VovGest\external_datasets\fullsign225_manual5_team_features_v2\NOTHING\CED_BATCH01_MANUAL16_NOTHING_060_BC0523E4.npy,copied,"(30, 225)",
CED,BATCH01_MANUAL16,NOTHING,C:\BSIT 3RD YEAR\New VovGest\external_datasets\team_incoming_recorded_features\CED\batch_01_manual16\recorded_features\fullsign225_manual5_team_features,C:\BSIT 3RD YEAR\New VovGest\external_datasets\team_incoming_recorded_features\CED\batch_01_manual16\recorded_features\fullsign225_manual5_team_features\NOTHING\manual_fullsign225_20260519_170715_seq0011.npy,C:\BSIT 3RD YEAR\New VovGest\external_datasets\fullsign225_manual5_team_features_v2\NOTHING\CED_BATCH01_MANUAL16_NOTHING_061_15B6C820.npy,copied,"(30, 225)",
CED,BATCH01_MANUAL16,NOTHING,C:\BSIT 3RD YEAR\New VovGest\external_datasets\team_incoming_recorded_features\CED\batch_01_manual16\recorded_features\fullsign225_manual5_team_features,C:\BSIT 3RD YEAR\New VovGest\external_datasets\team_incoming_recorded_features\CED\batch_01_manual16\recorded_features\fullsign225_manual5_team_features\NOTHING\manual_fullsign225_20260519_170715_seq0012.npy,C:\BSIT 3RD YEAR\New VovGest\external_datasets\fullsign225_manual5_team_features_v2\NOTHING\CED_BATCH01_MANUAL16_NOTHING_062_1F340CC3.npy,copied,"(30, 225)",
CED,BATCH01_MANUAL16,NOTHING,C:\BSIT 3RD YEAR\New VovGest\external_datasets\team_incoming_recorded_features\CED\batch_01_manual16\recorded_features\fullsign225_manual5_team_features,C:\BSIT 3RD YEAR\New VovGest\external_datasets\team_incoming_recorded_features\CED\batch_01_manual16\recorded_features\fullsign225_manual5_team_features\NOTHING\manual_fullsign225_20260519_170715_seq0013.npy,C:\BSIT 3RD YEAR\New VovGest\external_datasets\fullsign225_manual5_team_features_v2\NOTHING\CED_BATCH01_MANUAL16_NOTHING_063_A05AB214.npy,copied,"(30, 225)",
CED,BATCH01_MANUAL16,NOTHING,C:\BSIT 3RD YEAR\New VovGest\external_datasets\team_incoming_recorded_features\CED\batch_01_manual16\recorded_features\fullsign225_manual5_team_features,C:\BSIT 3RD YEAR\New VovGest\external_datasets\team_incoming_recorded_features\CED\batch_01_manual16\recorded_features\fullsign225_manual5_team_features\NOTHING\manual_fullsign225_20260519_170715_seq0014.npy,C:\BSIT 3RD YEAR\New VovGest\external_datasets\fullsign225_manual5_team_features_v2\NOTHING\CED_BATCH01_MANUAL16_NOTHING_064_5AA06C0B.npy,copied,"(30, 225)",
CED,BATCH01_MANUAL16,NOTHING,C:\BSIT 3RD YEAR\New VovGest\external_datasets\team_incoming_recorded_features\CED\batch_01_manual16\recorded_features\fullsign225_manual5_team_features,C:\BSIT 3RD YEAR\New VovGest\external_datasets\team_incoming_recorded_features\CED\batch_01_manual16\recorded_features\fullsign225_manual5_team_features\NOTHING\manual_fullsign225_20260519_170715_seq0015.npy,C:\BSIT 3RD YEAR\New VovGest\external_datasets\fullsign225_manual5_team_features_v2\NOTHING\CED_BATCH01_MANUAL16_NOTHING_065_C3D3E0E1.npy,copied,"(30, 225)",
CED,BATCH01_MANUAL16,NOTHING,C:\BSIT 3RD YEAR\New VovGest\external_datasets\team_incoming_recorded_features\CED\batch_01_manual16\recorded_features\fullsign225_manual5_team_features,C:\BSIT 3RD YEAR\New VovGest\external_datasets\team_incoming_recorded_features\CED\batch_01_manual16\recorded_features\fullsign225_manual5_team_features\NOTHING\manual_fullsign225_20260519_170715_seq0016.npy,C:\BSIT 3RD YEAR\New VovGest\external_datasets\fullsign225_manual5_team_features_v2\NOTHING\CED_BATCH01_MANUAL16_NOTHING_066_0D27636F.npy,copied,"(30, 225)",
CED,BATCH01_MANUAL16,NOTHING,C:\BSIT 3RD YEAR\New VovGest\external_datasets\team_incoming_recorded_features\CED\batch_01_manual16\recorded_features\fullsign225_manual5_team_features,C:\BSIT 3RD YEAR\New VovGest\external_datasets\team_incoming_recorded_features\CED\batch_01_manual16\recorded_features\fullsign225_manual5_team_features\NOTHING\manual_fullsign225_20260519_170715_seq0017.npy,C:\BSIT 3RD YEAR\New VovGest\external_datasets\fullsign225_manual5_team_features_v2\NOTHING\CED_BATCH01_MANUAL16_NOTHING_067_F3EC8058.npy,copied,"(30, 225)",
CED,BATCH01_MANUAL16,NOTHING,C:\BSIT 3RD YEAR\New VovGest\external_datasets\team_incoming_recorded_features\CED\batch_01_manual16\recorded_features\fullsign225_manual5_team_features,C:\BSIT 3RD YEAR\New VovGest\external_datasets\team_incoming_recorded_features\CED\batch_01_manual16\recorded_features\fullsign225_manual5_team_features\NOTHING\manual_fullsign225_20260519_170715_seq0018.npy,C:\BSIT 3RD YEAR\New VovGest\external_datasets\fullsign225_manual5_team_features_v2\NOTHING\CED_BATCH01_MANUAL16_NOTHING_068_FD317661.npy,copied,"(30, 225)",
CED,BATCH01_MANUAL16,NOTHING,C:\BSIT 3RD YEAR\New VovGest\external_datasets\team_incoming_recorded_features\CED\batch_01_manual16\recorded_features\fullsign225_manual5_team_features,C:\BSIT 3RD YEAR\New VovGest\external_datasets\team_incoming_recorded_features\CED\batch_01_manual16\recorded_features\fullsign225_manual5_team_features\NOTHING\manual_fullsign225_20260519_170715_seq0019.npy,C:\BSIT 3RD YEAR\New VovGest\external_datasets\fullsign225_manual5_team_features_v2\NOTHING\CED_BATCH01_MANUAL16_NOTHING_069_33A7A210.npy,copied,"(30, 225)",
CED,BATCH01_MANUAL16,NOTHING,C:\BSIT 3RD YEAR\New VovGest\external_datasets\team_incoming_recorded_features\CED\batch_01_manual16\recorded_features\fullsign225_manual5_team_features,C:\BSIT 3RD YEAR\New VovGest\external_datasets\team_incoming_recorded_features\CED\batch_01_manual16\recorded_features\fullsign225_manual5_team_features\NOTHING\manual_fullsign225_20260519_170715_seq0020.npy,C:\BSIT 3RD YEAR\New VovGest\external_datasets\fullsign225_manual5_team_features_v2\NOTHING\CED_BATCH01_MANUAL16_NOTHING_070_5F4BFCD0.npy,copied,"(30, 225)",
CED,BATCH01_MANUAL16,NOTHING,C:\BSIT 3RD YEAR\New VovGest\external_datasets\team_incoming_recorded_features\CED\batch_01_manual16\recorded_features\fullsign225_manual5_team_features,C:\BSIT 3RD YEAR\New VovGest\external_datasets\team_incoming_recorded_features\CED\batch_01_manual16\recorded_features\fullsign225_manual5_team_features\NOTHING\manual_fullsign225_20260519_170715_seq0021.npy,C:\BSIT 3RD YEAR\New VovGest\external_datasets\fullsign225_manual5_team_features_v2\NOTHING\CED_BATCH01_MANUAL16_NOTHING_071_06BC27BF.npy,copied,"(30, 225)",
CED,BATCH01_MANUAL16,NOTHING,C:\BSIT 3RD YEAR\New VovGest\external_datasets\team_incoming_recorded_features\CED\batch_01_manual16\recorded_features\fullsign225_manual5_team_features,C:\BSIT 3RD YEAR\New VovGest\external_datasets\team_incoming_recorded_features\CED\batch_01_manual16\recorded_features\fullsign225_manual5_team_features\NOTHING\manual_fullsign225_20260519_170715_seq0022.npy,C:\BSIT 3RD YEAR\New VovGest\external_datasets\fullsign225_manual5_team_features_v2\NOTHING\CED_BATCH01_MANUAL16_NOTHING_072_29BB91ED.npy,copied,"(30, 225)",
CED,BATCH01_MANUAL16,NOTHING,C:\BSIT 3RD YEAR\New VovGest\external_datasets\team_incoming_recorded_features\CED\batch_01_manual16\recorded_features\fullsign225_manual5_team_features,C:\BSIT 3RD YEAR\New VovGest\external_datasets\team_incoming_recorded_features\CED\batch_01_manual16\recorded_features\fullsign225_manual5_team_features\NOTHING\manual_fullsign225_20260519_170715_seq0023.npy,C:\BSIT 3RD YEAR\New VovGest\external_datasets\fullsign225_manual5_team_features_v2\NOTHING\CED_BATCH01_MANUAL16_NOTHING_073_B873F168.npy,copied,"(30, 225)",
CED,BATCH01_MANUAL16,NOTHING,C:\BSIT 3RD YEAR\New VovGest\external_datasets\team_incoming_recorded_features\CED\batch_01_manual16\recorded_features\fullsign225_manual5_team_features,C:\BSIT 3RD YEAR\New VovGest\external_datasets\team_incoming_recorded_features\CED\batch_01_manual16\recorded_features\fullsign225_manual5_team_features\NOTHING\manual_fullsign225_20260519_170715_seq0024.npy,C:\BSIT 3RD YEAR\New VovGest\external_datasets\fullsign225_manual5_team_features_v2\NOTHING\CED_BATCH01_MANUAL16_NOTHING_074_C069709C.npy,copied,"(30, 225)",
CED,BATCH01_MANUAL16,NOTHING,C:\BSIT 3RD YEAR\New VovGest\external_datasets\team_incoming_recorded_features\CED\batch_01_manual16\recorded_features\fullsign225_manual5_team_features,C:\BSIT 3RD YEAR\New VovGest\external_datasets\team_incoming_recorded_features\CED\batch_01_manual16\recorded_features\fullsign225_manual5_team_features\NOTHING\manual_fullsign225_20260519_170715_seq0025.npy,C:\BSIT 3RD YEAR\New VovGest\external_datasets\fullsign225_manual5_team_features_v2\NOTHING\CED_BATCH01_MANUAL16_NOTHING_075_2AE16A22.npy,copied,"(30, 225)",
CED,BATCH01_MANUAL16,NOTHING,C:\BSIT 3RD YEAR\New VovGest\external_datasets\team_incoming_recorded_features\CED\batch_01_manual16\recorded_features\fullsign225_manual5_team_features,C:\BSIT 3RD YEAR\New VovGest\external_datasets\team_incoming_recorded_features\CED\batch_01_manual16\recorded_features\fullsign225_manual5_team_features\NOTHING\manual_fullsign225_20260519_170715_seq0026.npy,C:\BSIT 3RD YEAR\New VovGest\external_datasets\fullsign225_manual5_team_features_v2\NOTHING\CED_BATCH01_MANUAL16_NOTHING_076_648B98CA.npy,copied,"(30, 225)",
CED,BATCH01_MANUAL16,NOTHING,C:\BSIT 3RD YEAR\New VovGest\external_datasets\team_incoming_recorded_features\CED\batch_01_manual16\recorded_features\fullsign225_manual5_team_features,C:\BSIT 3RD YEAR\New VovGest\external_datasets\team_incoming_recorded_features\CED\batch_01_manual16\recorded_features\fullsign225_manual5_team_features\NOTHING\manual_fullsign225_20260519_170715_seq0027.npy,C:\BSIT 3RD YEAR\New VovGest\external_datasets\fullsign225_manual5_team_features_v2\NOTHING\CED_BATCH01_MANUAL16_NOTHING_077_B1786BF9.npy,copied,"(30, 225)",
CED,BATCH01_MANUAL16,NOTHING,C:\BSIT 3RD YEAR\New VovGest\external_datasets\team_incoming_recorded_features\CED\batch_01_manual16\recorded_features\fullsign225_manual5_team_features,C:\BSIT 3RD YEAR\New VovGest\external_datasets\team_incoming_recorded_features\CED\batch_01_manual16\recorded_features\fullsign225_manual5_team_features\NOTHING\manual_fullsign225_20260519_170715_seq0028.npy,C:\BSIT 3RD YEAR\New VovGest\external_datasets\fullsign225_manual5_team_features_v2\NOTHING\CED_BATCH01_MANUAL16_NOTHING_078_251AC9A2.npy,copied,"(30, 225)",
CED,BATCH01_MANUAL16,NOTHING,C:\BSIT 3RD YEAR\New VovGest\external_datasets\team_incoming_recorded_features\CED\batch_01_manual16\recorded_features\fullsign225_manual5_team_features,C:\BSIT 3RD YEAR\New VovGest\external_datasets\team_incoming_recorded_features\CED\batch_01_manual16\recorded_features\fullsign225_manual5_team_features\NOTHING\manual_fullsign225_20260519_170715_seq0029.npy,C:\BSIT 3RD YEAR\New VovGest\external_datasets\fullsign225_manual5_team_features_v2\NOTHING\CED_BATCH01_MANUAL16_NOTHING_079_B8C6AEBB.npy,copied,"(30, 225)",
CED,BATCH01_MANUAL16,NOTHING,C:\BSIT 3RD YEAR\New VovGest\external_datasets\team_incoming_recorded_features\CED\batch_01_manual16\recorded_features\fullsign225_manual5_team_features,C:\BSIT 3RD YEAR\New VovGest\external_datasets\team_incoming_recorded_features\CED\batch_01_manual16\recorded_features\fullsign225_manual5_team_features\NOTHING\manual_fullsign225_20260519_170715_seq0030.npy,C:\BSIT 3RD YEAR\New VovGest\external_datasets\fullsign225_manual5_team_features_v2\NOTHING\CED_BATCH01_MANUAL16_NOTHING_080_AF713FC4.npy,copied,"(30, 225)",
CED,BATCH01_MANUAL16,NOTHING,C:\BSIT 3RD YEAR\New VovGest\external_datasets\team_incoming_recorded_features\CED\batch_01_manual16\recorded_features\fullsign225_manual5_team_features,C:\BSIT 3RD YEAR\New VovGest\external_datasets\team_incoming_recorded_features\CED\batch_01_manual16\recorded_features\fullsign225_manual5_team_features\NOTHING\manual_fullsign225_20260519_170715_seq0031.npy,C:\BSIT 3RD YEAR\New VovGest\external_datasets\fullsign225_manual5_team_features_v2\NOTHING\CED_BATCH01_MANUAL16_NOTHING_081_43FF9002.npy,copied,"(30, 225)",
CED,BATCH01_MANUAL16,NOTHING,C:\BSIT 3RD YEAR\New VovGest\external_datasets\team_incoming_recorded_features\CED\batch_01_manual16\recorded_features\fullsign225_manual5_team_features,C:\BSIT 3RD YEAR\New VovGest\external_datasets\team_incoming_recorded_features\CED\batch_01_manual16\recorded_features\fullsign225_manual5_team_features\NOTHING\manual_fullsign225_20260519_170715_seq0032.npy,C:\BSIT 3RD YEAR\New VovGest\external_datasets\fullsign225_manual5_team_features_v2\NOTHING\CED_BATCH01_MANUAL16_NOTHING_082_7A1FDC47.npy,copied,"(30, 225)",
CED,BATCH01_MANUAL16,NOTHING,C:\BSIT 3RD YEAR\New VovGest\external_datasets\team_incoming_recorded_features\CED\batch_01_manual16\recorded_features\fullsign225_manual5_team_features,C:\BSIT 3RD YEAR\New VovGest\external_datasets\team_incoming_recorded_features\CED\batch_01_manual16\recorded_features\fullsign225_manual5_team_features\NOTHING\manual_fullsign225_20260519_170715_seq0033.npy,C:\BSIT 3RD YEAR\New VovGest\external_datasets\fullsign225_manual5_team_features_v2\NOTHING\CED_BATCH01_MANUAL16_NOTHING_083_F509E7AD.npy,copied,"(30, 225)",
CED,BATCH01_MANUAL16,NOTHING,C:\BSIT 3RD YEAR\New VovGest\external_datasets\team_incoming_recorded_features\CED\batch_01_manual16\recorded_features\fullsign225_manual5_team_features,C:\BSIT 3RD YEAR\New VovGest\external_datasets\team_incoming_recorded_features\CED\batch_01_manual16\recorded_features\fullsign225_manual5_team_features\NOTHING\manual_fullsign225_20260519_170715_seq0034.npy,C:\BSIT 3RD YEAR\New VovGest\external_datasets\fullsign225_manual5_team_features_v2\NOTHING\CED_BATCH01_MANUAL16_NOTHING_084_C1EC356A.npy,copied,"(30, 225)",
CED,BATCH01_MANUAL16,NOTHING,C:\BSIT 3RD YEAR\New VovGest\external_datasets\team_incoming_recorded_features\CED\batch_01_manual16\recorded_features\fullsign225_manual5_team_features,C:\BSIT 3RD YEAR\New VovGest\external_datasets\team_incoming_recorded_features\CED\batch_01_manual16\recorded_features\fullsign225_manual5_team_features\NOTHING\manual_fullsign225_20260519_170715_seq0035.npy,C:\BSIT 3RD YEAR\New VovGest\external_datasets\fullsign225_manual5_team_features_v2\NOTHING\CED_BATCH01_MANUAL16_NOTHING_085_ECA0D7F5.npy,copied,"(30, 225)",
CED,BATCH01_MANUAL16,NOTHING,C:\BSIT 3RD YEAR\New VovGest\external_datasets\team_incoming_recorded_features\CED\batch_01_manual16\recorded_features\fullsign225_manual5_team_features,C:\BSIT 3RD YEAR\New VovGest\external_datasets\team_incoming_recorded_features\CED\batch_01_manual16\recorded_features\fullsign225_manual5_team_features\NOTHING\manual_fullsign225_20260519_170715_seq0036.npy,C:\BSIT 3RD YEAR\New VovGest\external_datasets\fullsign225_manual5_team_features_v2\NOTHING\CED_BATCH01_MANUAL16_NOTHING_086_98188D23.npy,copied,"(30, 225)",
CED,BATCH01_MANUAL16,NOTHING,C:\BSIT 3RD YEAR\New VovGest\external_datasets\team_incoming_recorded_features\CED\batch_01_manual16\recorded_features\fullsign225_manual5_team_features,C:\BSIT 3RD YEAR\New VovGest\external_datasets\team_incoming_recorded_features\CED\batch_01_manual16\recorded_features\fullsign225_manual5_team_features\NOTHING\manual_fullsign225_20260519_170715_seq0037.npy,C:\BSIT 3RD YEAR\New VovGest\external_datasets\fullsign225_manual5_team_features_v2\NOTHING\CED_BATCH01_MANUAL16_NOTHING_087_B35BAD32.npy,copied,"(30, 225)",
CED,BATCH01_MANUAL16,NOTHING,C:\BSIT 3RD YEAR\New VovGest\external_datasets\team_incoming_recorded_features\CED\batch_01_manual16\recorded_features\fullsign225_manual5_team_features,C:\BSIT 3RD YEAR\New VovGest\external_datasets\team_incoming_recorded_features\CED\batch_01_manual16\recorded_features\fullsign225_manual5_team_features\NOTHING\manual_fullsign225_20260519_170715_seq0038.npy,C:\BSIT 3RD YEAR\New VovGest\external_datasets\fullsign225_manual5_team_features_v2\NOTHING\CED_BATCH01_MANUAL16_NOTHING_088_68169100.npy,copied,"(30, 225)",
CED,BATCH01_MANUAL16,NOTHING,C:\BSIT 3RD YEAR\New VovGest\external_datasets\team_incoming_recorded_features\CED\batch_01_manual16\recorded_features\fullsign225_manual5_team_features,C:\BSIT 3RD YEAR\New VovGest\external_datasets\team_incoming_recorded_features\CED\batch_01_manual16\recorded_features\fullsign225_manual5_team_features\NOTHING\manual_fullsign225_20260519_170715_seq0039.npy,C:\BSIT 3RD YEAR\New VovGest\external_datasets\fullsign225_manual5_team_features_v2\NOTHING\CED_BATCH01_MANUAL16_NOTHING_089_4681BB83.npy,copied,"(30, 225)",
CED,BATCH01_MANUAL16,NOTHING,C:\BSIT 3RD YEAR\New VovGest\external_datasets\team_incoming_recorded_features\CED\batch_01_manual16\recorded_features\fullsign225_manual5_team_features,C:\BSIT 3RD YEAR\New VovGest\external_datasets\team_incoming_recorded_features\CED\batch_01_manual16\recorded_features\fullsign225_manual5_team_features\NOTHING\manual_fullsign225_20260519_170715_seq0040.npy,C:\BSIT 3RD YEAR\New VovGest\external_datasets\fullsign225_manual5_team_features_v2\NOTHING\CED_BATCH01_MANUAL16_NOTHING_090_9736F3C7.npy,copied,"(30, 225)",
CED,BATCH01_MANUAL16,NOTHING,C:\BSIT 3RD YEAR\New VovGest\external_datasets\team_incoming_recorded_features\CED\batch_01_manual16\recorded_features\fullsign225_manual5_team_features,C:\BSIT 3RD YEAR\New VovGest\external_datasets\team_incoming_recorded_features\CED\batch_01_manual16\recorded_features\fullsign225_manual5_team_features\NOTHING\manual_fullsign225_20260519_170715_seq0041.npy,C:\BSIT 3RD YEAR\New VovGest\external_datasets\fullsign225_manual5_team_features_v2\NOTHING\CED_BATCH01_MANUAL16_NOTHING_091_FE1FBF55.npy,copied,"(30, 225)",
CED,BATCH01_MANUAL16,NOTHING,C:\BSIT 3RD YEAR\New VovGest\external_datasets\team_incoming_recorded_features\CED\batch_01_manual16\recorded_features\fullsign225_manual5_team_features,C:\BSIT 3RD YEAR\New VovGest\external_datasets\team_incoming_recorded_features\CED\batch_01_manual16\recorded_features\fullsign225_manual5_team_features\NOTHING\manual_fullsign225_20260519_170715_seq0042.npy,C:\BSIT 3RD YEAR\New VovGest\external_datasets\fullsign225_manual5_team_features_v2\NOTHING\CED_BATCH01_MANUAL16_NOTHING_092_CDD2227C.npy,copied,"(30, 225)",
CED,BATCH01_MANUAL16,NOTHING,C:\BSIT 3RD YEAR\New VovGest\external_datasets\team_incoming_recorded_features\CED\batch_01_manual16\recorded_features\fullsign225_manual5_team_features,C:\BSIT 3RD YEAR\New VovGest\external_datasets\team_incoming_recorded_features\CED\batch_01_manual16\recorded_features\fullsign225_manual5_team_features\NOTHING\manual_fullsign225_20260519_170715_seq0043.npy,C:\BSIT 3RD YEAR\New VovGest\external_datasets\fullsign225_manual5_team_features_v2\NOTHING\CED_BATCH01_MANUAL16_NOTHING_093_6F4CCA56.npy,copied,"(30, 225)",
CED,BATCH01_MANUAL16,NOTHING,C:\BSIT 3RD YEAR\New VovGest\external_datasets\team_incoming_recorded_features\CED\batch_01_manual16\recorded_features\fullsign225_manual5_team_features,C:\BSIT 3RD YEAR\New VovGest\external_datasets\team_incoming_recorded_features\CED\batch_01_manual16\recorded_features\fullsign225_manual5_team_features\NOTHING\manual_fullsign225_20260519_170715_seq0044.npy,C:\BSIT 3RD YEAR\New VovGest\external_datasets\fullsign225_manual5_team_features_v2\NOTHING\CED_BATCH01_MANUAL16_NOTHING_094_9E51D72B.npy,copied,"(30, 225)",
CED,BATCH01_MANUAL16,NOTHING,C:\BSIT 3RD YEAR\New VovGest\external_datasets\team_incoming_recorded_features\CED\batch_01_manual16\recorded_features\fullsign225_manual5_team_features,C:\BSIT 3RD YEAR\New VovGest\external_datasets\team_incoming_recorded_features\CED\batch_01_manual16\recorded_features\fullsign225_manual5_team_features\NOTHING\manual_fullsign225_20260519_170715_seq0045.npy,C:\BSIT 3RD YEAR\New VovGest\external_datasets\fullsign225_manual5_team_features_v2\NOTHING\CED_BATCH01_MANUAL16_NOTHING_095_2C64FE50.npy,copied,"(30, 225)",
CED,BATCH01_MANUAL16,NOTHING,C:\BSIT 3RD YEAR\New VovGest\external_datasets\team_incoming_recorded_features\CED\batch_01_manual16\recorded_features\fullsign225_manual5_team_features,C:\BSIT 3RD YEAR\New VovGest\external_datasets\team_incoming_recorded_features\CED\batch_01_manual16\recorded_features\fullsign225_manual5_team_features\NOTHING\manual_fullsign225_20260519_170715_seq0046.npy,C:\BSIT 3RD YEAR\New VovGest\external_datasets\fullsign225_manual5_team_features_v2\NOTHING\CED_BATCH01_MANUAL16_NOTHING_096_F2EE3E8B.npy,copied,"(30, 225)",
CED,BATCH01_MANUAL16,NOTHING,C:\BSIT 3RD YEAR\New VovGest\external_datasets\team_incoming_recorded_features\CED\batch_01_manual16\recorded_features\fullsign225_manual5_team_features,C:\BSIT 3RD YEAR\New VovGest\external_datasets\team_incoming_recorded_features\CED\batch_01_manual16\recorded_features\fullsign225_manual5_team_features\NOTHING\manual_fullsign225_20260519_170715_seq0047.npy,C:\BSIT 3RD YEAR\New VovGest\external_datasets\fullsign225_manual5_team_features_v2\NOTHING\CED_BATCH01_MANUAL16_NOTHING_097_CDBD6CEF.npy,copied,"(30, 225)",
CED,BATCH01_MANUAL16,NOTHING,C:\BSIT 3RD YEAR\New VovGest\external_datasets\team_incoming_recorded_features\CED\batch_01_manual16\recorded_features\fullsign225_manual5_team_features,C:\BSIT 3RD YEAR\New VovGest\external_datasets\team_incoming_recorded_features\CED\batch_01_manual16\recorded_features\fullsign225_manual5_team_features\NOTHING\manual_fullsign225_20260519_170715_seq0048.npy,C:\BSIT 3RD YEAR\New VovGest\external_datasets\fullsign225_manual5_team_features_v2\NOTHING\CED_BATCH01_MANUAL16_NOTHING_098_E425A5E6.npy,copied,"(30, 225)",
CED,BATCH01_MANUAL16,NOTHING,C:\BSIT 3RD YEAR\New VovGest\external_datasets\team_incoming_recorded_features\CED\batch_01_manual16\recorded_features\fullsign225_manual5_team_features,C:\BSIT 3RD YEAR\New VovGest\external_datasets\team_incoming_recorded_features\CED\batch_01_manual16\recorded_features\fullsign225_manual5_team_features\NOTHING\manual_fullsign225_20260519_170715_seq0049.npy,C:\BSIT 3RD YEAR\New VovGest\external_datasets\fullsign225_manual5_team_features_v2\NOTHING\CED_BATCH01_MANUAL16_NOTHING_099_12236D05.npy,copied,"(30, 225)",
CED,BATCH01_MANUAL16,NOTHING,C:\BSIT 3RD YEAR\New VovGest\external_datasets\team_incoming_recorded_features\CED\batch_01_manual16\recorded_features\fullsign225_manual5_team_features,C:\BSIT 3RD YEAR\New VovGest\external_datasets\team_incoming_recorded_features\CED\batch_01_manual16\recorded_features\fullsign225_manual5_team_features\NOTHING\manual_fullsign225_20260519_170715_seq0050.npy,C:\BSIT 3RD YEAR\New VovGest\external_datasets\fullsign225_manual5_team_features_v2\NOTHING\CED_BATCH01_MANUAL16_NOTHING_100_CBF2FEF4.npy,copied,"(30, 225)",
CED,BATCH01_MANUAL16,NOTHING,C:\BSIT 3RD YEAR\New VovGest\external_datasets\team_incoming_recorded_features\CED\batch_01_manual16\recorded_features\fullsign225_manual5_team_features,C:\BSIT 3RD YEAR\New VovGest\external_datasets\team_incoming_recorded_features\CED\batch_01_manual16\recorded_features\fullsign225_manual5_team_features\NOTHING\manual_fullsign225_20260519_170715_seq0051.npy,C:\BSIT 3RD YEAR\New VovGest\external_datasets\fullsign225_manual5_team_features_v2\NOTHING\CED_BATCH01_MANUAL16_NOTHING_101_614E088A.npy,copied,"(30, 225)",
CED,BATCH01_MANUAL16,NOTHING,C:\BSIT 3RD YEAR\New VovGest\external_datasets\team_incoming_recorded_features\CED\batch_01_manual16\recorded_features\fullsign225_manual5_team_features,C:\BSIT 3RD YEAR\New VovGest\external_datasets\team_incoming_recorded_features\CED\batch_01_manual16\recorded_features\fullsign225_manual5_team_features\NOTHING\manual_fullsign225_20260519_170715_seq0052.npy,C:\BSIT 3RD YEAR\New VovGest\external_datasets\fullsign225_manual5_team_features_v2\NOTHING\CED_BATCH01_MANUAL16_NOTHING_102_119254BA.npy,copied,"(30, 225)",
CED,BATCH01_MANUAL16,NOTHING,C:\BSIT 3RD YEAR\New VovGest\external_datasets\team_incoming_recorded_features\CED\batch_01_manual16\recorded_features\fullsign225_manual5_team_features,C:\BSIT 3RD YEAR\New VovGest\external_datasets\team_incoming_recorded_features\CED\batch_01_manual16\recorded_features\fullsign225_manual5_team_features\NOTHING\manual_fullsign225_20260519_170715_seq0053.npy,C:\BSIT 3RD YEAR\New VovGest\external_datasets\fullsign225_manual5_team_features_v2\NOTHING\CED_BATCH01_MANUAL16_NOTHING_103_4C94560F.npy,copied,"(30, 225)",
CED,BATCH01_MANUAL16,NOTHING,C:\BSIT 3RD YEAR\New VovGest\external_datasets\team_incoming_recorded_features\CED\batch_01_manual16\recorded_features\fullsign225_manual5_team_features,C:\BSIT 3RD YEAR\New VovGest\external_datasets\team_incoming_recorded_features\CED\batch_01_manual16\recorded_features\fullsign225_manual5_team_features\NOTHING\manual_fullsign225_20260519_170715_seq0054.npy,C:\BSIT 3RD YEAR\New VovGest\external_datasets\fullsign225_manual5_team_features_v2\NOTHING\CED_BATCH01_MANUAL16_NOTHING_104_343F8E0C.npy,copied,"(30, 225)",
CED,BATCH01_MANUAL16,NOTHING,C:\BSIT 3RD YEAR\New VovGest\external_datasets\team_incoming_recorded_features\CED\batch_01_manual16\recorded_features\fullsign225_manual5_team_features,C:\BSIT 3RD YEAR\New VovGest\external_datasets\team_incoming_recorded_features\CED\batch_01_manual16\recorded_features\fullsign225_manual5_team_features\NOTHING\manual_fullsign225_20260519_170715_seq0055.npy,C:\BSIT 3RD YEAR\New VovGest\external_datasets\fullsign225_manual5_team_features_v2\NOTHING\CED_BATCH01_MANUAL16_NOTHING_105_E3ACE1B6.npy,copied,"(30, 225)",
CED,BATCH01_MANUAL16,NOTHING,C:\BSIT 3RD YEAR\New VovGest\external_datasets\team_incoming_recorded_features\CED\batch_01_manual16\recorded_features\fullsign225_manual5_team_features,C:\BSIT 3RD YEAR\New VovGest\external_datasets\team_incoming_recorded_features\CED\batch_01_manual16\recorded_features\fullsign225_manual5_team_features\NOTHING\manual_fullsign225_20260519_170715_seq0056.npy,C:\BSIT 3RD YEAR\New VovGest\external_datasets\fullsign225_manual5_team_features_v2\NOTHING\CED_BATCH01_MANUAL16_NOTHING_106_E694BEFC.npy,copied,"(30, 225)",
CED,BATCH01_MANUAL16,NOTHING,C:\BSIT 3RD YEAR\New VovGest\external_datasets\team_incoming_recorded_features\CED\batch_01_manual16\recorded_features\fullsign225_manual5_team_features,C:\BSIT 3RD YEAR\New VovGest\external_datasets\team_incoming_recorded_features\CED\batch_01_manual16\recorded_features\fullsign225_manual5_team_features\NOTHING\manual_fullsign225_20260519_170715_seq0057.npy,C:\BSIT 3RD YEAR\New VovGest\external_datasets\fullsign225_manual5_team_features_v2\NOTHING\CED_BATCH01_MANUAL16_NOTHING_107_9AEF18E7.npy,copied,"(30, 225)",
CED,BATCH01_MANUAL16,NOTHING,C:\BSIT 3RD YEAR\New VovGest\external_datasets\team_incoming_recorded_features\CED\batch_01_manual16\recorded_features\fullsign225_manual5_team_features,C:\BSIT 3RD YEAR\New VovGest\external_datasets\team_incoming_recorded_features\CED\batch_01_manual16\recorded_features\fullsign225_manual5_team_features\NOTHING\manual_fullsign225_20260519_170715_seq0058.npy,C:\BSIT 3RD YEAR\New VovGest\external_datasets\fullsign225_manual5_team_features_v2\NOTHING\CED_BATCH01_MANUAL16_NOTHING_108_2FF0B137.npy,copied,"(30, 225)",
CED,BATCH01_MANUAL16,NOTHING,C:\BSIT 3RD YEAR\New VovGest\external_datasets\team_incoming_recorded_features\CED\batch_01_manual16\recorded_features\fullsign225_manual5_team_features,C:\BSIT 3RD YEAR\New VovGest\external_datasets\team_incoming_recorded_features\CED\batch_01_manual16\recorded_features\fullsign225_manual5_team_features\NOTHING\manual_fullsign225_20260519_170715_seq0059.npy,C:\BSIT 3RD YEAR\New VovGest\external_datasets\fullsign225_manual5_team_features_v2\NOTHING\CED_BATCH01_MANUAL16_NOTHING_109_0A28D017.npy,copied,"(30, 225)",
CED,BATCH01_MANUAL16,NOTHING,C:\BSIT 3RD YEAR\New VovGest\external_datasets\team_incoming_recorded_features\CED\batch_01_manual16\recorded_features\fullsign225_manual5_team_features,C:\BSIT 3RD YEAR\New VovGest\external_datasets\team_incoming_recorded_features\CED\batch_01_manual16\recorded_features\fullsign225_manual5_team_features\NOTHING\manual_fullsign225_20260519_170715_seq0060.npy,C:\BSIT 3RD YEAR\New VovGest\external_datasets\fullsign225_manual5_team_features_v2\NOTHING\CED_BATCH01_MANUAL16_NOTHING_110_65ADDC79.npy,copied,"(30, 225)",
CED,BATCH01_MANUAL16,NOTHING,C:\BSIT 3RD YEAR\New VovGest\external_datasets\team_incoming_recorded_features\CED\batch_01_manual16\recorded_features\fullsign225_manual5_team_features,C:\BSIT 3RD YEAR\New VovGest\external_datasets\team_incoming_recorded_features\CED\batch_01_manual16\recorded_features\fullsign225_manual5_team_features\NOTHING\manual_fullsign225_20260519_170715_seq0061.npy,C:\BSIT 3RD YEAR\New VovGest\external_datasets\fullsign225_manual5_team_features_v2\NOTHING\CED_BATCH01_MANUAL16_NOTHING_111_4BC0C8B3.npy,copied,"(30, 225)",
CED,BATCH01_MANUAL16,NOTHING,C:\BSIT 3RD YEAR\New VovGest\external_datasets\team_incoming_recorded_features\CED\batch_01_manual16\recorded_features\fullsign225_manual5_team_features,C:\BSIT 3RD YEAR\New VovGest\external_datasets\team_incoming_recorded_features\CED\batch_01_manual16\recorded_features\fullsign225_manual5_team_features\NOTHING\manual_fullsign225_20260519_170715_seq0062.npy,C:\BSIT 3RD YEAR\New VovGest\external_datasets\fullsign225_manual5_team_features_v2\NOTHING\CED_BATCH01_MANUAL16_NOTHING_112_4B588192.npy,copied,"(30, 225)",
CED,BATCH01_MANUAL16,NOTHING,C:\BSIT 3RD YEAR\New VovGest\external_datasets\team_incoming_recorded_features\CED\batch_01_manual16\recorded_features\fullsign225_manual5_team_features,C:\BSIT 3RD YEAR\New VovGest\external_datasets\team_incoming_recorded_features\CED\batch_01_manual16\recorded_features\fullsign225_manual5_team_features\NOTHING\manual_fullsign225_20260519_170715_seq0063.npy,C:\BSIT 3RD YEAR\New VovGest\external_datasets\fullsign225_manual5_team_features_v2\NOTHING\CED_BATCH01_MANUAL16_NOTHING_113_8133EFF2.npy,copied,"(30, 225)",
CED,BATCH01_MANUAL16,NOTHING,C:\BSIT 3RD YEAR\New VovGest\external_datasets\team_incoming_recorded_features\CED\batch_01_manual16\recorded_features\fullsign225_manual5_team_features,C:\BSIT 3RD YEAR\New VovGest\external_datasets\team_incoming_recorded_features\CED\batch_01_manual16\recorded_features\fullsign225_manual5_team_features\NOTHING\manual_fullsign225_20260519_170715_seq0064.npy,C:\BSIT 3RD YEAR\New VovGest\external_datasets\fullsign225_manual5_team_features_v2\NOTHING\CED_BATCH01_MANUAL16_NOTHING_114_8A0A440A.npy,copied,"(30, 225)",
CED,BATCH01_MANUAL16,NOTHING,C:\BSIT 3RD YEAR\New VovGest\external_datasets\team_incoming_recorded_features\CED\batch_01_manual16\recorded_features\fullsign225_manual5_team_features,C:\BSIT 3RD YEAR\New VovGest\external_datasets\team_incoming_recorded_features\CED\batch_01_manual16\recorded_features\fullsign225_manual5_team_features\NOTHING\manual_fullsign225_20260519_170715_seq0065.npy,C:\BSIT 3RD YEAR\New VovGest\external_datasets\fullsign225_manual5_team_features_v2\NOTHING\CED_BATCH01_MANUAL16_NOTHING_115_0057046F.npy,copied,"(30, 225)",
CED,BATCH01_MANUAL16,NOTHING,C:\BSIT 3RD YEAR\New VovGest\external_datasets\team_incoming_recorded_features\CED\batch_01_manual16\recorded_features\fullsign225_manual5_team_features,C:\BSIT 3RD YEAR\New VovGest\external_datasets\team_incoming_recorded_features\CED\batch_01_manual16\recorded_features\fullsign225_manual5_team_features\NOTHING\manual_fullsign225_20260519_170715_seq0066.npy,C:\BSIT 3RD YEAR\New VovGest\external_datasets\fullsign225_manual5_team_features_v2\NOTHING\CED_BATCH01_MANUAL16_NOTHING_116_EC935069.npy,copied,"(30, 225)",
CED,BATCH01_MANUAL16,NOTHING,C:\BSIT 3RD YEAR\New VovGest\external_datasets\team_incoming_recorded_features\CED\batch_01_manual16\recorded_features\fullsign225_manual5_team_features,C:\BSIT 3RD YEAR\New VovGest\external_datasets\team_incoming_recorded_features\CED\batch_01_manual16\recorded_features\fullsign225_manual5_team_features\NOTHING\manual_fullsign225_20260519_170715_seq0067.npy,C:\BSIT 3RD YEAR\New VovGest\external_datasets\fullsign225_manual5_team_features_v2\NOTHING\CED_BATCH01_MANUAL16_NOTHING_117_6E34CFDE.npy,copied,"(30, 225)",
CED,BATCH01_MANUAL16,NOTHING,C:\BSIT 3RD YEAR\New VovGest\external_datasets\team_incoming_recorded_features\CED\batch_01_manual16\recorded_features\fullsign225_manual5_team_features,C:\BSIT 3RD YEAR\New VovGest\external_datasets\team_incoming_recorded_features\CED\batch_01_manual16\recorded_features\fullsign225_manual5_team_features\NOTHING\manual_fullsign225_20260519_170715_seq0068.npy,C:\BSIT 3RD YEAR\New VovGest\external_datasets\fullsign225_manual5_team_features_v2\NOTHING\CED_BATCH01_MANUAL16_NOTHING_118_2BA492D3.npy,copied,"(30, 225)",
CED,BATCH01_MANUAL16,NOTHING,C:\BSIT 3RD YEAR\New VovGest\external_datasets\team_incoming_recorded_features\CED\batch_01_manual16\recorded_features\fullsign225_manual5_team_features,C:\BSIT 3RD YEAR\New VovGest\external_datasets\team_incoming_recorded_features\CED\batch_01_manual16\recorded_features\fullsign225_manual5_team_features\NOTHING\manual_fullsign225_20260519_170715_seq0069.npy,C:\BSIT 3RD YEAR\New VovGest\external_datasets\fullsign225_manual5_team_features_v2\NOTHING\CED_BATCH01_MANUAL16_NOTHING_119_5913F4C7.npy,copied,"(30, 225)",
CED,BATCH01_MANUAL16,NOTHING,C:\BSIT 3RD YEAR\New VovGest\external_datasets\team_incoming_recorded_features\CED\batch_01_manual16\recorded_features\fullsign225_manual5_team_features,C:\BSIT 3RD YEAR\New VovGest\external_datasets\team_incoming_recorded_features\CED\batch_01_manual16\recorded_features\fullsign225_manual5_team_features\NOTHING\manual_fullsign225_20260519_170715_seq0070.npy,C:\BSIT 3RD YEAR\New VovGest\external_datasets\fullsign225_manual5_team_features_v2\NOTHING\CED_BATCH01_MANUAL16_NOTHING_120_58E68645.npy,copied,"(30, 225)",
CED,BATCH01_MANUAL16,NOTHING,C:\BSIT 3RD YEAR\New VovGest\external_datasets\team_incoming_recorded_features\CED\batch_01_manual16\recorded_features\fullsign225_manual5_team_features,C:\BSIT 3RD YEAR\New VovGest\external_datasets\team_incoming_recorded_features\CED\batch_01_manual16\recorded_features\fullsign225_manual5_team_features\NOTHING\manual_fullsign225_20260519_170715_seq0071.npy,C:\BSIT 3RD YEAR\New VovGest\external_datasets\fullsign225_manual5_team_features_v2\NOTHING\CED_BATCH01_MANUAL16_NOTHING_121_06E159CD.npy,copied,"(30, 225)",
CED,BATCH01_MANUAL16,NOTHING,C:\BSIT 3RD YEAR\New VovGest\external_datasets\team_incoming_recorded_features\CED\batch_01_manual16\recorded_features\fullsign225_manual5_team_features,C:\BSIT 3RD YEAR\New VovGest\external_datasets\team_incoming_recorded_features\CED\batch_01_manual16\recorded_features\fullsign225_manual5_team_features\NOTHING\manual_fullsign225_20260519_170715_seq0072.npy,C:\BSIT 3RD YEAR\New VovGest\external_datasets\fullsign225_manual5_team_features_v2\NOTHING\CED_BATCH01_MANUAL16_NOTHING_122_E88FF558.npy,copied,"(30, 225)",
CED,BATCH01_MANUAL16,NOTHING,C:\BSIT 3RD YEAR\New VovGest\external_datasets\team_incoming_recorded_features\CED\batch_01_manual16\recorded_features\fullsign225_manual5_team_features,C:\BSIT 3RD YEAR\New VovGest\external_datasets\team_incoming_recorded_features\CED\batch_01_manual16\recorded_features\fullsign225_manual5_team_features\NOTHING\manual_fullsign225_20260519_170715_seq0073.npy,C:\BSIT 3RD YEAR\New VovGest\external_datasets\fullsign225_manual5_team_features_v2\NOTHING\CED_BATCH01_MANUAL16_NOTHING_123_DB0F4BED.npy,copied,"(30, 225)",
CED,BATCH01_MANUAL16,NOTHING,C:\BSIT 3RD YEAR\New VovGest\external_datasets\team_incoming_recorded_features\CED\batch_01_manual16\recorded_features\fullsign225_manual5_team_features,C:\BSIT 3RD YEAR\New VovGest\external_datasets\team_incoming_recorded_features\CED\batch_01_manual16\recorded_features\fullsign225_manual5_team_features\NOTHING\manual_fullsign225_20260519_170715_seq0074.npy,C:\BSIT 3RD YEAR\New VovGest\external_datasets\fullsign225_manual5_team_features_v2\NOTHING\CED_BATCH01_MANUAL16_NOTHING_124_AF58E7F6.npy,copied,"(30, 225)",
CED,BATCH01_MANUAL16,NOTHING,C:\BSIT 3RD YEAR\New VovGest\external_datasets\team_incoming_recorded_features\CED\batch_01_manual16\recorded_features\fullsign225_manual5_team_features,C:\BSIT 3RD YEAR\New VovGest\external_datasets\team_incoming_recorded_features\CED\batch_01_manual16\recorded_features\fullsign225_manual5_team_features\NOTHING\manual_fullsign225_20260519_170715_seq0075.npy,C:\BSIT 3RD YEAR\New VovGest\external_datasets\fullsign225_manual5_team_features_v2\NOTHING\CED_BATCH01_MANUAL16_NOTHING_125_7036027C.npy,copied,"(30, 225)",
CED,BATCH01_MANUAL16,NOTHING,C:\BSIT 3RD YEAR\New VovGest\external_datasets\team_incoming_recorded_features\CED\batch_01_manual16\recorded_features\fullsign225_manual5_team_features,C:\BSIT 3RD YEAR\New VovGest\external_datasets\team_incoming_recorded_features\CED\batch_01_manual16\recorded_features\fullsign225_manual5_team_features\NOTHING\manual_fullsign225_20260519_170715_seq0076.npy,C:\BSIT 3RD YEAR\New VovGest\external_datasets\fullsign225_manual5_team_features_v2\NOTHING\CED_BATCH01_MANUAL16_NOTHING_126_AFA70597.npy,copied,"(30, 225)",
CED,BATCH01_MANUAL16,NOTHING,C:\BSIT 3RD YEAR\New VovGest\external_datasets\team_incoming_recorded_features\CED\batch_01_manual16\recorded_features\fullsign225_manual5_team_features,C:\BSIT 3RD YEAR\New VovGest\external_datasets\team_incoming_recorded_features\CED\batch_01_manual16\recorded_features\fullsign225_manual5_team_features\NOTHING\manual_fullsign225_20260519_170715_seq0077.npy,C:\BSIT 3RD YEAR\New VovGest\external_datasets\fullsign225_manual5_team_features_v2\NOTHING\CED_BATCH01_MANUAL16_NOTHING_127_282A551F.npy,copied,"(30, 225)",
CED,BATCH01_MANUAL16,NOTHING,C:\BSIT 3RD YEAR\New VovGest\external_datasets\team_incoming_recorded_features\CED\batch_01_manual16\recorded_features\fullsign225_manual5_team_features,C:\BSIT 3RD YEAR\New VovGest\external_datasets\team_incoming_recorded_features\CED\batch_01_manual16\recorded_features\fullsign225_manual5_team_features\NOTHING\manual_fullsign225_20260519_170715_seq0078.npy,C:\BSIT 3RD YEAR\New VovGest\external_datasets\fullsign225_manual5_team_features_v2\NOTHING\CED_BATCH01_MANUAL16_NOTHING_128_47B8B5D3.npy,copied,"(30, 225)",
CED,BATCH01_MANUAL16,NOTHING,C:\BSIT 3RD YEAR\New VovGest\external_datasets\team_incoming_recorded_features\CED\batch_01_manual16\recorded_features\fullsign225_manual5_team_features,C:\BSIT 3RD YEAR\New VovGest\external_datasets\team_incoming_recorded_features\CED\batch_01_manual16\recorded_features\fullsign225_manual5_team_features\NOTHING\manual_fullsign225_20260519_170715_seq0079.npy,C:\BSIT 3RD YEAR\New VovGest\external_datasets\fullsign225_manual5_team_features_v2\NOTHING\CED_BATCH01_MANUAL16_NOTHING_129_AFECF96C.npy,copied,"(30, 225)",
CED,BATCH01_MANUAL16,NOTHING,C:\BSIT 3RD YEAR\New VovGest\external_datasets\team_incoming_recorded_features\CED\batch_01_manual16\recorded_features\fullsign225_manual5_team_features,C:\BSIT 3RD YEAR\New VovGest\external_datasets\team_incoming_recorded_features\CED\batch_01_manual16\recorded_features\fullsign225_manual5_team_features\NOTHING\manual_fullsign225_20260519_170715_seq0080.npy,C:\BSIT 3RD YEAR\New VovGest\external_datasets\fullsign225_manual5_team_features_v2\NOTHING\CED_BATCH01_MANUAL16_NOTHING_130_14A6DE25.npy,copied,"(30, 225)",
CED,BATCH01_MANUAL16,NOTHING,C:\BSIT 3RD YEAR\New VovGest\external_datasets\team_incoming_recorded_features\CED\batch_01_manual16\recorded_features\fullsign225_manual5_team_features,C:\BSIT 3RD YEAR\New VovGest\external_datasets\team_incoming_recorded_features\CED\batch_01_manual16\recorded_features\fullsign225_manual5_team_features\NOTHING\manual_fullsign225_20260519_170715_seq0081.npy,C:\BSIT 3RD YEAR\New VovGest\external_datasets\fullsign225_manual5_team_features_v2\NOTHING\CED_BATCH01_MANUAL16_NOTHING_131_750B32BB.npy,copied,"(30, 225)",
CED,BATCH01_MANUAL16,NOTHING,C:\BSIT 3RD YEAR\New VovGest\external_datasets\team_incoming_recorded_features\CED\batch_01_manual16\recorded_features\fullsign225_manual5_team_features,C:\BSIT 3RD YEAR\New VovGest\external_datasets\team_incoming_recorded_features\CED\batch_01_manual16\recorded_features\fullsign225_manual5_team_features\NOTHING\manual_fullsign225_20260519_170715_seq0082.npy,C:\BSIT 3RD YEAR\New VovGest\external_datasets\fullsign225_manual5_team_features_v2\NOTHING\CED_BATCH01_MANUAL16_NOTHING_132_EFE5C47D.npy,copied,"(30, 225)",
CED,BATCH01_MANUAL16,NOTHING,C:\BSIT 3RD YEAR\New VovGest\external_datasets\team_incoming_recorded_features\CED\batch_01_manual16\recorded_features\fullsign225_manual5_team_features,C:\BSIT 3RD YEAR\New VovGest\external_datasets\team_incoming_recorded_features\CED\batch_01_manual16\recorded_features\fullsign225_manual5_team_features\NOTHING\manual_fullsign225_20260519_170715_seq0083.npy,C:\BSIT 3RD YEAR\New VovGest\external_datasets\fullsign225_manual5_team_features_v2\NOTHING\CED_BATCH01_MANUAL16_NOTHING_133_8738C6D5.npy,copied,"(30, 225)",
CED,BATCH01_MANUAL16,NOTHING,C:\BSIT 3RD YEAR\New VovGest\external_datasets\team_incoming_recorded_features\CED\batch_01_manual16\recorded_features\fullsign225_manual5_team_features,C:\BSIT 3RD YEAR\New VovGest\external_datasets\team_incoming_recorded_features\CED\batch_01_manual16\recorded_features\fullsign225_manual5_team_features\NOTHING\manual_fullsign225_20260519_170715_seq0084.npy,C:\BSIT 3RD YEAR\New VovGest\external_datasets\fullsign225_manual5_team_features_v2\NOTHING\CED_BATCH01_MANUAL16_NOTHING_134_4DC9BD8A.npy,copied,"(30, 225)",
CED,BATCH01_MANUAL16,NOTHING,C:\BSIT 3RD YEAR\New VovGest\external_datasets\team_incoming_recorded_features\CED\batch_01_manual16\recorded_features\fullsign225_manual5_team_features,C:\BSIT 3RD YEAR\New VovGest\external_datasets\team_incoming_recorded_features\CED\batch_01_manual16\recorded_features\fullsign225_manual5_team_features\NOTHING\manual_fullsign225_20260519_170715_seq0085.npy,C:\BSIT 3RD YEAR\New VovGest\external_datasets\fullsign225_manual5_team_features_v2\NOTHING\CED_BATCH01_MANUAL16_NOTHING_135_ABBEE44E.npy,copied,"(30, 225)",
CED,BATCH01_MANUAL16,NOTHING,C:\BSIT 3RD YEAR\New VovGest\external_datasets\team_incoming_recorded_features\CED\batch_01_manual16\recorded_features\fullsign225_manual5_team_features,C:\BSIT 3RD YEAR\New VovGest\external_datasets\team_incoming_recorded_features\CED\batch_01_manual16\recorded_features\fullsign225_manual5_team_features\NOTHING\manual_fullsign225_20260519_170715_seq0086.npy,C:\BSIT 3RD YEAR\New VovGest\external_datasets\fullsign225_manual5_team_features_v2\NOTHING\CED_BATCH01_MANUAL16_NOTHING_136_409E2F35.npy,copied,"(30, 225)",
CED,BATCH01_MANUAL16,NOTHING,C:\BSIT 3RD YEAR\New VovGest\external_datasets\team_incoming_recorded_features\CED\batch_01_manual16\recorded_features\fullsign225_manual5_team_features,C:\BSIT 3RD YEAR\New VovGest\external_datasets\team_incoming_recorded_features\CED\batch_01_manual16\recorded_features\fullsign225_manual5_team_features\NOTHING\manual_fullsign225_20260519_170715_seq0087.npy,C:\BSIT 3RD YEAR\New VovGest\external_datasets\fullsign225_manual5_team_features_v2\NOTHING\CED_BATCH01_MANUAL16_NOTHING_137_60B39DAA.npy,copied,"(30, 225)",
CED,BATCH01_MANUAL16,NOTHING,C:\BSIT 3RD YEAR\New VovGest\external_datasets\team_incoming_recorded_features\CED\batch_01_manual16\recorded_features\fullsign225_manual5_team_features,C:\BSIT 3RD YEAR\New VovGest\external_datasets\team_incoming_recorded_features\CED\batch_01_manual16\recorded_features\fullsign225_manual5_team_features\NOTHING\manual_fullsign225_20260519_170715_seq0088.npy,C:\BSIT 3RD YEAR\New VovGest\external_datasets\fullsign225_manual5_team_features_v2\NOTHING\CED_BATCH01_MANUAL16_NOTHING_138_1B3FD0F9.npy,copied,"(30, 225)",
CED,BATCH01_MANUAL16,NOTHING,C:\BSIT 3RD YEAR\New VovGest\external_datasets\team_incoming_recorded_features\CED\batch_01_manual16\recorded_features\fullsign225_manual5_team_features,C:\BSIT 3RD YEAR\New VovGest\external_datasets\team_incoming_recorded_features\CED\batch_01_manual16\recorded_features\fullsign225_manual5_team_features\NOTHING\manual_fullsign225_20260519_170715_seq0089.npy,C:\BSIT 3RD YEAR\New VovGest\external_datasets\fullsign225_manual5_team_features_v2\NOTHING\CED_BATCH01_MANUAL16_NOTHING_139_5D4270CD.npy,copied,"(30, 225)",
CED,BATCH01_MANUAL16,NOTHING,C:\BSIT 3RD YEAR\New VovGest\external_datasets\team_incoming_recorded_features\CED\batch_01_manual16\recorded_features\fullsign225_manual5_team_features,C:\BSIT 3RD YEAR\New VovGest\external_datasets\team_incoming_recorded_features\CED\batch_01_manual16\recorded_features\fullsign225_manual5_team_features\NOTHING\manual_fullsign225_20260519_170715_seq0090.npy,C:\BSIT 3RD YEAR\New VovGest\external_datasets\fullsign225_manual5_team_features_v2\NOTHING\CED_BATCH01_MANUAL16_NOTHING_140_3DF2EA00.npy,copied,"(30, 225)",
CED,BATCH01_MANUAL16,NOTHING,C:\BSIT 3RD YEAR\New VovGest\external_datasets\team_incoming_recorded_features\CED\batch_01_manual16\recorded_features\fullsign225_manual5_team_features,C:\BSIT 3RD YEAR\New VovGest\external_datasets\team_incoming_recorded_features\CED\batch_01_manual16\recorded_features\fullsign225_manual5_team_features\NOTHING\manual_fullsign225_20260519_170715_seq0091.npy,C:\BSIT 3RD YEAR\New VovGest\external_datasets\fullsign225_manual5_team_features_v2\NOTHING\CED_BATCH01_MANUAL16_NOTHING_141_531B8611.npy,copied,"(30, 225)",
CED,BATCH01_MANUAL16,NOTHING,C:\BSIT 3RD YEAR\New VovGest\external_datasets\team_incoming_recorded_features\CED\batch_01_manual16\recorded_features\fullsign225_manual5_team_features,C:\BSIT 3RD YEAR\New VovGest\external_datasets\team_incoming_recorded_features\CED\batch_01_manual16\recorded_features\fullsign225_manual5_team_features\NOTHING\manual_fullsign225_20260519_170715_seq0092.npy,C:\BSIT 3RD YEAR\New VovGest\external_datasets\fullsign225_manual5_team_features_v2\NOTHING\CED_BATCH01_MANUAL16_NOTHING_142_A3C02A33.npy,copied,"(30, 225)",
CED,BATCH01_MANUAL16,NOTHING,C:\BSIT 3RD YEAR\New VovGest\external_datasets\team_incoming_recorded_features\CED\batch_01_manual16\recorded_features\fullsign225_manual5_team_features,C:\BSIT 3RD YEAR\New VovGest\external_datasets\team_incoming_recorded_features\CED\batch_01_manual16\recorded_features\fullsign225_manual5_team_features\NOTHING\manual_fullsign225_20260519_170715_seq0093.npy,C:\BSIT 3RD YEAR\New VovGest\external_datasets\fullsign225_manual5_team_features_v2\NOTHING\CED_BATCH01_MANUAL16_NOTHING_143_CCE9971A.npy,copied,"(30, 225)",
CED,BATCH01_MANUAL16,NOTHING,C:\BSIT 3RD YEAR\New VovGest\external_datasets\team_incoming_recorded_features\CED\batch_01_manual16\recorded_features\fullsign225_manual5_team_features,C:\BSIT 3RD YEAR\New VovGest\external_datasets\team_incoming_recorded_features\CED\batch_01_manual16\recorded_features\fullsign225_manual5_team_features\NOTHING\manual_fullsign225_20260519_170715_seq0094.npy,C:\BSIT 3RD YEAR\New VovGest\external_datasets\fullsign225_manual5_team_features_v2\NOTHING\CED_BATCH01_MANUAL16_NOTHING_144_778E4565.npy,copied,"(30, 225)",
CED,BATCH01_MANUAL16,NOTHING,C:\BSIT 3RD YEAR\New VovGest\external_datasets\team_incoming_recorded_features\CED\batch_01_manual16\recorded_features\fullsign225_manual5_team_features,C:\BSIT 3RD YEAR\New VovGest\external_datasets\team_incoming_recorded_features\CED\batch_01_manual16\recorded_features\fullsign225_manual5_team_features\NOTHING\manual_fullsign225_20260519_170715_seq0095.npy,C:\BSIT 3RD YEAR\New VovGest\external_datasets\fullsign225_manual5_team_features_v2\NOTHING\CED_BATCH01_MANUAL16_NOTHING_145_9F4EF452.npy,copied,"(30, 225)",
CED,BATCH01_MANUAL16,NOTHING,C:\BSIT 3RD YEAR\New VovGest\external_datasets\team_incoming_recorded_features\CED\batch_01_manual16\recorded_features\fullsign225_manual5_team_features,C:\BSIT 3RD YEAR\New VovGest\external_datasets\team_incoming_recorded_features\CED\batch_01_manual16\recorded_features\fullsign225_manual5_team_features\NOTHING\manual_fullsign225_20260519_170715_seq0096.npy,C:\BSIT 3RD YEAR\New VovGest\external_datasets\fullsign225_manual5_team_features_v2\NOTHING\CED_BATCH01_MANUAL16_NOTHING_146_70590CA3.npy,copied,"(30, 225)",
CED,BATCH01_MANUAL16,NOTHING,C:\BSIT 3RD YEAR\New VovGest\external_datasets\team_incoming_recorded_features\CED\batch_01_manual16\recorded_features\fullsign225_manual5_team_features,C:\BSIT 3RD YEAR\New VovGest\external_datasets\team_incoming_recorded_features\CED\batch_01_manual16\recorded_features\fullsign225_manual5_team_features\NOTHING\manual_fullsign225_20260519_170715_seq0097.npy,C:\BSIT 3RD YEAR\New VovGest\external_datasets\fullsign225_manual5_team_features_v2\NOTHING\CED_BATCH01_MANUAL16_NOTHING_147_DE9B403A.npy,copied,"(30, 225)",
CED,BATCH01_MANUAL16,NOTHING,C:\BSIT 3RD YEAR\New VovGest\external_datasets\team_incoming_recorded_features\CED\batch_01_manual16\recorded_features\fullsign225_manual5_team_features,C:\BSIT 3RD YEAR\New VovGest\external_datasets\team_incoming_recorded_features\CED\batch_01_manual16\recorded_features\fullsign225_manual5_team_features\NOTHING\manual_fullsign225_20260519_170715_seq0098.npy,C:\BSIT 3RD YEAR\New VovGest\external_datasets\fullsign225_manual5_team_features_v2\NOTHING\CED_BATCH01_MANUAL16_NOTHING_148_30DC1350.npy,copied,"(30, 225)",
CED,BATCH01_MANUAL16,NOTHING,C:\BSIT 3RD YEAR\New VovGest\external_datasets\team_incoming_recorded_features\CED\batch_01_manual16\recorded_features\fullsign225_manual5_team_features,C:\BSIT 3RD YEAR\New VovGest\external_datasets\team_incoming_recorded_features\CED\batch_01_manual16\recorded_features\fullsign225_manual5_team_features\NOTHING\manual_fullsign225_20260519_170715_seq0099.npy,C:\BSIT 3RD YEAR\New VovGest\external_datasets\fullsign225_manual5_team_features_v2\NOTHING\CED_BATCH01_MANUAL16_NOTHING_149_C8D57845.npy,copied,"(30, 225)",
CED,BATCH01_MANUAL16,NOTHING,C:\BSIT 3RD YEAR\New VovGest\external_datasets\team_incoming_recorded_features\CED\batch_01_manual16\recorded_features\fullsign225_manual5_team_features,C:\BSIT 3RD YEAR\New VovGest\external_datasets\team_incoming_recorded_features\CED\batch_01_manual16\recorded_features\fullsign225_manual5_team_features\NOTHING\manual_fullsign225_20260519_170715_seq0100.npy,C:\BSIT 3RD YEAR\New VovGest\external_datasets\fullsign225_manual5_team_features_v2\NOTHING\CED_BATCH01_MANUAL16_NOTHING_150_80816CF9.npy,copied,"(30, 225)",
CED,BATCH01_MANUAL16,,C:\BSIT 3RD YEAR\New VovGest\external_datasets\team_incoming_recorded_features\CED\batch_01_manual16\recorded_features\fullsign225_manual5_team_features,C:\BSIT 3RD YEAR\New VovGest\external_datasets\team_incoming_recorded_features\CED\batch_01_manual16\recorded_features\fullsign225_manual5_team_features\PAIN\manual_fullsign225_20260519_164631_seq0001.npy,,skipped_unknown_label,,
CED,BATCH01_MANUAL16,,C:\BSIT 3RD YEAR\New VovGest\external_datasets\team_incoming_recorded_features\CED\batch_01_manual16\recorded_features\fullsign225_manual5_team_features,C:\BSIT 3RD YEAR\New VovGest\external_datasets\team_incoming_recorded_features\CED\batch_01_manual16\recorded_features\fullsign225_manual5_team_features\PAIN\manual_fullsign225_20260519_164631_seq0002.npy,,skipped_unknown_label,,
CED,BATCH01_MANUAL16,,C:\BSIT 3RD YEAR\New VovGest\external_datasets\team_incoming_recorded_features\CED\batch_01_manual16\recorded_features\fullsign225_manual5_team_features,C:\BSIT 3RD YEAR\New VovGest\external_datasets\team_incoming_recorded_features\CED\batch_01_manual16\recorded_features\fullsign225_manual5_team_features\PAIN\manual_fullsign225_20260519_164631_seq0003.npy,,skipped_unknown_label,,
CED,BATCH01_MANUAL16,,C:\BSIT 3RD YEAR\New VovGest\external_datasets\team_incoming_recorded_features\CED\batch_01_manual16\recorded_features\fullsign225_manual5_team_features,C:\BSIT 3RD YEAR\New VovGest\external_datasets\team_incoming_recorded_features\CED\batch_01_manual16\recorded_features\fullsign225_manual5_team_features\PAIN\manual_fullsign225_20260519_164631_seq0004.npy,,skipped_unknown_label,,
CED,BATCH01_MANUAL16,,C:\BSIT 3RD YEAR\New VovGest\external_datasets\team_incoming_recorded_features\CED\batch_01_manual16\recorded_features\fullsign225_manual5_team_features,C:\BSIT 3RD YEAR\New VovGest\external_datasets\team_incoming_recorded_features\CED\batch_01_manual16\recorded_features\fullsign225_manual5_team_features\PAIN\manual_fullsign225_20260519_164631_seq0005.npy,,skipped_unknown_label,,
CED,BATCH01_MANUAL16,,C:\BSIT 3RD YEAR\New VovGest\external_datasets\team_incoming_recorded_features\CED\batch_01_manual16\recorded_features\fullsign225_manual5_team_features,C:\BSIT 3RD YEAR\New VovGest\external_datasets\team_incoming_recorded_features\CED\batch_01_manual16\recorded_features\fullsign225_manual5_team_features\PAIN\manual_fullsign225_20260519_164631_seq0006.npy,,skipped_unknown_label,,
CED,BATCH01_MANUAL16,,C:\BSIT 3RD YEAR\New VovGest\external_datasets\team_incoming_recorded_features\CED\batch_01_manual16\recorded_features\fullsign225_manual5_team_features,C:\BSIT 3RD YEAR\New VovGest\external_datasets\team_incoming_recorded_features\CED\batch_01_manual16\recorded_features\fullsign225_manual5_team_features\PAIN\manual_fullsign225_20260519_164631_seq0007.npy,,skipped_unknown_label,,
CED,BATCH01_MANUAL16,,C:\BSIT 3RD YEAR\New VovGest\external_datasets\team_incoming_recorded_features\CED\batch_01_manual16\recorded_features\fullsign225_manual5_team_features,C:\BSIT 3RD YEAR\New VovGest\external_datasets\team_incoming_recorded_features\CED\batch_01_manual16\recorded_features\fullsign225_manual5_team_features\PAIN\manual_fullsign225_20260519_164631_seq0008.npy,,skipped_unknown_label,,
CED,BATCH01_MANUAL16,,C:\BSIT 3RD YEAR\New VovGest\external_datasets\team_incoming_recorded_features\CED\batch_01_manual16\recorded_features\fullsign225_manual5_team_features,C:\BSIT 3RD YEAR\New VovGest\external_datasets\team_incoming_recorded_features\CED\batch_01_manual16\recorded_features\fullsign225_manual5_team_features\PAIN\manual_fullsign225_20260519_164631_seq0009.npy,,skipped_unknown_label,,
CED,BATCH01_MANUAL16,,C:\BSIT 3RD YEAR\New VovGest\external_datasets\team_incoming_recorded_features\CED\batch_01_manual16\recorded_features\fullsign225_manual5_team_features,C:\BSIT 3RD YEAR\New VovGest\external_datasets\team_incoming_recorded_features\CED\batch_01_manual16\recorded_features\fullsign225_manual5_team_features\PAIN\manual_fullsign225_20260519_164631_seq0010.npy,,skipped_unknown_label,,
CED,BATCH01_MANUAL16,,C:\BSIT 3RD YEAR\New VovGest\external_datasets\team_incoming_recorded_features\CED\batch_01_manual16\recorded_features\fullsign225_manual5_team_features,C:\BSIT 3RD YEAR\New VovGest\external_datasets\team_incoming_recorded_features\CED\batch_01_manual16\recorded_features\fullsign225_manual5_team_features\PAIN\manual_fullsign225_20260519_164631_seq0011.npy,,skipped_unknown_label,,
CED,BATCH01_MANUAL16,,C:\BSIT 3RD YEAR\New VovGest\external_datasets\team_incoming_recorded_features\CED\batch_01_manual16\recorded_features\fullsign225_manual5_team_features,C:\BSIT 3RD YEAR\New VovGest\external_datasets\team_incoming_recorded_features\CED\batch_01_manual16\recorded_features\fullsign225_manual5_team_features\PAIN\manual_fullsign225_20260519_164631_seq0012.npy,,skipped_unknown_label,,
CED,BATCH01_MANUAL16,,C:\BSIT 3RD YEAR\New VovGest\external_datasets\team_incoming_recorded_features\CED\batch_01_manual16\recorded_features\fullsign225_manual5_team_features,C:\BSIT 3RD YEAR\New VovGest\external_datasets\team_incoming_recorded_features\CED\batch_01_manual16\recorded_features\fullsign225_manual5_team_features\PAIN\manual_fullsign225_20260519_164631_seq0013.npy,,skipped_unknown_label,,
CED,BATCH01_MANUAL16,,C:\BSIT 3RD YEAR\New VovGest\external_datasets\team_incoming_recorded_features\CED\batch_01_manual16\recorded_features\fullsign225_manual5_team_features,C:\BSIT 3RD YEAR\New VovGest\external_datasets\team_incoming_recorded_features\CED\batch_01_manual16\recorded_features\fullsign225_manual5_team_features\PAIN\manual_fullsign225_20260519_164631_seq0014.npy,,skipped_unknown_label,,
CED,BATCH01_MANUAL16,,C:\BSIT 3RD YEAR\New VovGest\external_datasets\team_incoming_recorded_features\CED\batch_01_manual16\recorded_features\fullsign225_manual5_team_features,C:\BSIT 3RD YEAR\New VovGest\external_datasets\team_incoming_recorded_features\CED\batch_01_manual16\recorded_features\fullsign225_manual5_team_features\PAIN\manual_fullsign225_20260519_164631_seq0015.npy,,skipped_unknown_label,,
CED,BATCH01_MANUAL16,,C:\BSIT 3RD YEAR\New VovGest\external_datasets\team_incoming_recorded_features\CED\batch_01_manual16\recorded_features\fullsign225_manual5_team_features,C:\BSIT 3RD YEAR\New VovGest\external_datasets\team_incoming_recorded_features\CED\batch_01_manual16\recorded_features\fullsign225_manual5_team_features\PAIN\manual_fullsign225_20260519_164631_seq0016.npy,,skipped_unknown_label,,
CED,BATCH01_MANUAL16,,C:\BSIT 3RD YEAR\New VovGest\external_datasets\team_incoming_recorded_features\CED\batch_01_manual16\recorded_features\fullsign225_manual5_team_features,C:\BSIT 3RD YEAR\New VovGest\external_datasets\team_incoming_recorded_features\CED\batch_01_manual16\recorded_features\fullsign225_manual5_team_features\PAIN\manual_fullsign225_20260519_164631_seq0017.npy,,skipped_unknown_label,,
CED,BATCH01_MANUAL16,,C:\BSIT 3RD YEAR\New VovGest\external_datasets\team_incoming_recorded_features\CED\batch_01_manual16\recorded_features\fullsign225_manual5_team_features,C:\BSIT 3RD YEAR\New VovGest\external_datasets\team_incoming_recorded_features\CED\batch_01_manual16\recorded_features\fullsign225_manual5_team_features\PAIN\manual_fullsign225_20260519_164631_seq0018.npy,,skipped_unknown_label,,
CED,BATCH01_MANUAL16,,C:\BSIT 3RD YEAR\New VovGest\external_datasets\team_incoming_recorded_features\CED\batch_01_manual16\recorded_features\fullsign225_manual5_team_features,C:\BSIT 3RD YEAR\New VovGest\external_datasets\team_incoming_recorded_features\CED\batch_01_manual16\recorded_features\fullsign225_manual5_team_features\PAIN\manual_fullsign225_20260519_164631_seq0019.npy,,skipped_unknown_label,,
CED,BATCH01_MANUAL16,,C:\BSIT 3RD YEAR\New VovGest\external_datasets\team_incoming_recorded_features\CED\batch_01_manual16\recorded_features\fullsign225_manual5_team_features,C:\BSIT 3RD YEAR\New VovGest\external_datasets\team_incoming_recorded_features\CED\batch_01_manual16\recorded_features\fullsign225_manual5_team_features\PAIN\manual_fullsign225_20260519_164631_seq0020.npy,,skipped_unknown_label,,
CED,BATCH01_MANUAL16,,C:\BSIT 3RD YEAR\New VovGest\external_datasets\team_incoming_recorded_features\CED\batch_01_manual16\recorded_features\fullsign225_manual5_team_features,C:\BSIT 3RD YEAR\New VovGest\external_datasets\team_incoming_recorded_features\CED\batch_01_manual16\recorded_features\fullsign225_manual5_team_features\PAIN\manual_fullsign225_20260519_164631_seq0021.npy,,skipped_unknown_label,,
CED,BATCH01_MANUAL16,,C:\BSIT 3RD YEAR\New VovGest\external_datasets\team_incoming_recorded_features\CED\batch_01_manual16\recorded_features\fullsign225_manual5_team_features,C:\BSIT 3RD YEAR\New VovGest\external_datasets\team_incoming_recorded_features\CED\batch_01_manual16\recorded_features\fullsign225_manual5_team_features\PAIN\manual_fullsign225_20260519_164631_seq0022.npy,,skipped_unknown_label,,
CED,BATCH01_MANUAL16,,C:\BSIT 3RD YEAR\New VovGest\external_datasets\team_incoming_recorded_features\CED\batch_01_manual16\recorded_features\fullsign225_manual5_team_features,C:\BSIT 3RD YEAR\New VovGest\external_datasets\team_incoming_recorded_features\CED\batch_01_manual16\recorded_features\fullsign225_manual5_team_features\PAIN\manual_fullsign225_20260519_164631_seq0023.npy,,skipped_unknown_label,,
CED,BATCH01_MANUAL16,,C:\BSIT 3RD YEAR\New VovGest\external_datasets\team_incoming_recorded_features\CED\batch_01_manual16\recorded_features\fullsign225_manual5_team_features,C:\BSIT 3RD YEAR\New VovGest\external_datasets\team_incoming_recorded_features\CED\batch_01_manual16\recorded_features\fullsign225_manual5_team_features\PAIN\manual_fullsign225_20260519_164631_seq0024.npy,,skipped_unknown_label,,
CED,BATCH01_MANUAL16,,C:\BSIT 3RD YEAR\New VovGest\external_datasets\team_incoming_recorded_features\CED\batch_01_manual16\recorded_features\fullsign225_manual5_team_features,C:\BSIT 3RD YEAR\New VovGest\external_datasets\team_incoming_recorded_features\CED\batch_01_manual16\recorded_features\fullsign225_manual5_team_features\PAIN\manual_fullsign225_20260519_164631_seq0025.npy,,skipped_unknown_label,,
CED,BATCH01_MANUAL16,,C:\BSIT 3RD YEAR\New VovGest\external_datasets\team_incoming_recorded_features\CED\batch_01_manual16\recorded_features\fullsign225_manual5_team_features,C:\BSIT 3RD YEAR\New VovGest\external_datasets\team_incoming_recorded_features\CED\batch_01_manual16\recorded_features\fullsign225_manual5_team_features\PAIN\manual_fullsign225_20260519_164631_seq0026.npy,,skipped_unknown_label,,
CED,BATCH01_MANUAL16,,C:\BSIT 3RD YEAR\New VovGest\external_datasets\team_incoming_recorded_features\CED\batch_01_manual16\recorded_features\fullsign225_manual5_team_features,C:\BSIT 3RD YEAR\New VovGest\external_datasets\team_incoming_recorded_features\CED\batch_01_manual16\recorded_features\fullsign225_manual5_team_features\PAIN\manual_fullsign225_20260519_164631_seq0027.npy,,skipped_unknown_label,,
CED,BATCH01_MANUAL16,,C:\BSIT 3RD YEAR\New VovGest\external_datasets\team_incoming_recorded_features\CED\batch_01_manual16\recorded_features\fullsign225_manual5_team_features,C:\BSIT 3RD YEAR\New VovGest\external_datasets\team_incoming_recorded_features\CED\batch_01_manual16\recorded_features\fullsign225_manual5_team_features\PAIN\manual_fullsign225_20260519_164631_seq0028.npy,,skipped_unknown_label,,
CED,BATCH01_MANUAL16,,C:\BSIT 3RD YEAR\New VovGest\external_datasets\team_incoming_recorded_features\CED\batch_01_manual16\recorded_features\fullsign225_manual5_team_features,C:\BSIT 3RD YEAR\New VovGest\external_datasets\team_incoming_recorded_features\CED\batch_01_manual16\recorded_features\fullsign225_manual5_team_features\PAIN\manual_fullsign225_20260519_164631_seq0029.npy,,skipped_unknown_label,,
CED,BATCH01_MANUAL16,,C:\BSIT 3RD YEAR\New VovGest\external_datasets\team_incoming_recorded_features\CED\batch_01_manual16\recorded_features\fullsign225_manual5_team_features,C:\BSIT 3RD YEAR\New VovGest\external_datasets\team_incoming_recorded_features\CED\batch_01_manual16\recorded_features\fullsign225_manual5_team_features\PAIN\manual_fullsign225_20260519_164631_seq0030.npy,,skipped_unknown_label,,
CED,BATCH01_MANUAL16,,C:\BSIT 3RD YEAR\New VovGest\external_datasets\team_incoming_recorded_features\CED\batch_01_manual16\recorded_features\fullsign225_manual5_team_features,C:\BSIT 3RD YEAR\New VovGest\external_datasets\team_incoming_recorded_features\CED\batch_01_manual16\recorded_features\fullsign225_manual5_team_features\PLEASE\manual_fullsign225_20260519_162414_seq0001.npy,,skipped_unknown_label,,
CED,BATCH01_MANUAL16,,C:\BSIT 3RD YEAR\New VovGest\external_datasets\team_incoming_recorded_features\CED\batch_01_manual16\recorded_features\fullsign225_manual5_team_features,C:\BSIT 3RD YEAR\New VovGest\external_datasets\team_incoming_recorded_features\CED\batch_01_manual16\recorded_features\fullsign225_manual5_team_features\PLEASE\manual_fullsign225_20260519_162414_seq0002.npy,,skipped_unknown_label,,
CED,BATCH01_MANUAL16,,C:\BSIT 3RD YEAR\New VovGest\external_datasets\team_incoming_recorded_features\CED\batch_01_manual16\recorded_features\fullsign225_manual5_team_features,C:\BSIT 3RD YEAR\New VovGest\external_datasets\team_incoming_recorded_features\CED\batch_01_manual16\recorded_features\fullsign225_manual5_team_features\PLEASE\manual_fullsign225_20260519_162414_seq0003.npy,,skipped_unknown_label,,
CED,BATCH01_MANUAL16,,C:\BSIT 3RD YEAR\New VovGest\external_datasets\team_incoming_recorded_features\CED\batch_01_manual16\recorded_features\fullsign225_manual5_team_features,C:\BSIT 3RD YEAR\New VovGest\external_datasets\team_incoming_recorded_features\CED\batch_01_manual16\recorded_features\fullsign225_manual5_team_features\PLEASE\manual_fullsign225_20260519_162414_seq0004.npy,,skipped_unknown_label,,
CED,BATCH01_MANUAL16,,C:\BSIT 3RD YEAR\New VovGest\external_datasets\team_incoming_recorded_features\CED\batch_01_manual16\recorded_features\fullsign225_manual5_team_features,C:\BSIT 3RD YEAR\New VovGest\external_datasets\team_incoming_recorded_features\CED\batch_01_manual16\recorded_features\fullsign225_manual5_team_features\PLEASE\manual_fullsign225_20260519_162414_seq0005.npy,,skipped_unknown_label,,
CED,BATCH01_MANUAL16,,C:\BSIT 3RD YEAR\New VovGest\external_datasets\team_incoming_recorded_features\CED\batch_01_manual16\recorded_features\fullsign225_manual5_team_features,C:\BSIT 3RD YEAR\New VovGest\external_datasets\team_incoming_recorded_features\CED\batch_01_manual16\recorded_features\fullsign225_manual5_team_features\PLEASE\manual_fullsign225_20260519_162414_seq0006.npy,,skipped_unknown_label,,
CED,BATCH01_MANUAL16,,C:\BSIT 3RD YEAR\New VovGest\external_datasets\team_incoming_recorded_features\CED\batch_01_manual16\recorded_features\fullsign225_manual5_team_features,C:\BSIT 3RD YEAR\New VovGest\external_datasets\team_incoming_recorded_features\CED\batch_01_manual16\recorded_features\fullsign225_manual5_team_features\PLEASE\manual_fullsign225_20260519_162414_seq0007.npy,,skipped_unknown_label,,
CED,BATCH01_MANUAL16,,C:\BSIT 3RD YEAR\New VovGest\external_datasets\team_incoming_recorded_features\CED\batch_01_manual16\recorded_features\fullsign225_manual5_team_features,C:\BSIT 3RD YEAR\New VovGest\external_datasets\team_incoming_recorded_features\CED\batch_01_manual16\recorded_features\fullsign225_manual5_team_features\PLEASE\manual_fullsign225_20260519_162414_seq0008.npy,,skipped_unknown_label,,
CED,BATCH01_MANUAL16,,C:\BSIT 3RD YEAR\New VovGest\external_datasets\team_incoming_recorded_features\CED\batch_01_manual16\recorded_features\fullsign225_manual5_team_features,C:\BSIT 3RD YEAR\New VovGest\external_datasets\team_incoming_recorded_features\CED\batch_01_manual16\recorded_features\fullsign225_manual5_team_features\PLEASE\manual_fullsign225_20260519_162414_seq0009.npy,,skipped_unknown_label,,
CED,BATCH01_MANUAL16,,C:\BSIT 3RD YEAR\New VovGest\external_datasets\team_incoming_recorded_features\CED\batch_01_manual16\recorded_features\fullsign225_manual5_team_features,C:\BSIT 3RD YEAR\New VovGest\external_datasets\team_incoming_recorded_features\CED\batch_01_manual16\recorded_features\fullsign225_manual5_team_features\PLEASE\manual_fullsign225_20260519_162414_seq0010.npy,,skipped_unknown_label,,
CED,BATCH01_MANUAL16,,C:\BSIT 3RD YEAR\New VovGest\external_datasets\team_incoming_recorded_features\CED\batch_01_manual16\recorded_features\fullsign225_manual5_team_features,C:\BSIT 3RD YEAR\New VovGest\external_datasets\team_incoming_recorded_features\CED\batch_01_manual16\recorded_features\fullsign225_manual5_team_features\PLEASE\manual_fullsign225_20260519_162414_seq0011.npy,,skipped_unknown_label,,
CED,BATCH01_MANUAL16,,C:\BSIT 3RD YEAR\New VovGest\external_datasets\team_incoming_recorded_features\CED\batch_01_manual16\recorded_features\fullsign225_manual5_team_features,C:\BSIT 3RD YEAR\New VovGest\external_datasets\team_incoming_recorded_features\CED\batch_01_manual16\recorded_features\fullsign225_manual5_team_features\PLEASE\manual_fullsign225_20260519_162414_seq0012.npy,,skipped_unknown_label,,
CED,BATCH01_MANUAL16,,C:\BSIT 3RD YEAR\New VovGest\external_datasets\team_incoming_recorded_features\CED\batch_01_manual16\recorded_features\fullsign225_manual5_team_features,C:\BSIT 3RD YEAR\New VovGest\external_datasets\team_incoming_recorded_features\CED\batch_01_manual16\recorded_features\fullsign225_manual5_team_features\PLEASE\manual_fullsign225_20260519_162414_seq0013.npy,,skipped_unknown_label,,
CED,BATCH01_MANUAL16,,C:\BSIT 3RD YEAR\New VovGest\external_datasets\team_incoming_recorded_features\CED\batch_01_manual16\recorded_features\fullsign225_manual5_team_features,C:\BSIT 3RD YEAR\New VovGest\external_datasets\team_incoming_recorded_features\CED\batch_01_manual16\recorded_features\fullsign225_manual5_team_features\PLEASE\manual_fullsign225_20260519_162414_seq0014.npy,,skipped_unknown_label,,
CED,BATCH01_MANUAL16,,C:\BSIT 3RD YEAR\New VovGest\external_datasets\team_incoming_recorded_features\CED\batch_01_manual16\recorded_features\fullsign225_manual5_team_features,C:\BSIT 3RD YEAR\New VovGest\external_datasets\team_incoming_recorded_features\CED\batch_01_manual16\recorded_features\fullsign225_manual5_team_features\PLEASE\manual_fullsign225_20260519_162414_seq0015.npy,,skipped_unknown_label,,
CED,BATCH01_MANUAL16,,C:\BSIT 3RD YEAR\New VovGest\external_datasets\team_incoming_recorded_features\CED\batch_01_manual16\recorded_features\fullsign225_manual5_team_features,C:\BSIT 3RD YEAR\New VovGest\external_datasets\team_incoming_recorded_features\CED\batch_01_manual16\recorded_features\fullsign225_manual5_team_features\PLEASE\manual_fullsign225_20260519_162414_seq0016.npy,,skipped_unknown_label,,
CED,BATCH01_MANUAL16,,C:\BSIT 3RD YEAR\New VovGest\external_datasets\team_incoming_recorded_features\CED\batch_01_manual16\recorded_features\fullsign225_manual5_team_features,C:\BSIT 3RD YEAR\New VovGest\external_datasets\team_incoming_recorded_features\CED\batch_01_manual16\recorded_features\fullsign225_manual5_team_features\PLEASE\manual_fullsign225_20260519_162414_seq0017.npy,,skipped_unknown_label,,
CED,BATCH01_MANUAL16,,C:\BSIT 3RD YEAR\New VovGest\external_datasets\team_incoming_recorded_features\CED\batch_01_manual16\recorded_features\fullsign225_manual5_team_features,C:\BSIT 3RD YEAR\New VovGest\external_datasets\team_incoming_recorded_features\CED\batch_01_manual16\recorded_features\fullsign225_manual5_team_features\PLEASE\manual_fullsign225_20260519_162414_seq0018.npy,,skipped_unknown_label,,
CED,BATCH01_MANUAL16,,C:\BSIT 3RD YEAR\New VovGest\external_datasets\team_incoming_recorded_features\CED\batch_01_manual16\recorded_features\fullsign225_manual5_team_features,C:\BSIT 3RD YEAR\New VovGest\external_datasets\team_incoming_recorded_features\CED\batch_01_manual16\recorded_features\fullsign225_manual5_team_features\PLEASE\manual_fullsign225_20260519_162414_seq0019.npy,,skipped_unknown_label,,
CED,BATCH01_MANUAL16,,C:\BSIT 3RD YEAR\New VovGest\external_datasets\team_incoming_recorded_features\CED\batch_01_manual16\recorded_features\fullsign225_manual5_team_features,C:\BSIT 3RD YEAR\New VovGest\external_datasets\team_incoming_recorded_features\CED\batch_01_manual16\recorded_features\fullsign225_manual5_team_features\PLEASE\manual_fullsign225_20260519_162414_seq0020.npy,,skipped_unknown_label,,
CED,BATCH01_MANUAL16,,C:\BSIT 3RD YEAR\New VovGest\external_datasets\team_incoming_recorded_features\CED\batch_01_manual16\recorded_features\fullsign225_manual5_team_features,C:\BSIT 3RD YEAR\New VovGest\external_datasets\team_incoming_recorded_features\CED\batch_01_manual16\recorded_features\fullsign225_manual5_team_features\PLEASE\manual_fullsign225_20260519_162414_seq0021.npy,,skipped_unknown_label,,
CED,BATCH01_MANUAL16,,C:\BSIT 3RD YEAR\New VovGest\external_datasets\team_incoming_recorded_features\CED\batch_01_manual16\recorded_features\fullsign225_manual5_team_features,C:\BSIT 3RD YEAR\New VovGest\external_datasets\team_incoming_recorded_features\CED\batch_01_manual16\recorded_features\fullsign225_manual5_team_features\PLEASE\manual_fullsign225_20260519_162414_seq0022.npy,,skipped_unknown_label,,
CED,BATCH01_MANUAL16,,C:\BSIT 3RD YEAR\New VovGest\external_datasets\team_incoming_recorded_features\CED\batch_01_manual16\recorded_features\fullsign225_manual5_team_features,C:\BSIT 3RD YEAR\New VovGest\external_datasets\team_incoming_recorded_features\CED\batch_01_manual16\recorded_features\fullsign225_manual5_team_features\PLEASE\manual_fullsign225_20260519_162414_seq0023.npy,,skipped_unknown_label,,
CED,BATCH01_MANUAL16,,C:\BSIT 3RD YEAR\New VovGest\external_datasets\team_incoming_recorded_features\CED\batch_01_manual16\recorded_features\fullsign225_manual5_team_features,C:\BSIT 3RD YEAR\New VovGest\external_datasets\team_incoming_recorded_features\CED\batch_01_manual16\recorded_features\fullsign225_manual5_team_features\PLEASE\manual_fullsign225_20260519_162414_seq0024.npy,,skipped_unknown_label,,
CED,BATCH01_MANUAL16,,C:\BSIT 3RD YEAR\New VovGest\external_datasets\team_incoming_recorded_features\CED\batch_01_manual16\recorded_features\fullsign225_manual5_team_features,C:\BSIT 3RD YEAR\New VovGest\external_datasets\team_incoming_recorded_features\CED\batch_01_manual16\recorded_features\fullsign225_manual5_team_features\PLEASE\manual_fullsign225_20260519_162414_seq0025.npy,,skipped_unknown_label,,
CED,BATCH01_MANUAL16,,C:\BSIT 3RD YEAR\New VovGest\external_datasets\team_incoming_recorded_features\CED\batch_01_manual16\recorded_features\fullsign225_manual5_team_features,C:\BSIT 3RD YEAR\New VovGest\external_datasets\team_incoming_recorded_features\CED\batch_01_manual16\recorded_features\fullsign225_manual5_team_features\PLEASE\manual_fullsign225_20260519_162414_seq0026.npy,,skipped_unknown_label,,
CED,BATCH01_MANUAL16,,C:\BSIT 3RD YEAR\New VovGest\external_datasets\team_incoming_recorded_features\CED\batch_01_manual16\recorded_features\fullsign225_manual5_team_features,C:\BSIT 3RD YEAR\New VovGest\external_datasets\team_incoming_recorded_features\CED\batch_01_manual16\recorded_features\fullsign225_manual5_team_features\PLEASE\manual_fullsign225_20260519_162414_seq0027.npy,,skipped_unknown_label,,
CED,BATCH01_MANUAL16,,C:\BSIT 3RD YEAR\New VovGest\external_datasets\team_incoming_recorded_features\CED\batch_01_manual16\recorded_features\fullsign225_manual5_team_features,C:\BSIT 3RD YEAR\New VovGest\external_datasets\team_incoming_recorded_features\CED\batch_01_manual16\recorded_features\fullsign225_manual5_team_features\PLEASE\manual_fullsign225_20260519_162414_seq0028.npy,,skipped_unknown_label,,
CED,BATCH01_MANUAL16,,C:\BSIT 3RD YEAR\New VovGest\external_datasets\team_incoming_recorded_features\CED\batch_01_manual16\recorded_features\fullsign225_manual5_team_features,C:\BSIT 3RD YEAR\New VovGest\external_datasets\team_incoming_recorded_features\CED\batch_01_manual16\recorded_features\fullsign225_manual5_team_features\PLEASE\manual_fullsign225_20260519_162414_seq0029.npy,,skipped_unknown_label,,
CED,BATCH01_MANUAL16,,C:\BSIT 3RD YEAR\New VovGest\external_datasets\team_incoming_recorded_features\CED\batch_01_manual16\recorded_features\fullsign225_manual5_team_features,C:\BSIT 3RD YEAR\New VovGest\external_datasets\team_incoming_recorded_features\CED\batch_01_manual16\recorded_features\fullsign225_manual5_team_features\PLEASE\manual_fullsign225_20260519_162414_seq0030.npy,,skipped_unknown_label,,
CED,BATCH01_MANUAL16,,C:\BSIT 3RD YEAR\New VovGest\external_datasets\team_incoming_recorded_features\CED\batch_01_manual16\recorded_features\fullsign225_manual5_team_features,C:\BSIT 3RD YEAR\New VovGest\external_datasets\team_incoming_recorded_features\CED\batch_01_manual16\recorded_features\fullsign225_manual5_team_features\SORRY\manual_fullsign225_20260519_164002_seq0001.npy,,skipped_unknown_label,,
CED,BATCH01_MANUAL16,,C:\BSIT 3RD YEAR\New VovGest\external_datasets\team_incoming_recorded_features\CED\batch_01_manual16\recorded_features\fullsign225_manual5_team_features,C:\BSIT 3RD YEAR\New VovGest\external_datasets\team_incoming_recorded_features\CED\batch_01_manual16\recorded_features\fullsign225_manual5_team_features\SORRY\manual_fullsign225_20260519_164002_seq0002.npy,,skipped_unknown_label,,
CED,BATCH01_MANUAL16,,C:\BSIT 3RD YEAR\New VovGest\external_datasets\team_incoming_recorded_features\CED\batch_01_manual16\recorded_features\fullsign225_manual5_team_features,C:\BSIT 3RD YEAR\New VovGest\external_datasets\team_incoming_recorded_features\CED\batch_01_manual16\recorded_features\fullsign225_manual5_team_features\SORRY\manual_fullsign225_20260519_164002_seq0003.npy,,skipped_unknown_label,,
CED,BATCH01_MANUAL16,,C:\BSIT 3RD YEAR\New VovGest\external_datasets\team_incoming_recorded_features\CED\batch_01_manual16\recorded_features\fullsign225_manual5_team_features,C:\BSIT 3RD YEAR\New VovGest\external_datasets\team_incoming_recorded_features\CED\batch_01_manual16\recorded_features\fullsign225_manual5_team_features\SORRY\manual_fullsign225_20260519_164002_seq0004.npy,,skipped_unknown_label,,
CED,BATCH01_MANUAL16,,C:\BSIT 3RD YEAR\New VovGest\external_datasets\team_incoming_recorded_features\CED\batch_01_manual16\recorded_features\fullsign225_manual5_team_features,C:\BSIT 3RD YEAR\New VovGest\external_datasets\team_incoming_recorded_features\CED\batch_01_manual16\recorded_features\fullsign225_manual5_team_features\SORRY\manual_fullsign225_20260519_164002_seq0005.npy,,skipped_unknown_label,,
CED,BATCH01_MANUAL16,,C:\BSIT 3RD YEAR\New VovGest\external_datasets\team_incoming_recorded_features\CED\batch_01_manual16\recorded_features\fullsign225_manual5_team_features,C:\BSIT 3RD YEAR\New VovGest\external_datasets\team_incoming_recorded_features\CED\batch_01_manual16\recorded_features\fullsign225_manual5_team_features\SORRY\manual_fullsign225_20260519_164002_seq0006.npy,,skipped_unknown_label,,
CED,BATCH01_MANUAL16,,C:\BSIT 3RD YEAR\New VovGest\external_datasets\team_incoming_recorded_features\CED\batch_01_manual16\recorded_features\fullsign225_manual5_team_features,C:\BSIT 3RD YEAR\New VovGest\external_datasets\team_incoming_recorded_features\CED\batch_01_manual16\recorded_features\fullsign225_manual5_team_features\SORRY\manual_fullsign225_20260519_164002_seq0007.npy,,skipped_unknown_label,,
CED,BATCH01_MANUAL16,,C:\BSIT 3RD YEAR\New VovGest\external_datasets\team_incoming_recorded_features\CED\batch_01_manual16\recorded_features\fullsign225_manual5_team_features,C:\BSIT 3RD YEAR\New VovGest\external_datasets\team_incoming_recorded_features\CED\batch_01_manual16\recorded_features\fullsign225_manual5_team_features\SORRY\manual_fullsign225_20260519_164002_seq0008.npy,,skipped_unknown_label,,
CED,BATCH01_MANUAL16,,C:\BSIT 3RD YEAR\New VovGest\external_datasets\team_incoming_recorded_features\CED\batch_01_manual16\recorded_features\fullsign225_manual5_team_features,C:\BSIT 3RD YEAR\New VovGest\external_datasets\team_incoming_recorded_features\CED\batch_01_manual16\recorded_features\fullsign225_manual5_team_features\SORRY\manual_fullsign225_20260519_164002_seq0009.npy,,skipped_unknown_label,,
CED,BATCH01_MANUAL16,,C:\BSIT 3RD YEAR\New VovGest\external_datasets\team_incoming_recorded_features\CED\batch_01_manual16\recorded_features\fullsign225_manual5_team_features,C:\BSIT 3RD YEAR\New VovGest\external_datasets\team_incoming_recorded_features\CED\batch_01_manual16\recorded_features\fullsign225_manual5_team_features\SORRY\manual_fullsign225_20260519_164002_seq0010.npy,,skipped_unknown_label,,
CED,BATCH01_MANUAL16,,C:\BSIT 3RD YEAR\New VovGest\external_datasets\team_incoming_recorded_features\CED\batch_01_manual16\recorded_features\fullsign225_manual5_team_features,C:\BSIT 3RD YEAR\New VovGest\external_datasets\team_incoming_recorded_features\CED\batch_01_manual16\recorded_features\fullsign225_manual5_team_features\SORRY\manual_fullsign225_20260519_164002_seq0011.npy,,skipped_unknown_label,,
CED,BATCH01_MANUAL16,,C:\BSIT 3RD YEAR\New VovGest\external_datasets\team_incoming_recorded_features\CED\batch_01_manual16\recorded_features\fullsign225_manual5_team_features,C:\BSIT 3RD YEAR\New VovGest\external_datasets\team_incoming_recorded_features\CED\batch_01_manual16\recorded_features\fullsign225_manual5_team_features\SORRY\manual_fullsign225_20260519_164002_seq0012.npy,,skipped_unknown_label,,
CED,BATCH01_MANUAL16,,C:\BSIT 3RD YEAR\New VovGest\external_datasets\team_incoming_recorded_features\CED\batch_01_manual16\recorded_features\fullsign225_manual5_team_features,C:\BSIT 3RD YEAR\New VovGest\external_datasets\team_incoming_recorded_features\CED\batch_01_manual16\recorded_features\fullsign225_manual5_team_features\SORRY\manual_fullsign225_20260519_164002_seq0013.npy,,skipped_unknown_label,,
CED,BATCH01_MANUAL16,,C:\BSIT 3RD YEAR\New VovGest\external_datasets\team_incoming_recorded_features\CED\batch_01_manual16\recorded_features\fullsign225_manual5_team_features,C:\BSIT 3RD YEAR\New VovGest\external_datasets\team_incoming_recorded_features\CED\batch_01_manual16\recorded_features\fullsign225_manual5_team_features\SORRY\manual_fullsign225_20260519_164002_seq0014.npy,,skipped_unknown_label,,
CED,BATCH01_MANUAL16,,C:\BSIT 3RD YEAR\New VovGest\external_datasets\team_incoming_recorded_features\CED\batch_01_manual16\recorded_features\fullsign225_manual5_team_features,C:\BSIT 3RD YEAR\New VovGest\external_datasets\team_incoming_recorded_features\CED\batch_01_manual16\recorded_features\fullsign225_manual5_team_features\SORRY\manual_fullsign225_20260519_164002_seq0015.npy,,skipped_unknown_label,,
CED,BATCH01_MANUAL16,,C:\BSIT 3RD YEAR\New VovGest\external_datasets\team_incoming_recorded_features\CED\batch_01_manual16\recorded_features\fullsign225_manual5_team_features,C:\BSIT 3RD YEAR\New VovGest\external_datasets\team_incoming_recorded_features\CED\batch_01_manual16\recorded_features\fullsign225_manual5_team_features\SORRY\manual_fullsign225_20260519_164002_seq0016.npy,,skipped_unknown_label,,
CED,BATCH01_MANUAL16,,C:\BSIT 3RD YEAR\New VovGest\external_datasets\team_incoming_recorded_features\CED\batch_01_manual16\recorded_features\fullsign225_manual5_team_features,C:\BSIT 3RD YEAR\New VovGest\external_datasets\team_incoming_recorded_features\CED\batch_01_manual16\recorded_features\fullsign225_manual5_team_features\SORRY\manual_fullsign225_20260519_164002_seq0017.npy,,skipped_unknown_label,,
CED,BATCH01_MANUAL16,,C:\BSIT 3RD YEAR\New VovGest\external_datasets\team_incoming_recorded_features\CED\batch_01_manual16\recorded_features\fullsign225_manual5_team_features,C:\BSIT 3RD YEAR\New VovGest\external_datasets\team_incoming_recorded_features\CED\batch_01_manual16\recorded_features\fullsign225_manual5_team_features\SORRY\manual_fullsign225_20260519_164002_seq0018.npy,,skipped_unknown_label,,
CED,BATCH01_MANUAL16,,C:\BSIT 3RD YEAR\New VovGest\external_datasets\team_incoming_recorded_features\CED\batch_01_manual16\recorded_features\fullsign225_manual5_team_features,C:\BSIT 3RD YEAR\New VovGest\external_datasets\team_incoming_recorded_features\CED\batch_01_manual16\recorded_features\fullsign225_manual5_team_features\SORRY\manual_fullsign225_20260519_164002_seq0019.npy,,skipped_unknown_label,,
CED,BATCH01_MANUAL16,,C:\BSIT 3RD YEAR\New VovGest\external_datasets\team_incoming_recorded_features\CED\batch_01_manual16\recorded_features\fullsign225_manual5_team_features,C:\BSIT 3RD YEAR\New VovGest\external_datasets\team_incoming_recorded_features\CED\batch_01_manual16\recorded_features\fullsign225_manual5_team_features\SORRY\manual_fullsign225_20260519_164002_seq0020.npy,,skipped_unknown_label,,
CED,BATCH01_MANUAL16,,C:\BSIT 3RD YEAR\New VovGest\external_datasets\team_incoming_recorded_features\CED\batch_01_manual16\recorded_features\fullsign225_manual5_team_features,C:\BSIT 3RD YEAR\New VovGest\external_datasets\team_incoming_recorded_features\CED\batch_01_manual16\recorded_features\fullsign225_manual5_team_features\SORRY\manual_fullsign225_20260519_164002_seq0021.npy,,skipped_unknown_label,,
CED,BATCH01_MANUAL16,,C:\BSIT 3RD YEAR\New VovGest\external_datasets\team_incoming_recorded_features\CED\batch_01_manual16\recorded_features\fullsign225_manual5_team_features,C:\BSIT 3RD YEAR\New VovGest\external_datasets\team_incoming_recorded_features\CED\batch_01_manual16\recorded_features\fullsign225_manual5_team_features\SORRY\manual_fullsign225_20260519_164002_seq0022.npy,,skipped_unknown_label,,
CED,BATCH01_MANUAL16,,C:\BSIT 3RD YEAR\New VovGest\external_datasets\team_incoming_recorded_features\CED\batch_01_manual16\recorded_features\fullsign225_manual5_team_features,C:\BSIT 3RD YEAR\New VovGest\external_datasets\team_incoming_recorded_features\CED\batch_01_manual16\recorded_features\fullsign225_manual5_team_features\SORRY\manual_fullsign225_20260519_164002_seq0023.npy,,skipped_unknown_label,,
CED,BATCH01_MANUAL16,,C:\BSIT 3RD YEAR\New VovGest\external_datasets\team_incoming_recorded_features\CED\batch_01_manual16\recorded_features\fullsign225_manual5_team_features,C:\BSIT 3RD YEAR\New VovGest\external_datasets\team_incoming_recorded_features\CED\batch_01_manual16\recorded_features\fullsign225_manual5_team_features\SORRY\manual_fullsign225_20260519_164002_seq0024.npy,,skipped_unknown_label,,
CED,BATCH01_MANUAL16,,C:\BSIT 3RD YEAR\New VovGest\external_datasets\team_incoming_recorded_features\CED\batch_01_manual16\recorded_features\fullsign225_manual5_team_features,C:\BSIT 3RD YEAR\New VovGest\external_datasets\team_incoming_recorded_features\CED\batch_01_manual16\recorded_features\fullsign225_manual5_team_features\SORRY\manual_fullsign225_20260519_164002_seq0025.npy,,skipped_unknown_label,,
CED,BATCH01_MANUAL16,,C:\BSIT 3RD YEAR\New VovGest\external_datasets\team_incoming_recorded_features\CED\batch_01_manual16\recorded_features\fullsign225_manual5_team_features,C:\BSIT 3RD YEAR\New VovGest\external_datasets\team_incoming_recorded_features\CED\batch_01_manual16\recorded_features\fullsign225_manual5_team_features\SORRY\manual_fullsign225_20260519_164002_seq0026.npy,,skipped_unknown_label,,
CED,BATCH01_MANUAL16,,C:\BSIT 3RD YEAR\New VovGest\external_datasets\team_incoming_recorded_features\CED\batch_01_manual16\recorded_features\fullsign225_manual5_team_features,C:\BSIT 3RD YEAR\New VovGest\external_datasets\team_incoming_recorded_features\CED\batch_01_manual16\recorded_features\fullsign225_manual5_team_features\SORRY\manual_fullsign225_20260519_164002_seq0027.npy,,skipped_unknown_label,,
CED,BATCH01_MANUAL16,,C:\BSIT 3RD YEAR\New VovGest\external_datasets\team_incoming_recorded_features\CED\batch_01_manual16\recorded_features\fullsign225_manual5_team_features,C:\BSIT 3RD YEAR\New VovGest\external_datasets\team_incoming_recorded_features\CED\batch_01_manual16\recorded_features\fullsign225_manual5_team_features\SORRY\manual_fullsign225_20260519_164002_seq0028.npy,,skipped_unknown_label,,
CED,BATCH01_MANUAL16,,C:\BSIT 3RD YEAR\New VovGest\external_datasets\team_incoming_recorded_features\CED\batch_01_manual16\recorded_features\fullsign225_manual5_team_features,C:\BSIT 3RD YEAR\New VovGest\external_datasets\team_incoming_recorded_features\CED\batch_01_manual16\recorded_features\fullsign225_manual5_team_features\SORRY\manual_fullsign225_20260519_164002_seq0029.npy,,skipped_unknown_label,,
CED,BATCH01_MANUAL16,,C:\BSIT 3RD YEAR\New VovGest\external_datasets\team_incoming_recorded_features\CED\batch_01_manual16\recorded_features\fullsign225_manual5_team_features,C:\BSIT 3RD YEAR\New VovGest\external_datasets\team_incoming_recorded_features\CED\batch_01_manual16\recorded_features\fullsign225_manual5_team_features\SORRY\manual_fullsign225_20260519_164002_seq0030.npy,,skipped_unknown_label,,
CED,BATCH01_MANUAL16,,C:\BSIT 3RD YEAR\New VovGest\external_datasets\team_incoming_recorded_features\CED\batch_01_manual16\recorded_features\fullsign225_manual5_team_features,C:\BSIT 3RD YEAR\New VovGest\external_datasets\team_incoming_recorded_features\CED\batch_01_manual16\recorded_features\fullsign225_manual5_team_features\STOP\manual_fullsign225_20260519_161158_seq0001.npy,,skipped_unknown_label,,
CED,BATCH01_MANUAL16,,C:\BSIT 3RD YEAR\New VovGest\external_datasets\team_incoming_recorded_features\CED\batch_01_manual16\recorded_features\fullsign225_manual5_team_features,C:\BSIT 3RD YEAR\New VovGest\external_datasets\team_incoming_recorded_features\CED\batch_01_manual16\recorded_features\fullsign225_manual5_team_features\STOP\manual_fullsign225_20260519_161158_seq0002.npy,,skipped_unknown_label,,
CED,BATCH01_MANUAL16,,C:\BSIT 3RD YEAR\New VovGest\external_datasets\team_incoming_recorded_features\CED\batch_01_manual16\recorded_features\fullsign225_manual5_team_features,C:\BSIT 3RD YEAR\New VovGest\external_datasets\team_incoming_recorded_features\CED\batch_01_manual16\recorded_features\fullsign225_manual5_team_features\STOP\manual_fullsign225_20260519_161158_seq0003.npy,,skipped_unknown_label,,
CED,BATCH01_MANUAL16,,C:\BSIT 3RD YEAR\New VovGest\external_datasets\team_incoming_recorded_features\CED\batch_01_manual16\recorded_features\fullsign225_manual5_team_features,C:\BSIT 3RD YEAR\New VovGest\external_datasets\team_incoming_recorded_features\CED\batch_01_manual16\recorded_features\fullsign225_manual5_team_features\STOP\manual_fullsign225_20260519_161158_seq0004.npy,,skipped_unknown_label,,
CED,BATCH01_MANUAL16,,C:\BSIT 3RD YEAR\New VovGest\external_datasets\team_incoming_recorded_features\CED\batch_01_manual16\recorded_features\fullsign225_manual5_team_features,C:\BSIT 3RD YEAR\New VovGest\external_datasets\team_incoming_recorded_features\CED\batch_01_manual16\recorded_features\fullsign225_manual5_team_features\STOP\manual_fullsign225_20260519_161158_seq0005.npy,,skipped_unknown_label,,
CED,BATCH01_MANUAL16,,C:\BSIT 3RD YEAR\New VovGest\external_datasets\team_incoming_recorded_features\CED\batch_01_manual16\recorded_features\fullsign225_manual5_team_features,C:\BSIT 3RD YEAR\New VovGest\external_datasets\team_incoming_recorded_features\CED\batch_01_manual16\recorded_features\fullsign225_manual5_team_features\STOP\manual_fullsign225_20260519_161158_seq0006.npy,,skipped_unknown_label,,
CED,BATCH01_MANUAL16,,C:\BSIT 3RD YEAR\New VovGest\external_datasets\team_incoming_recorded_features\CED\batch_01_manual16\recorded_features\fullsign225_manual5_team_features,C:\BSIT 3RD YEAR\New VovGest\external_datasets\team_incoming_recorded_features\CED\batch_01_manual16\recorded_features\fullsign225_manual5_team_features\STOP\manual_fullsign225_20260519_161158_seq0007.npy,,skipped_unknown_label,,
CED,BATCH01_MANUAL16,,C:\BSIT 3RD YEAR\New VovGest\external_datasets\team_incoming_recorded_features\CED\batch_01_manual16\recorded_features\fullsign225_manual5_team_features,C:\BSIT 3RD YEAR\New VovGest\external_datasets\team_incoming_recorded_features\CED\batch_01_manual16\recorded_features\fullsign225_manual5_team_features\STOP\manual_fullsign225_20260519_161158_seq0008.npy,,skipped_unknown_label,,
CED,BATCH01_MANUAL16,,C:\BSIT 3RD YEAR\New VovGest\external_datasets\team_incoming_recorded_features\CED\batch_01_manual16\recorded_features\fullsign225_manual5_team_features,C:\BSIT 3RD YEAR\New VovGest\external_datasets\team_incoming_recorded_features\CED\batch_01_manual16\recorded_features\fullsign225_manual5_team_features\STOP\manual_fullsign225_20260519_161158_seq0009.npy,,skipped_unknown_label,,
CED,BATCH01_MANUAL16,,C:\BSIT 3RD YEAR\New VovGest\external_datasets\team_incoming_recorded_features\CED\batch_01_manual16\recorded_features\fullsign225_manual5_team_features,C:\BSIT 3RD YEAR\New VovGest\external_datasets\team_incoming_recorded_features\CED\batch_01_manual16\recorded_features\fullsign225_manual5_team_features\STOP\manual_fullsign225_20260519_161158_seq0010.npy,,skipped_unknown_label,,
CED,BATCH01_MANUAL16,,C:\BSIT 3RD YEAR\New VovGest\external_datasets\team_incoming_recorded_features\CED\batch_01_manual16\recorded_features\fullsign225_manual5_team_features,C:\BSIT 3RD YEAR\New VovGest\external_datasets\team_incoming_recorded_features\CED\batch_01_manual16\recorded_features\fullsign225_manual5_team_features\STOP\manual_fullsign225_20260519_161158_seq0011.npy,,skipped_unknown_label,,
CED,BATCH01_MANUAL16,,C:\BSIT 3RD YEAR\New VovGest\external_datasets\team_incoming_recorded_features\CED\batch_01_manual16\recorded_features\fullsign225_manual5_team_features,C:\BSIT 3RD YEAR\New VovGest\external_datasets\team_incoming_recorded_features\CED\batch_01_manual16\recorded_features\fullsign225_manual5_team_features\STOP\manual_fullsign225_20260519_161158_seq0012.npy,,skipped_unknown_label,,
CED,BATCH01_MANUAL16,,C:\BSIT 3RD YEAR\New VovGest\external_datasets\team_incoming_recorded_features\CED\batch_01_manual16\recorded_features\fullsign225_manual5_team_features,C:\BSIT 3RD YEAR\New VovGest\external_datasets\team_incoming_recorded_features\CED\batch_01_manual16\recorded_features\fullsign225_manual5_team_features\STOP\manual_fullsign225_20260519_161158_seq0013.npy,,skipped_unknown_label,,
CED,BATCH01_MANUAL16,,C:\BSIT 3RD YEAR\New VovGest\external_datasets\team_incoming_recorded_features\CED\batch_01_manual16\recorded_features\fullsign225_manual5_team_features,C:\BSIT 3RD YEAR\New VovGest\external_datasets\team_incoming_recorded_features\CED\batch_01_manual16\recorded_features\fullsign225_manual5_team_features\STOP\manual_fullsign225_20260519_161158_seq0014.npy,,skipped_unknown_label,,
CED,BATCH01_MANUAL16,,C:\BSIT 3RD YEAR\New VovGest\external_datasets\team_incoming_recorded_features\CED\batch_01_manual16\recorded_features\fullsign225_manual5_team_features,C:\BSIT 3RD YEAR\New VovGest\external_datasets\team_incoming_recorded_features\CED\batch_01_manual16\recorded_features\fullsign225_manual5_team_features\STOP\manual_fullsign225_20260519_161158_seq0015.npy,,skipped_unknown_label,,
CED,BATCH01_MANUAL16,,C:\BSIT 3RD YEAR\New VovGest\external_datasets\team_incoming_recorded_features\CED\batch_01_manual16\recorded_features\fullsign225_manual5_team_features,C:\BSIT 3RD YEAR\New VovGest\external_datasets\team_incoming_recorded_features\CED\batch_01_manual16\recorded_features\fullsign225_manual5_team_features\STOP\manual_fullsign225_20260519_161158_seq0016.npy,,skipped_unknown_label,,
CED,BATCH01_MANUAL16,,C:\BSIT 3RD YEAR\New VovGest\external_datasets\team_incoming_recorded_features\CED\batch_01_manual16\recorded_features\fullsign225_manual5_team_features,C:\BSIT 3RD YEAR\New VovGest\external_datasets\team_incoming_recorded_features\CED\batch_01_manual16\recorded_features\fullsign225_manual5_team_features\STOP\manual_fullsign225_20260519_161158_seq0017.npy,,skipped_unknown_label,,
CED,BATCH01_MANUAL16,,C:\BSIT 3RD YEAR\New VovGest\external_datasets\team_incoming_recorded_features\CED\batch_01_manual16\recorded_features\fullsign225_manual5_team_features,C:\BSIT 3RD YEAR\New VovGest\external_datasets\team_incoming_recorded_features\CED\batch_01_manual16\recorded_features\fullsign225_manual5_team_features\STOP\manual_fullsign225_20260519_161158_seq0018.npy,,skipped_unknown_label,,
CED,BATCH01_MANUAL16,,C:\BSIT 3RD YEAR\New VovGest\external_datasets\team_incoming_recorded_features\CED\batch_01_manual16\recorded_features\fullsign225_manual5_team_features,C:\BSIT 3RD YEAR\New VovGest\external_datasets\team_incoming_recorded_features\CED\batch_01_manual16\recorded_features\fullsign225_manual5_team_features\STOP\manual_fullsign225_20260519_161158_seq0019.npy,,skipped_unknown_label,,
CED,BATCH01_MANUAL16,,C:\BSIT 3RD YEAR\New VovGest\external_datasets\team_incoming_recorded_features\CED\batch_01_manual16\recorded_features\fullsign225_manual5_team_features,C:\BSIT 3RD YEAR\New VovGest\external_datasets\team_incoming_recorded_features\CED\batch_01_manual16\recorded_features\fullsign225_manual5_team_features\STOP\manual_fullsign225_20260519_161158_seq0020.npy,,skipped_unknown_label,,
CED,BATCH01_MANUAL16,,C:\BSIT 3RD YEAR\New VovGest\external_datasets\team_incoming_recorded_features\CED\batch_01_manual16\recorded_features\fullsign225_manual5_team_features,C:\BSIT 3RD YEAR\New VovGest\external_datasets\team_incoming_recorded_features\CED\batch_01_manual16\recorded_features\fullsign225_manual5_team_features\STOP\manual_fullsign225_20260519_161158_seq0021.npy,,skipped_unknown_label,,
CED,BATCH01_MANUAL16,,C:\BSIT 3RD YEAR\New VovGest\external_datasets\team_incoming_recorded_features\CED\batch_01_manual16\recorded_features\fullsign225_manual5_team_features,C:\BSIT 3RD YEAR\New VovGest\external_datasets\team_incoming_recorded_features\CED\batch_01_manual16\recorded_features\fullsign225_manual5_team_features\STOP\manual_fullsign225_20260519_161158_seq0022.npy,,skipped_unknown_label,,
CED,BATCH01_MANUAL16,,C:\BSIT 3RD YEAR\New VovGest\external_datasets\team_incoming_recorded_features\CED\batch_01_manual16\recorded_features\fullsign225_manual5_team_features,C:\BSIT 3RD YEAR\New VovGest\external_datasets\team_incoming_recorded_features\CED\batch_01_manual16\recorded_features\fullsign225_manual5_team_features\STOP\manual_fullsign225_20260519_161158_seq0023.npy,,skipped_unknown_label,,
CED,BATCH01_MANUAL16,,C:\BSIT 3RD YEAR\New VovGest\external_datasets\team_incoming_recorded_features\CED\batch_01_manual16\recorded_features\fullsign225_manual5_team_features,C:\BSIT 3RD YEAR\New VovGest\external_datasets\team_incoming_recorded_features\CED\batch_01_manual16\recorded_features\fullsign225_manual5_team_features\STOP\manual_fullsign225_20260519_161158_seq0024.npy,,skipped_unknown_label,,
CED,BATCH01_MANUAL16,,C:\BSIT 3RD YEAR\New VovGest\external_datasets\team_incoming_recorded_features\CED\batch_01_manual16\recorded_features\fullsign225_manual5_team_features,C:\BSIT 3RD YEAR\New VovGest\external_datasets\team_incoming_recorded_features\CED\batch_01_manual16\recorded_features\fullsign225_manual5_team_features\STOP\manual_fullsign225_20260519_161158_seq0025.npy,,skipped_unknown_label,,
CED,BATCH01_MANUAL16,,C:\BSIT 3RD YEAR\New VovGest\external_datasets\team_incoming_recorded_features\CED\batch_01_manual16\recorded_features\fullsign225_manual5_team_features,C:\BSIT 3RD YEAR\New VovGest\external_datasets\team_incoming_recorded_features\CED\batch_01_manual16\recorded_features\fullsign225_manual5_team_features\STOP\manual_fullsign225_20260519_161158_seq0026.npy,,skipped_unknown_label,,
CED,BATCH01_MANUAL16,,C:\BSIT 3RD YEAR\New VovGest\external_datasets\team_incoming_recorded_features\CED\batch_01_manual16\recorded_features\fullsign225_manual5_team_features,C:\BSIT 3RD YEAR\New VovGest\external_datasets\team_incoming_recorded_features\CED\batch_01_manual16\recorded_features\fullsign225_manual5_team_features\STOP\manual_fullsign225_20260519_161158_seq0027.npy,,skipped_unknown_label,,
CED,BATCH01_MANUAL16,,C:\BSIT 3RD YEAR\New VovGest\external_datasets\team_incoming_recorded_features\CED\batch_01_manual16\recorded_features\fullsign225_manual5_team_features,C:\BSIT 3RD YEAR\New VovGest\external_datasets\team_incoming_recorded_features\CED\batch_01_manual16\recorded_features\fullsign225_manual5_team_features\STOP\manual_fullsign225_20260519_161158_seq0028.npy,,skipped_unknown_label,,
CED,BATCH01_MANUAL16,,C:\BSIT 3RD YEAR\New VovGest\external_datasets\team_incoming_recorded_features\CED\batch_01_manual16\recorded_features\fullsign225_manual5_team_features,C:\BSIT 3RD YEAR\New VovGest\external_datasets\team_incoming_recorded_features\CED\batch_01_manual16\recorded_features\fullsign225_manual5_team_features\STOP\manual_fullsign225_20260519_161158_seq0029.npy,,skipped_unknown_label,,
CED,BATCH01_MANUAL16,,C:\BSIT 3RD YEAR\New VovGest\external_datasets\team_incoming_recorded_features\CED\batch_01_manual16\recorded_features\fullsign225_manual5_team_features,C:\BSIT 3RD YEAR\New VovGest\external_datasets\team_incoming_recorded_features\CED\batch_01_manual16\recorded_features\fullsign225_manual5_team_features\STOP\manual_fullsign225_20260519_161158_seq0030.npy,,skipped_unknown_label,,
CED,BATCH01_MANUAL16,THANKYOU,C:\BSIT 3RD YEAR\New VovGest\external_datasets\team_incoming_recorded_features\CED\batch_01_manual16\recorded_features\fullsign225_manual5_team_features,C:\BSIT 3RD YEAR\New VovGest\external_datasets\team_incoming_recorded_features\CED\batch_01_manual16\recorded_features\fullsign225_manual5_team_features\THANKYOU\manual_fullsign225_20260519_162830_seq0001.npy,C:\BSIT 3RD YEAR\New VovGest\external_datasets\fullsign225_manual5_team_features_v2\THANKYOU\CED_BATCH01_MANUAL16_THANKYOU_071_03104382.npy,copied,"(30, 225)",
CED,BATCH01_MANUAL16,THANKYOU,C:\BSIT 3RD YEAR\New VovGest\external_datasets\team_incoming_recorded_features\CED\batch_01_manual16\recorded_features\fullsign225_manual5_team_features,C:\BSIT 3RD YEAR\New VovGest\external_datasets\team_incoming_recorded_features\CED\batch_01_manual16\recorded_features\fullsign225_manual5_team_features\THANKYOU\manual_fullsign225_20260519_162830_seq0002.npy,C:\BSIT 3RD YEAR\New VovGest\external_datasets\fullsign225_manual5_team_features_v2\THANKYOU\CED_BATCH01_MANUAL16_THANKYOU_072_8539F058.npy,copied,"(30, 225)",
CED,BATCH01_MANUAL16,THANKYOU,C:\BSIT 3RD YEAR\New VovGest\external_datasets\team_incoming_recorded_features\CED\batch_01_manual16\recorded_features\fullsign225_manual5_team_features,C:\BSIT 3RD YEAR\New VovGest\external_datasets\team_incoming_recorded_features\CED\batch_01_manual16\recorded_features\fullsign225_manual5_team_features\THANKYOU\manual_fullsign225_20260519_162830_seq0003.npy,C:\BSIT 3RD YEAR\New VovGest\external_datasets\fullsign225_manual5_team_features_v2\THANKYOU\CED_BATCH01_MANUAL16_THANKYOU_073_0E0DC359.npy,copied,"(30, 225)",
CED,BATCH01_MANUAL16,THANKYOU,C:\BSIT 3RD YEAR\New VovGest\external_datasets\team_incoming_recorded_features\CED\batch_01_manual16\recorded_features\fullsign225_manual5_team_features,C:\BSIT 3RD YEAR\New VovGest\external_datasets\team_incoming_recorded_features\CED\batch_01_manual16\recorded_features\fullsign225_manual5_team_features\THANKYOU\manual_fullsign225_20260519_162830_seq0004.npy,C:\BSIT 3RD YEAR\New VovGest\external_datasets\fullsign225_manual5_team_features_v2\THANKYOU\CED_BATCH01_MANUAL16_THANKYOU_074_A466BA24.npy,copied,"(30, 225)",
CED,BATCH01_MANUAL16,THANKYOU,C:\BSIT 3RD YEAR\New VovGest\external_datasets\team_incoming_recorded_features\CED\batch_01_manual16\recorded_features\fullsign225_manual5_team_features,C:\BSIT 3RD YEAR\New VovGest\external_datasets\team_incoming_recorded_features\CED\batch_01_manual16\recorded_features\fullsign225_manual5_team_features\THANKYOU\manual_fullsign225_20260519_162830_seq0005.npy,C:\BSIT 3RD YEAR\New VovGest\external_datasets\fullsign225_manual5_team_features_v2\THANKYOU\CED_BATCH01_MANUAL16_THANKYOU_075_D2716E3F.npy,copied,"(30, 225)",
CED,BATCH01_MANUAL16,THANKYOU,C:\BSIT 3RD YEAR\New VovGest\external_datasets\team_incoming_recorded_features\CED\batch_01_manual16\recorded_features\fullsign225_manual5_team_features,C:\BSIT 3RD YEAR\New VovGest\external_datasets\team_incoming_recorded_features\CED\batch_01_manual16\recorded_features\fullsign225_manual5_team_features\THANKYOU\manual_fullsign225_20260519_162830_seq0006.npy,C:\BSIT 3RD YEAR\New VovGest\external_datasets\fullsign225_manual5_team_features_v2\THANKYOU\CED_BATCH01_MANUAL16_THANKYOU_076_4869163C.npy,copied,"(30, 225)",
CED,BATCH01_MANUAL16,THANKYOU,C:\BSIT 3RD YEAR\New VovGest\external_datasets\team_incoming_recorded_features\CED\batch_01_manual16\recorded_features\fullsign225_manual5_team_features,C:\BSIT 3RD YEAR\New VovGest\external_datasets\team_incoming_recorded_features\CED\batch_01_manual16\recorded_features\fullsign225_manual5_team_features\THANKYOU\manual_fullsign225_20260519_162830_seq0007.npy,C:\BSIT 3RD YEAR\New VovGest\external_datasets\fullsign225_manual5_team_features_v2\THANKYOU\CED_BATCH01_MANUAL16_THANKYOU_077_A020C447.npy,copied,"(30, 225)",
CED,BATCH01_MANUAL16,THANKYOU,C:\BSIT 3RD YEAR\New VovGest\external_datasets\team_incoming_recorded_features\CED\batch_01_manual16\recorded_features\fullsign225_manual5_team_features,C:\BSIT 3RD YEAR\New VovGest\external_datasets\team_incoming_recorded_features\CED\batch_01_manual16\recorded_features\fullsign225_manual5_team_features\THANKYOU\manual_fullsign225_20260519_162830_seq0008.npy,C:\BSIT 3RD YEAR\New VovGest\external_datasets\fullsign225_manual5_team_features_v2\THANKYOU\CED_BATCH01_MANUAL16_THANKYOU_078_C9B98A0E.npy,copied,"(30, 225)",
CED,BATCH01_MANUAL16,THANKYOU,C:\BSIT 3RD YEAR\New VovGest\external_datasets\team_incoming_recorded_features\CED\batch_01_manual16\recorded_features\fullsign225_manual5_team_features,C:\BSIT 3RD YEAR\New VovGest\external_datasets\team_incoming_recorded_features\CED\batch_01_manual16\recorded_features\fullsign225_manual5_team_features\THANKYOU\manual_fullsign225_20260519_162830_seq0009.npy,C:\BSIT 3RD YEAR\New VovGest\external_datasets\fullsign225_manual5_team_features_v2\THANKYOU\CED_BATCH01_MANUAL16_THANKYOU_079_4F0C4583.npy,copied,"(30, 225)",
CED,BATCH01_MANUAL16,THANKYOU,C:\BSIT 3RD YEAR\New VovGest\external_datasets\team_incoming_recorded_features\CED\batch_01_manual16\recorded_features\fullsign225_manual5_team_features,C:\BSIT 3RD YEAR\New VovGest\external_datasets\team_incoming_recorded_features\CED\batch_01_manual16\recorded_features\fullsign225_manual5_team_features\THANKYOU\manual_fullsign225_20260519_162830_seq0010.npy,C:\BSIT 3RD YEAR\New VovGest\external_datasets\fullsign225_manual5_team_features_v2\THANKYOU\CED_BATCH01_MANUAL16_THANKYOU_080_B055CF9E.npy,copied,"(30, 225)",
CED,BATCH01_MANUAL16,THANKYOU,C:\BSIT 3RD YEAR\New VovGest\external_datasets\team_incoming_recorded_features\CED\batch_01_manual16\recorded_features\fullsign225_manual5_team_features,C:\BSIT 3RD YEAR\New VovGest\external_datasets\team_incoming_recorded_features\CED\batch_01_manual16\recorded_features\fullsign225_manual5_team_features\THANKYOU\manual_fullsign225_20260519_162830_seq0011.npy,C:\BSIT 3RD YEAR\New VovGest\external_datasets\fullsign225_manual5_team_features_v2\THANKYOU\CED_BATCH01_MANUAL16_THANKYOU_081_DDE0DE43.npy,copied,"(30, 225)",
CED,BATCH01_MANUAL16,THANKYOU,C:\BSIT 3RD YEAR\New VovGest\external_datasets\team_incoming_recorded_features\CED\batch_01_manual16\recorded_features\fullsign225_manual5_team_features,C:\BSIT 3RD YEAR\New VovGest\external_datasets\team_incoming_recorded_features\CED\batch_01_manual16\recorded_features\fullsign225_manual5_team_features\THANKYOU\manual_fullsign225_20260519_162830_seq0012.npy,C:\BSIT 3RD YEAR\New VovGest\external_datasets\fullsign225_manual5_team_features_v2\THANKYOU\CED_BATCH01_MANUAL16_THANKYOU_082_392D016B.npy,copied,"(30, 225)",
CED,BATCH01_MANUAL16,THANKYOU,C:\BSIT 3RD YEAR\New VovGest\external_datasets\team_incoming_recorded_features\CED\batch_01_manual16\recorded_features\fullsign225_manual5_team_features,C:\BSIT 3RD YEAR\New VovGest\external_datasets\team_incoming_recorded_features\CED\batch_01_manual16\recorded_features\fullsign225_manual5_team_features\THANKYOU\manual_fullsign225_20260519_162830_seq0013.npy,C:\BSIT 3RD YEAR\New VovGest\external_datasets\fullsign225_manual5_team_features_v2\THANKYOU\CED_BATCH01_MANUAL16_THANKYOU_083_B79C4288.npy,copied,"(30, 225)",
CED,BATCH01_MANUAL16,THANKYOU,C:\BSIT 3RD YEAR\New VovGest\external_datasets\team_incoming_recorded_features\CED\batch_01_manual16\recorded_features\fullsign225_manual5_team_features,C:\BSIT 3RD YEAR\New VovGest\external_datasets\team_incoming_recorded_features\CED\batch_01_manual16\recorded_features\fullsign225_manual5_team_features\THANKYOU\manual_fullsign225_20260519_162830_seq0014.npy,C:\BSIT 3RD YEAR\New VovGest\external_datasets\fullsign225_manual5_team_features_v2\THANKYOU\CED_BATCH01_MANUAL16_THANKYOU_084_601578C0.npy,copied,"(30, 225)",
CED,BATCH01_MANUAL16,THANKYOU,C:\BSIT 3RD YEAR\New VovGest\external_datasets\team_incoming_recorded_features\CED\batch_01_manual16\recorded_features\fullsign225_manual5_team_features,C:\BSIT 3RD YEAR\New VovGest\external_datasets\team_incoming_recorded_features\CED\batch_01_manual16\recorded_features\fullsign225_manual5_team_features\THANKYOU\manual_fullsign225_20260519_162830_seq0015.npy,C:\BSIT 3RD YEAR\New VovGest\external_datasets\fullsign225_manual5_team_features_v2\THANKYOU\CED_BATCH01_MANUAL16_THANKYOU_085_ADD20A0A.npy,copied,"(30, 225)",
CED,BATCH01_MANUAL16,THANKYOU,C:\BSIT 3RD YEAR\New VovGest\external_datasets\team_incoming_recorded_features\CED\batch_01_manual16\recorded_features\fullsign225_manual5_team_features,C:\BSIT 3RD YEAR\New VovGest\external_datasets\team_incoming_recorded_features\CED\batch_01_manual16\recorded_features\fullsign225_manual5_team_features\THANKYOU\manual_fullsign225_20260519_162830_seq0016.npy,C:\BSIT 3RD YEAR\New VovGest\external_datasets\fullsign225_manual5_team_features_v2\THANKYOU\CED_BATCH01_MANUAL16_THANKYOU_086_3FA03AB4.npy,copied,"(30, 225)",
CED,BATCH01_MANUAL16,THANKYOU,C:\BSIT 3RD YEAR\New VovGest\external_datasets\team_incoming_recorded_features\CED\batch_01_manual16\recorded_features\fullsign225_manual5_team_features,C:\BSIT 3RD YEAR\New VovGest\external_datasets\team_incoming_recorded_features\CED\batch_01_manual16\recorded_features\fullsign225_manual5_team_features\THANKYOU\manual_fullsign225_20260519_162830_seq0017.npy,C:\BSIT 3RD YEAR\New VovGest\external_datasets\fullsign225_manual5_team_features_v2\THANKYOU\CED_BATCH01_MANUAL16_THANKYOU_087_82CB8997.npy,copied,"(30, 225)",
CED,BATCH01_MANUAL16,THANKYOU,C:\BSIT 3RD YEAR\New VovGest\external_datasets\team_incoming_recorded_features\CED\batch_01_manual16\recorded_features\fullsign225_manual5_team_features,C:\BSIT 3RD YEAR\New VovGest\external_datasets\team_incoming_recorded_features\CED\batch_01_manual16\recorded_features\fullsign225_manual5_team_features\THANKYOU\manual_fullsign225_20260519_162830_seq0018.npy,C:\BSIT 3RD YEAR\New VovGest\external_datasets\fullsign225_manual5_team_features_v2\THANKYOU\CED_BATCH01_MANUAL16_THANKYOU_088_87B14B6E.npy,copied,"(30, 225)",
CED,BATCH01_MANUAL16,THANKYOU,C:\BSIT 3RD YEAR\New VovGest\external_datasets\team_incoming_recorded_features\CED\batch_01_manual16\recorded_features\fullsign225_manual5_team_features,C:\BSIT 3RD YEAR\New VovGest\external_datasets\team_incoming_recorded_features\CED\batch_01_manual16\recorded_features\fullsign225_manual5_team_features\THANKYOU\manual_fullsign225_20260519_162830_seq0019.npy,C:\BSIT 3RD YEAR\New VovGest\external_datasets\fullsign225_manual5_team_features_v2\THANKYOU\CED_BATCH01_MANUAL16_THANKYOU_089_69B7C9CC.npy,copied,"(30, 225)",
CED,BATCH01_MANUAL16,THANKYOU,C:\BSIT 3RD YEAR\New VovGest\external_datasets\team_incoming_recorded_features\CED\batch_01_manual16\recorded_features\fullsign225_manual5_team_features,C:\BSIT 3RD YEAR\New VovGest\external_datasets\team_incoming_recorded_features\CED\batch_01_manual16\recorded_features\fullsign225_manual5_team_features\THANKYOU\manual_fullsign225_20260519_162830_seq0020.npy,C:\BSIT 3RD YEAR\New VovGest\external_datasets\fullsign225_manual5_team_features_v2\THANKYOU\CED_BATCH01_MANUAL16_THANKYOU_090_75A48943.npy,copied,"(30, 225)",
CED,BATCH01_MANUAL16,THANKYOU,C:\BSIT 3RD YEAR\New VovGest\external_datasets\team_incoming_recorded_features\CED\batch_01_manual16\recorded_features\fullsign225_manual5_team_features,C:\BSIT 3RD YEAR\New VovGest\external_datasets\team_incoming_recorded_features\CED\batch_01_manual16\recorded_features\fullsign225_manual5_team_features\THANKYOU\manual_fullsign225_20260519_162830_seq0021.npy,C:\BSIT 3RD YEAR\New VovGest\external_datasets\fullsign225_manual5_team_features_v2\THANKYOU\CED_BATCH01_MANUAL16_THANKYOU_091_B4FFAB34.npy,copied,"(30, 225)",
CED,BATCH01_MANUAL16,THANKYOU,C:\BSIT 3RD YEAR\New VovGest\external_datasets\team_incoming_recorded_features\CED\batch_01_manual16\recorded_features\fullsign225_manual5_team_features,C:\BSIT 3RD YEAR\New VovGest\external_datasets\team_incoming_recorded_features\CED\batch_01_manual16\recorded_features\fullsign225_manual5_team_features\THANKYOU\manual_fullsign225_20260519_162830_seq0022.npy,C:\BSIT 3RD YEAR\New VovGest\external_datasets\fullsign225_manual5_team_features_v2\THANKYOU\CED_BATCH01_MANUAL16_THANKYOU_092_67A444FF.npy,copied,"(30, 225)",
CED,BATCH01_MANUAL16,THANKYOU,C:\BSIT 3RD YEAR\New VovGest\external_datasets\team_incoming_recorded_features\CED\batch_01_manual16\recorded_features\fullsign225_manual5_team_features,C:\BSIT 3RD YEAR\New VovGest\external_datasets\team_incoming_recorded_features\CED\batch_01_manual16\recorded_features\fullsign225_manual5_team_features\THANKYOU\manual_fullsign225_20260519_162830_seq0023.npy,C:\BSIT 3RD YEAR\New VovGest\external_datasets\fullsign225_manual5_team_features_v2\THANKYOU\CED_BATCH01_MANUAL16_THANKYOU_093_341B4AD1.npy,copied,"(30, 225)",
CED,BATCH01_MANUAL16,THANKYOU,C:\BSIT 3RD YEAR\New VovGest\external_datasets\team_incoming_recorded_features\CED\batch_01_manual16\recorded_features\fullsign225_manual5_team_features,C:\BSIT 3RD YEAR\New VovGest\external_datasets\team_incoming_recorded_features\CED\batch_01_manual16\recorded_features\fullsign225_manual5_team_features\THANKYOU\manual_fullsign225_20260519_162830_seq0024.npy,C:\BSIT 3RD YEAR\New VovGest\external_datasets\fullsign225_manual5_team_features_v2\THANKYOU\CED_BATCH01_MANUAL16_THANKYOU_094_46902EBD.npy,copied,"(30, 225)",
CED,BATCH01_MANUAL16,THANKYOU,C:\BSIT 3RD YEAR\New VovGest\external_datasets\team_incoming_recorded_features\CED\batch_01_manual16\recorded_features\fullsign225_manual5_team_features,C:\BSIT 3RD YEAR\New VovGest\external_datasets\team_incoming_recorded_features\CED\batch_01_manual16\recorded_features\fullsign225_manual5_team_features\THANKYOU\manual_fullsign225_20260519_162830_seq0025.npy,C:\BSIT 3RD YEAR\New VovGest\external_datasets\fullsign225_manual5_team_features_v2\THANKYOU\CED_BATCH01_MANUAL16_THANKYOU_095_35E80E53.npy,copied,"(30, 225)",
CED,BATCH01_MANUAL16,THANKYOU,C:\BSIT 3RD YEAR\New VovGest\external_datasets\team_incoming_recorded_features\CED\batch_01_manual16\recorded_features\fullsign225_manual5_team_features,C:\BSIT 3RD YEAR\New VovGest\external_datasets\team_incoming_recorded_features\CED\batch_01_manual16\recorded_features\fullsign225_manual5_team_features\THANKYOU\manual_fullsign225_20260519_162830_seq0026.npy,C:\BSIT 3RD YEAR\New VovGest\external_datasets\fullsign225_manual5_team_features_v2\THANKYOU\CED_BATCH01_MANUAL16_THANKYOU_096_8132BE67.npy,copied,"(30, 225)",
CED,BATCH01_MANUAL16,THANKYOU,C:\BSIT 3RD YEAR\New VovGest\external_datasets\team_incoming_recorded_features\CED\batch_01_manual16\recorded_features\fullsign225_manual5_team_features,C:\BSIT 3RD YEAR\New VovGest\external_datasets\team_incoming_recorded_features\CED\batch_01_manual16\recorded_features\fullsign225_manual5_team_features\THANKYOU\manual_fullsign225_20260519_162830_seq0027.npy,C:\BSIT 3RD YEAR\New VovGest\external_datasets\fullsign225_manual5_team_features_v2\THANKYOU\CED_BATCH01_MANUAL16_THANKYOU_097_56232312.npy,copied,"(30, 225)",
CED,BATCH01_MANUAL16,THANKYOU,C:\BSIT 3RD YEAR\New VovGest\external_datasets\team_incoming_recorded_features\CED\batch_01_manual16\recorded_features\fullsign225_manual5_team_features,C:\BSIT 3RD YEAR\New VovGest\external_datasets\team_incoming_recorded_features\CED\batch_01_manual16\recorded_features\fullsign225_manual5_team_features\THANKYOU\manual_fullsign225_20260519_162830_seq0028.npy,C:\BSIT 3RD YEAR\New VovGest\external_datasets\fullsign225_manual5_team_features_v2\THANKYOU\CED_BATCH01_MANUAL16_THANKYOU_098_FE4BCFCE.npy,copied,"(30, 225)",
CED,BATCH01_MANUAL16,THANKYOU,C:\BSIT 3RD YEAR\New VovGest\external_datasets\team_incoming_recorded_features\CED\batch_01_manual16\recorded_features\fullsign225_manual5_team_features,C:\BSIT 3RD YEAR\New VovGest\external_datasets\team_incoming_recorded_features\CED\batch_01_manual16\recorded_features\fullsign225_manual5_team_features\THANKYOU\manual_fullsign225_20260519_162830_seq0029.npy,C:\BSIT 3RD YEAR\New VovGest\external_datasets\fullsign225_manual5_team_features_v2\THANKYOU\CED_BATCH01_MANUAL16_THANKYOU_099_0ED943C1.npy,copied,"(30, 225)",
CED,BATCH01_MANUAL16,THANKYOU,C:\BSIT 3RD YEAR\New VovGest\external_datasets\team_incoming_recorded_features\CED\batch_01_manual16\recorded_features\fullsign225_manual5_team_features,C:\BSIT 3RD YEAR\New VovGest\external_datasets\team_incoming_recorded_features\CED\batch_01_manual16\recorded_features\fullsign225_manual5_team_features\THANKYOU\manual_fullsign225_20260519_162830_seq0030.npy,C:\BSIT 3RD YEAR\New VovGest\external_datasets\fullsign225_manual5_team_features_v2\THANKYOU\CED_BATCH01_MANUAL16_THANKYOU_100_69860119.npy,copied,"(30, 225)",
CED,BATCH01_MANUAL16,THANKYOU,C:\BSIT 3RD YEAR\New VovGest\external_datasets\team_incoming_recorded_features\CED\batch_01_manual16\recorded_features\fullsign225_manual5_team_features,C:\BSIT 3RD YEAR\New VovGest\external_datasets\team_incoming_recorded_features\CED\batch_01_manual16\recorded_features\fullsign225_manual5_team_features\THANKYOU\manual_fullsign225_20260522_014409_seq0031.npy,C:\BSIT 3RD YEAR\New VovGest\external_datasets\fullsign225_manual5_team_features_v2\THANKYOU\CED_BATCH01_MANUAL16_THANKYOU_101_E16808B7.npy,copied,"(30, 225)",
CED,BATCH01_MANUAL16,THANKYOU,C:\BSIT 3RD YEAR\New VovGest\external_datasets\team_incoming_recorded_features\CED\batch_01_manual16\recorded_features\fullsign225_manual5_team_features,C:\BSIT 3RD YEAR\New VovGest\external_datasets\team_incoming_recorded_features\CED\batch_01_manual16\recorded_features\fullsign225_manual5_team_features\THANKYOU\manual_fullsign225_20260522_014409_seq0032.npy,C:\BSIT 3RD YEAR\New VovGest\external_datasets\fullsign225_manual5_team_features_v2\THANKYOU\CED_BATCH01_MANUAL16_THANKYOU_102_70A160A9.npy,copied,"(30, 225)",
CED,BATCH01_MANUAL16,THANKYOU,C:\BSIT 3RD YEAR\New VovGest\external_datasets\team_incoming_recorded_features\CED\batch_01_manual16\recorded_features\fullsign225_manual5_team_features,C:\BSIT 3RD YEAR\New VovGest\external_datasets\team_incoming_recorded_features\CED\batch_01_manual16\recorded_features\fullsign225_manual5_team_features\THANKYOU\manual_fullsign225_20260522_014409_seq0033.npy,C:\BSIT 3RD YEAR\New VovGest\external_datasets\fullsign225_manual5_team_features_v2\THANKYOU\CED_BATCH01_MANUAL16_THANKYOU_103_D8B0F24C.npy,copied,"(30, 225)",
CED,BATCH01_MANUAL16,THANKYOU,C:\BSIT 3RD YEAR\New VovGest\external_datasets\team_incoming_recorded_features\CED\batch_01_manual16\recorded_features\fullsign225_manual5_team_features,C:\BSIT 3RD YEAR\New VovGest\external_datasets\team_incoming_recorded_features\CED\batch_01_manual16\recorded_features\fullsign225_manual5_team_features\THANKYOU\manual_fullsign225_20260522_014409_seq0034.npy,C:\BSIT 3RD YEAR\New VovGest\external_datasets\fullsign225_manual5_team_features_v2\THANKYOU\CED_BATCH01_MANUAL16_THANKYOU_104_EE52798D.npy,copied,"(30, 225)",
CED,BATCH01_MANUAL16,THANKYOU,C:\BSIT 3RD YEAR\New VovGest\external_datasets\team_incoming_recorded_features\CED\batch_01_manual16\recorded_features\fullsign225_manual5_team_features,C:\BSIT 3RD YEAR\New VovGest\external_datasets\team_incoming_recorded_features\CED\batch_01_manual16\recorded_features\fullsign225_manual5_team_features\THANKYOU\manual_fullsign225_20260522_014409_seq0035.npy,C:\BSIT 3RD YEAR\New VovGest\external_datasets\fullsign225_manual5_team_features_v2\THANKYOU\CED_BATCH01_MANUAL16_THANKYOU_105_45A86A9A.npy,copied,"(30, 225)",
CED,BATCH01_MANUAL16,THANKYOU,C:\BSIT 3RD YEAR\New VovGest\external_datasets\team_incoming_recorded_features\CED\batch_01_manual16\recorded_features\fullsign225_manual5_team_features,C:\BSIT 3RD YEAR\New VovGest\external_datasets\team_incoming_recorded_features\CED\batch_01_manual16\recorded_features\fullsign225_manual5_team_features\THANKYOU\manual_fullsign225_20260522_014409_seq0036.npy,C:\BSIT 3RD YEAR\New VovGest\external_datasets\fullsign225_manual5_team_features_v2\THANKYOU\CED_BATCH01_MANUAL16_THANKYOU_106_63E07973.npy,copied,"(30, 225)",
CED,BATCH01_MANUAL16,THANKYOU,C:\BSIT 3RD YEAR\New VovGest\external_datasets\team_incoming_recorded_features\CED\batch_01_manual16\recorded_features\fullsign225_manual5_team_features,C:\BSIT 3RD YEAR\New VovGest\external_datasets\team_incoming_recorded_features\CED\batch_01_manual16\recorded_features\fullsign225_manual5_team_features\THANKYOU\manual_fullsign225_20260522_014409_seq0037.npy,C:\BSIT 3RD YEAR\New VovGest\external_datasets\fullsign225_manual5_team_features_v2\THANKYOU\CED_BATCH01_MANUAL16_THANKYOU_107_E9A4D54A.npy,copied,"(30, 225)",
CED,BATCH01_MANUAL16,THANKYOU,C:\BSIT 3RD YEAR\New VovGest\external_datasets\team_incoming_recorded_features\CED\batch_01_manual16\recorded_features\fullsign225_manual5_team_features,C:\BSIT 3RD YEAR\New VovGest\external_datasets\team_incoming_recorded_features\CED\batch_01_manual16\recorded_features\fullsign225_manual5_team_features\THANKYOU\manual_fullsign225_20260522_014409_seq0038.npy,C:\BSIT 3RD YEAR\New VovGest\external_datasets\fullsign225_manual5_team_features_v2\THANKYOU\CED_BATCH01_MANUAL16_THANKYOU_108_71389F68.npy,copied,"(30, 225)",
CED,BATCH01_MANUAL16,THANKYOU,C:\BSIT 3RD YEAR\New VovGest\external_datasets\team_incoming_recorded_features\CED\batch_01_manual16\recorded_features\fullsign225_manual5_team_features,C:\BSIT 3RD YEAR\New VovGest\external_datasets\team_incoming_recorded_features\CED\batch_01_manual16\recorded_features\fullsign225_manual5_team_features\THANKYOU\manual_fullsign225_20260522_014409_seq0039.npy,C:\BSIT 3RD YEAR\New VovGest\external_datasets\fullsign225_manual5_team_features_v2\THANKYOU\CED_BATCH01_MANUAL16_THANKYOU_109_AEA9E912.npy,copied,"(30, 225)",
CED,BATCH01_MANUAL16,THANKYOU,C:\BSIT 3RD YEAR\New VovGest\external_datasets\team_incoming_recorded_features\CED\batch_01_manual16\recorded_features\fullsign225_manual5_team_features,C:\BSIT 3RD YEAR\New VovGest\external_datasets\team_incoming_recorded_features\CED\batch_01_manual16\recorded_features\fullsign225_manual5_team_features\THANKYOU\manual_fullsign225_20260522_014409_seq0040.npy,C:\BSIT 3RD YEAR\New VovGest\external_datasets\fullsign225_manual5_team_features_v2\THANKYOU\CED_BATCH01_MANUAL16_THANKYOU_110_78DD34C9.npy,copied,"(30, 225)",
CED,BATCH01_MANUAL16,THANKYOU,C:\BSIT 3RD YEAR\New VovGest\external_datasets\team_incoming_recorded_features\CED\batch_01_manual16\recorded_features\fullsign225_manual5_team_features,C:\BSIT 3RD YEAR\New VovGest\external_datasets\team_incoming_recorded_features\CED\batch_01_manual16\recorded_features\fullsign225_manual5_team_features\THANKYOU\manual_fullsign225_20260522_014409_seq0041.npy,C:\BSIT 3RD YEAR\New VovGest\external_datasets\fullsign225_manual5_team_features_v2\THANKYOU\CED_BATCH01_MANUAL16_THANKYOU_111_F169653D.npy,copied,"(30, 225)",
CED,BATCH01_MANUAL16,THANKYOU,C:\BSIT 3RD YEAR\New VovGest\external_datasets\team_incoming_recorded_features\CED\batch_01_manual16\recorded_features\fullsign225_manual5_team_features,C:\BSIT 3RD YEAR\New VovGest\external_datasets\team_incoming_recorded_features\CED\batch_01_manual16\recorded_features\fullsign225_manual5_team_features\THANKYOU\manual_fullsign225_20260522_014409_seq0042.npy,C:\BSIT 3RD YEAR\New VovGest\external_datasets\fullsign225_manual5_team_features_v2\THANKYOU\CED_BATCH01_MANUAL16_THANKYOU_112_E3F1CD6B.npy,copied,"(30, 225)",
CED,BATCH01_MANUAL16,THANKYOU,C:\BSIT 3RD YEAR\New VovGest\external_datasets\team_incoming_recorded_features\CED\batch_01_manual16\recorded_features\fullsign225_manual5_team_features,C:\BSIT 3RD YEAR\New VovGest\external_datasets\team_incoming_recorded_features\CED\batch_01_manual16\recorded_features\fullsign225_manual5_team_features\THANKYOU\manual_fullsign225_20260522_014409_seq0043.npy,C:\BSIT 3RD YEAR\New VovGest\external_datasets\fullsign225_manual5_team_features_v2\THANKYOU\CED_BATCH01_MANUAL16_THANKYOU_113_8722172E.npy,copied,"(30, 225)",
CED,BATCH01_MANUAL16,THANKYOU,C:\BSIT 3RD YEAR\New VovGest\external_datasets\team_incoming_recorded_features\CED\batch_01_manual16\recorded_features\fullsign225_manual5_team_features,C:\BSIT 3RD YEAR\New VovGest\external_datasets\team_incoming_recorded_features\CED\batch_01_manual16\recorded_features\fullsign225_manual5_team_features\THANKYOU\manual_fullsign225_20260522_014409_seq0044.npy,C:\BSIT 3RD YEAR\New VovGest\external_datasets\fullsign225_manual5_team_features_v2\THANKYOU\CED_BATCH01_MANUAL16_THANKYOU_114_0C239CD1.npy,copied,"(30, 225)",
CED,BATCH01_MANUAL16,THANKYOU,C:\BSIT 3RD YEAR\New VovGest\external_datasets\team_incoming_recorded_features\CED\batch_01_manual16\recorded_features\fullsign225_manual5_team_features,C:\BSIT 3RD YEAR\New VovGest\external_datasets\team_incoming_recorded_features\CED\batch_01_manual16\recorded_features\fullsign225_manual5_team_features\THANKYOU\manual_fullsign225_20260522_014409_seq0045.npy,C:\BSIT 3RD YEAR\New VovGest\external_datasets\fullsign225_manual5_team_features_v2\THANKYOU\CED_BATCH01_MANUAL16_THANKYOU_115_F2161A45.npy,copied,"(30, 225)",
CED,BATCH01_MANUAL16,THANKYOU,C:\BSIT 3RD YEAR\New VovGest\external_datasets\team_incoming_recorded_features\CED\batch_01_manual16\recorded_features\fullsign225_manual5_team_features,C:\BSIT 3RD YEAR\New VovGest\external_datasets\team_incoming_recorded_features\CED\batch_01_manual16\recorded_features\fullsign225_manual5_team_features\THANKYOU\manual_fullsign225_20260522_014409_seq0046.npy,C:\BSIT 3RD YEAR\New VovGest\external_datasets\fullsign225_manual5_team_features_v2\THANKYOU\CED_BATCH01_MANUAL16_THANKYOU_116_C2949D8E.npy,copied,"(30, 225)",
CED,BATCH01_MANUAL16,THANKYOU,C:\BSIT 3RD YEAR\New VovGest\external_datasets\team_incoming_recorded_features\CED\batch_01_manual16\recorded_features\fullsign225_manual5_team_features,C:\BSIT 3RD YEAR\New VovGest\external_datasets\team_incoming_recorded_features\CED\batch_01_manual16\recorded_features\fullsign225_manual5_team_features\THANKYOU\manual_fullsign225_20260522_014409_seq0047.npy,C:\BSIT 3RD YEAR\New VovGest\external_datasets\fullsign225_manual5_team_features_v2\THANKYOU\CED_BATCH01_MANUAL16_THANKYOU_117_A26ECE9A.npy,copied,"(30, 225)",
CED,BATCH01_MANUAL16,THANKYOU,C:\BSIT 3RD YEAR\New VovGest\external_datasets\team_incoming_recorded_features\CED\batch_01_manual16\recorded_features\fullsign225_manual5_team_features,C:\BSIT 3RD YEAR\New VovGest\external_datasets\team_incoming_recorded_features\CED\batch_01_manual16\recorded_features\fullsign225_manual5_team_features\THANKYOU\manual_fullsign225_20260522_014409_seq0048.npy,C:\BSIT 3RD YEAR\New VovGest\external_datasets\fullsign225_manual5_team_features_v2\THANKYOU\CED_BATCH01_MANUAL16_THANKYOU_118_650D6D34.npy,copied,"(30, 225)",
CED,BATCH01_MANUAL16,THANKYOU,C:\BSIT 3RD YEAR\New VovGest\external_datasets\team_incoming_recorded_features\CED\batch_01_manual16\recorded_features\fullsign225_manual5_team_features,C:\BSIT 3RD YEAR\New VovGest\external_datasets\team_incoming_recorded_features\CED\batch_01_manual16\recorded_features\fullsign225_manual5_team_features\THANKYOU\manual_fullsign225_20260522_014409_seq0049.npy,C:\BSIT 3RD YEAR\New VovGest\external_datasets\fullsign225_manual5_team_features_v2\THANKYOU\CED_BATCH01_MANUAL16_THANKYOU_119_56E9B7C1.npy,copied,"(30, 225)",
CED,BATCH01_MANUAL16,THANKYOU,C:\BSIT 3RD YEAR\New VovGest\external_datasets\team_incoming_recorded_features\CED\batch_01_manual16\recorded_features\fullsign225_manual5_team_features,C:\BSIT 3RD YEAR\New VovGest\external_datasets\team_incoming_recorded_features\CED\batch_01_manual16\recorded_features\fullsign225_manual5_team_features\THANKYOU\manual_fullsign225_20260522_014409_seq0050.npy,C:\BSIT 3RD YEAR\New VovGest\external_datasets\fullsign225_manual5_team_features_v2\THANKYOU\CED_BATCH01_MANUAL16_THANKYOU_120_0E3603F8.npy,copied,"(30, 225)",
CED,BATCH01_MANUAL16,,C:\BSIT 3RD YEAR\New VovGest\external_datasets\team_incoming_recorded_features\CED\batch_01_manual16\recorded_features\fullsign225_manual5_team_features,C:\BSIT 3RD YEAR\New VovGest\external_datasets\team_incoming_recorded_features\CED\batch_01_manual16\recorded_features\fullsign225_manual5_team_features\TIME\manual_fullsign225_20260519_165908_seq0001.npy,,skipped_unknown_label,,
CED,BATCH01_MANUAL16,,C:\BSIT 3RD YEAR\New VovGest\external_datasets\team_incoming_recorded_features\CED\batch_01_manual16\recorded_features\fullsign225_manual5_team_features,C:\BSIT 3RD YEAR\New VovGest\external_datasets\team_incoming_recorded_features\CED\batch_01_manual16\recorded_features\fullsign225_manual5_team_features\TIME\manual_fullsign225_20260519_165908_seq0002.npy,,skipped_unknown_label,,
CED,BATCH01_MANUAL16,,C:\BSIT 3RD YEAR\New VovGest\external_datasets\team_incoming_recorded_features\CED\batch_01_manual16\recorded_features\fullsign225_manual5_team_features,C:\BSIT 3RD YEAR\New VovGest\external_datasets\team_incoming_recorded_features\CED\batch_01_manual16\recorded_features\fullsign225_manual5_team_features\TIME\manual_fullsign225_20260519_165908_seq0003.npy,,skipped_unknown_label,,
CED,BATCH01_MANUAL16,,C:\BSIT 3RD YEAR\New VovGest\external_datasets\team_incoming_recorded_features\CED\batch_01_manual16\recorded_features\fullsign225_manual5_team_features,C:\BSIT 3RD YEAR\New VovGest\external_datasets\team_incoming_recorded_features\CED\batch_01_manual16\recorded_features\fullsign225_manual5_team_features\TIME\manual_fullsign225_20260519_165908_seq0004.npy,,skipped_unknown_label,,
CED,BATCH01_MANUAL16,,C:\BSIT 3RD YEAR\New VovGest\external_datasets\team_incoming_recorded_features\CED\batch_01_manual16\recorded_features\fullsign225_manual5_team_features,C:\BSIT 3RD YEAR\New VovGest\external_datasets\team_incoming_recorded_features\CED\batch_01_manual16\recorded_features\fullsign225_manual5_team_features\TIME\manual_fullsign225_20260519_165908_seq0005.npy,,skipped_unknown_label,,
CED,BATCH01_MANUAL16,,C:\BSIT 3RD YEAR\New VovGest\external_datasets\team_incoming_recorded_features\CED\batch_01_manual16\recorded_features\fullsign225_manual5_team_features,C:\BSIT 3RD YEAR\New VovGest\external_datasets\team_incoming_recorded_features\CED\batch_01_manual16\recorded_features\fullsign225_manual5_team_features\TIME\manual_fullsign225_20260519_165908_seq0006.npy,,skipped_unknown_label,,
CED,BATCH01_MANUAL16,,C:\BSIT 3RD YEAR\New VovGest\external_datasets\team_incoming_recorded_features\CED\batch_01_manual16\recorded_features\fullsign225_manual5_team_features,C:\BSIT 3RD YEAR\New VovGest\external_datasets\team_incoming_recorded_features\CED\batch_01_manual16\recorded_features\fullsign225_manual5_team_features\TIME\manual_fullsign225_20260519_165908_seq0007.npy,,skipped_unknown_label,,
CED,BATCH01_MANUAL16,,C:\BSIT 3RD YEAR\New VovGest\external_datasets\team_incoming_recorded_features\CED\batch_01_manual16\recorded_features\fullsign225_manual5_team_features,C:\BSIT 3RD YEAR\New VovGest\external_datasets\team_incoming_recorded_features\CED\batch_01_manual16\recorded_features\fullsign225_manual5_team_features\TIME\manual_fullsign225_20260519_165908_seq0008.npy,,skipped_unknown_label,,
CED,BATCH01_MANUAL16,,C:\BSIT 3RD YEAR\New VovGest\external_datasets\team_incoming_recorded_features\CED\batch_01_manual16\recorded_features\fullsign225_manual5_team_features,C:\BSIT 3RD YEAR\New VovGest\external_datasets\team_incoming_recorded_features\CED\batch_01_manual16\recorded_features\fullsign225_manual5_team_features\TIME\manual_fullsign225_20260519_165908_seq0009.npy,,skipped_unknown_label,,
CED,BATCH01_MANUAL16,,C:\BSIT 3RD YEAR\New VovGest\external_datasets\team_incoming_recorded_features\CED\batch_01_manual16\recorded_features\fullsign225_manual5_team_features,C:\BSIT 3RD YEAR\New VovGest\external_datasets\team_incoming_recorded_features\CED\batch_01_manual16\recorded_features\fullsign225_manual5_team_features\TIME\manual_fullsign225_20260519_165908_seq0010.npy,,skipped_unknown_label,,
CED,BATCH01_MANUAL16,,C:\BSIT 3RD YEAR\New VovGest\external_datasets\team_incoming_recorded_features\CED\batch_01_manual16\recorded_features\fullsign225_manual5_team_features,C:\BSIT 3RD YEAR\New VovGest\external_datasets\team_incoming_recorded_features\CED\batch_01_manual16\recorded_features\fullsign225_manual5_team_features\TIME\manual_fullsign225_20260519_165908_seq0011.npy,,skipped_unknown_label,,
CED,BATCH01_MANUAL16,,C:\BSIT 3RD YEAR\New VovGest\external_datasets\team_incoming_recorded_features\CED\batch_01_manual16\recorded_features\fullsign225_manual5_team_features,C:\BSIT 3RD YEAR\New VovGest\external_datasets\team_incoming_recorded_features\CED\batch_01_manual16\recorded_features\fullsign225_manual5_team_features\TIME\manual_fullsign225_20260519_165908_seq0012.npy,,skipped_unknown_label,,
CED,BATCH01_MANUAL16,,C:\BSIT 3RD YEAR\New VovGest\external_datasets\team_incoming_recorded_features\CED\batch_01_manual16\recorded_features\fullsign225_manual5_team_features,C:\BSIT 3RD YEAR\New VovGest\external_datasets\team_incoming_recorded_features\CED\batch_01_manual16\recorded_features\fullsign225_manual5_team_features\TIME\manual_fullsign225_20260519_165908_seq0013.npy,,skipped_unknown_label,,
CED,BATCH01_MANUAL16,,C:\BSIT 3RD YEAR\New VovGest\external_datasets\team_incoming_recorded_features\CED\batch_01_manual16\recorded_features\fullsign225_manual5_team_features,C:\BSIT 3RD YEAR\New VovGest\external_datasets\team_incoming_recorded_features\CED\batch_01_manual16\recorded_features\fullsign225_manual5_team_features\TIME\manual_fullsign225_20260519_165908_seq0014.npy,,skipped_unknown_label,,
CED,BATCH01_MANUAL16,,C:\BSIT 3RD YEAR\New VovGest\external_datasets\team_incoming_recorded_features\CED\batch_01_manual16\recorded_features\fullsign225_manual5_team_features,C:\BSIT 3RD YEAR\New VovGest\external_datasets\team_incoming_recorded_features\CED\batch_01_manual16\recorded_features\fullsign225_manual5_team_features\TIME\manual_fullsign225_20260519_165908_seq0015.npy,,skipped_unknown_label,,
CED,BATCH01_MANUAL16,,C:\BSIT 3RD YEAR\New VovGest\external_datasets\team_incoming_recorded_features\CED\batch_01_manual16\recorded_features\fullsign225_manual5_team_features,C:\BSIT 3RD YEAR\New VovGest\external_datasets\team_incoming_recorded_features\CED\batch_01_manual16\recorded_features\fullsign225_manual5_team_features\TIME\manual_fullsign225_20260519_165908_seq0016.npy,,skipped_unknown_label,,
CED,BATCH01_MANUAL16,,C:\BSIT 3RD YEAR\New VovGest\external_datasets\team_incoming_recorded_features\CED\batch_01_manual16\recorded_features\fullsign225_manual5_team_features,C:\BSIT 3RD YEAR\New VovGest\external_datasets\team_incoming_recorded_features\CED\batch_01_manual16\recorded_features\fullsign225_manual5_team_features\TIME\manual_fullsign225_20260519_165908_seq0017.npy,,skipped_unknown_label,,
CED,BATCH01_MANUAL16,,C:\BSIT 3RD YEAR\New VovGest\external_datasets\team_incoming_recorded_features\CED\batch_01_manual16\recorded_features\fullsign225_manual5_team_features,C:\BSIT 3RD YEAR\New VovGest\external_datasets\team_incoming_recorded_features\CED\batch_01_manual16\recorded_features\fullsign225_manual5_team_features\TIME\manual_fullsign225_20260519_165908_seq0018.npy,,skipped_unknown_label,,
CED,BATCH01_MANUAL16,,C:\BSIT 3RD YEAR\New VovGest\external_datasets\team_incoming_recorded_features\CED\batch_01_manual16\recorded_features\fullsign225_manual5_team_features,C:\BSIT 3RD YEAR\New VovGest\external_datasets\team_incoming_recorded_features\CED\batch_01_manual16\recorded_features\fullsign225_manual5_team_features\TIME\manual_fullsign225_20260519_165908_seq0019.npy,,skipped_unknown_label,,
CED,BATCH01_MANUAL16,,C:\BSIT 3RD YEAR\New VovGest\external_datasets\team_incoming_recorded_features\CED\batch_01_manual16\recorded_features\fullsign225_manual5_team_features,C:\BSIT 3RD YEAR\New VovGest\external_datasets\team_incoming_recorded_features\CED\batch_01_manual16\recorded_features\fullsign225_manual5_team_features\TIME\manual_fullsign225_20260519_165908_seq0020.npy,,skipped_unknown_label,,
CED,BATCH01_MANUAL16,,C:\BSIT 3RD YEAR\New VovGest\external_datasets\team_incoming_recorded_features\CED\batch_01_manual16\recorded_features\fullsign225_manual5_team_features,C:\BSIT 3RD YEAR\New VovGest\external_datasets\team_incoming_recorded_features\CED\batch_01_manual16\recorded_features\fullsign225_manual5_team_features\TIME\manual_fullsign225_20260519_165908_seq0021.npy,,skipped_unknown_label,,
CED,BATCH01_MANUAL16,,C:\BSIT 3RD YEAR\New VovGest\external_datasets\team_incoming_recorded_features\CED\batch_01_manual16\recorded_features\fullsign225_manual5_team_features,C:\BSIT 3RD YEAR\New VovGest\external_datasets\team_incoming_recorded_features\CED\batch_01_manual16\recorded_features\fullsign225_manual5_team_features\TIME\manual_fullsign225_20260519_165908_seq0022.npy,,skipped_unknown_label,,
CED,BATCH01_MANUAL16,,C:\BSIT 3RD YEAR\New VovGest\external_datasets\team_incoming_recorded_features\CED\batch_01_manual16\recorded_features\fullsign225_manual5_team_features,C:\BSIT 3RD YEAR\New VovGest\external_datasets\team_incoming_recorded_features\CED\batch_01_manual16\recorded_features\fullsign225_manual5_team_features\TIME\manual_fullsign225_20260519_165908_seq0023.npy,,skipped_unknown_label,,
CED,BATCH01_MANUAL16,,C:\BSIT 3RD YEAR\New VovGest\external_datasets\team_incoming_recorded_features\CED\batch_01_manual16\recorded_features\fullsign225_manual5_team_features,C:\BSIT 3RD YEAR\New VovGest\external_datasets\team_incoming_recorded_features\CED\batch_01_manual16\recorded_features\fullsign225_manual5_team_features\TIME\manual_fullsign225_20260519_165908_seq0024.npy,,skipped_unknown_label,,
CED,BATCH01_MANUAL16,,C:\BSIT 3RD YEAR\New VovGest\external_datasets\team_incoming_recorded_features\CED\batch_01_manual16\recorded_features\fullsign225_manual5_team_features,C:\BSIT 3RD YEAR\New VovGest\external_datasets\team_incoming_recorded_features\CED\batch_01_manual16\recorded_features\fullsign225_manual5_team_features\TIME\manual_fullsign225_20260519_165908_seq0025.npy,,skipped_unknown_label,,
CED,BATCH01_MANUAL16,,C:\BSIT 3RD YEAR\New VovGest\external_datasets\team_incoming_recorded_features\CED\batch_01_manual16\recorded_features\fullsign225_manual5_team_features,C:\BSIT 3RD YEAR\New VovGest\external_datasets\team_incoming_recorded_features\CED\batch_01_manual16\recorded_features\fullsign225_manual5_team_features\TIME\manual_fullsign225_20260519_165908_seq0026.npy,,skipped_unknown_label,,
CED,BATCH01_MANUAL16,,C:\BSIT 3RD YEAR\New VovGest\external_datasets\team_incoming_recorded_features\CED\batch_01_manual16\recorded_features\fullsign225_manual5_team_features,C:\BSIT 3RD YEAR\New VovGest\external_datasets\team_incoming_recorded_features\CED\batch_01_manual16\recorded_features\fullsign225_manual5_team_features\TIME\manual_fullsign225_20260519_165908_seq0027.npy,,skipped_unknown_label,,
CED,BATCH01_MANUAL16,,C:\BSIT 3RD YEAR\New VovGest\external_datasets\team_incoming_recorded_features\CED\batch_01_manual16\recorded_features\fullsign225_manual5_team_features,C:\BSIT 3RD YEAR\New VovGest\external_datasets\team_incoming_recorded_features\CED\batch_01_manual16\recorded_features\fullsign225_manual5_team_features\TIME\manual_fullsign225_20260519_165908_seq0028.npy,,skipped_unknown_label,,
CED,BATCH01_MANUAL16,,C:\BSIT 3RD YEAR\New VovGest\external_datasets\team_incoming_recorded_features\CED\batch_01_manual16\recorded_features\fullsign225_manual5_team_features,C:\BSIT 3RD YEAR\New VovGest\external_datasets\team_incoming_recorded_features\CED\batch_01_manual16\recorded_features\fullsign225_manual5_team_features\TIME\manual_fullsign225_20260519_165908_seq0029.npy,,skipped_unknown_label,,
CED,BATCH01_MANUAL16,,C:\BSIT 3RD YEAR\New VovGest\external_datasets\team_incoming_recorded_features\CED\batch_01_manual16\recorded_features\fullsign225_manual5_team_features,C:\BSIT 3RD YEAR\New VovGest\external_datasets\team_incoming_recorded_features\CED\batch_01_manual16\recorded_features\fullsign225_manual5_team_features\TIME\manual_fullsign225_20260519_165908_seq0030.npy,,skipped_unknown_label,,
CED,BATCH01_MANUAL16,,C:\BSIT 3RD YEAR\New VovGest\external_datasets\team_incoming_recorded_features\CED\batch_01_manual16\recorded_features\fullsign225_manual5_team_features,C:\BSIT 3RD YEAR\New VovGest\external_datasets\team_incoming_recorded_features\CED\batch_01_manual16\recorded_features\fullsign225_manual5_team_features\WANT\manual_fullsign225_20260519_165532_seq0001.npy,,skipped_unknown_label,,
CED,BATCH01_MANUAL16,,C:\BSIT 3RD YEAR\New VovGest\external_datasets\team_incoming_recorded_features\CED\batch_01_manual16\recorded_features\fullsign225_manual5_team_features,C:\BSIT 3RD YEAR\New VovGest\external_datasets\team_incoming_recorded_features\CED\batch_01_manual16\recorded_features\fullsign225_manual5_team_features\WANT\manual_fullsign225_20260519_165532_seq0002.npy,,skipped_unknown_label,,
CED,BATCH01_MANUAL16,,C:\BSIT 3RD YEAR\New VovGest\external_datasets\team_incoming_recorded_features\CED\batch_01_manual16\recorded_features\fullsign225_manual5_team_features,C:\BSIT 3RD YEAR\New VovGest\external_datasets\team_incoming_recorded_features\CED\batch_01_manual16\recorded_features\fullsign225_manual5_team_features\WANT\manual_fullsign225_20260519_165532_seq0003.npy,,skipped_unknown_label,,
CED,BATCH01_MANUAL16,,C:\BSIT 3RD YEAR\New VovGest\external_datasets\team_incoming_recorded_features\CED\batch_01_manual16\recorded_features\fullsign225_manual5_team_features,C:\BSIT 3RD YEAR\New VovGest\external_datasets\team_incoming_recorded_features\CED\batch_01_manual16\recorded_features\fullsign225_manual5_team_features\WANT\manual_fullsign225_20260519_165532_seq0004.npy,,skipped_unknown_label,,
CED,BATCH01_MANUAL16,,C:\BSIT 3RD YEAR\New VovGest\external_datasets\team_incoming_recorded_features\CED\batch_01_manual16\recorded_features\fullsign225_manual5_team_features,C:\BSIT 3RD YEAR\New VovGest\external_datasets\team_incoming_recorded_features\CED\batch_01_manual16\recorded_features\fullsign225_manual5_team_features\WANT\manual_fullsign225_20260519_165532_seq0005.npy,,skipped_unknown_label,,
CED,BATCH01_MANUAL16,WATER,C:\BSIT 3RD YEAR\New VovGest\external_datasets\team_incoming_recorded_features\CED\batch_01_manual16\recorded_features\fullsign225_manual5_team_features,C:\BSIT 3RD YEAR\New VovGest\external_datasets\team_incoming_recorded_features\CED\batch_01_manual16\recorded_features\fullsign225_manual5_team_features\WATER\manual_fullsign225_20260519_155440_seq0001.npy,C:\BSIT 3RD YEAR\New VovGest\external_datasets\fullsign225_manual5_team_features_v2\WATER\CED_BATCH01_MANUAL16_WATER_071_6569103D.npy,copied,"(30, 225)",
CED,BATCH01_MANUAL16,WATER,C:\BSIT 3RD YEAR\New VovGest\external_datasets\team_incoming_recorded_features\CED\batch_01_manual16\recorded_features\fullsign225_manual5_team_features,C:\BSIT 3RD YEAR\New VovGest\external_datasets\team_incoming_recorded_features\CED\batch_01_manual16\recorded_features\fullsign225_manual5_team_features\WATER\manual_fullsign225_20260519_155440_seq0002.npy,C:\BSIT 3RD YEAR\New VovGest\external_datasets\fullsign225_manual5_team_features_v2\WATER\CED_BATCH01_MANUAL16_WATER_072_45F363AA.npy,copied,"(30, 225)",
CED,BATCH01_MANUAL16,WATER,C:\BSIT 3RD YEAR\New VovGest\external_datasets\team_incoming_recorded_features\CED\batch_01_manual16\recorded_features\fullsign225_manual5_team_features,C:\BSIT 3RD YEAR\New VovGest\external_datasets\team_incoming_recorded_features\CED\batch_01_manual16\recorded_features\fullsign225_manual5_team_features\WATER\manual_fullsign225_20260519_155440_seq0003.npy,C:\BSIT 3RD YEAR\New VovGest\external_datasets\fullsign225_manual5_team_features_v2\WATER\CED_BATCH01_MANUAL16_WATER_073_131C981A.npy,copied,"(30, 225)",
CED,BATCH01_MANUAL16,WATER,C:\BSIT 3RD YEAR\New VovGest\external_datasets\team_incoming_recorded_features\CED\batch_01_manual16\recorded_features\fullsign225_manual5_team_features,C:\BSIT 3RD YEAR\New VovGest\external_datasets\team_incoming_recorded_features\CED\batch_01_manual16\recorded_features\fullsign225_manual5_team_features\WATER\manual_fullsign225_20260519_155440_seq0004.npy,C:\BSIT 3RD YEAR\New VovGest\external_datasets\fullsign225_manual5_team_features_v2\WATER\CED_BATCH01_MANUAL16_WATER_074_1DAA9F76.npy,copied,"(30, 225)",
CED,BATCH01_MANUAL16,WATER,C:\BSIT 3RD YEAR\New VovGest\external_datasets\team_incoming_recorded_features\CED\batch_01_manual16\recorded_features\fullsign225_manual5_team_features,C:\BSIT 3RD YEAR\New VovGest\external_datasets\team_incoming_recorded_features\CED\batch_01_manual16\recorded_features\fullsign225_manual5_team_features\WATER\manual_fullsign225_20260519_155440_seq0005.npy,C:\BSIT 3RD YEAR\New VovGest\external_datasets\fullsign225_manual5_team_features_v2\WATER\CED_BATCH01_MANUAL16_WATER_075_471557A6.npy,copied,"(30, 225)",
CED,BATCH01_MANUAL16,WATER,C:\BSIT 3RD YEAR\New VovGest\external_datasets\team_incoming_recorded_features\CED\batch_01_manual16\recorded_features\fullsign225_manual5_team_features,C:\BSIT 3RD YEAR\New VovGest\external_datasets\team_incoming_recorded_features\CED\batch_01_manual16\recorded_features\fullsign225_manual5_team_features\WATER\manual_fullsign225_20260519_155440_seq0006.npy,C:\BSIT 3RD YEAR\New VovGest\external_datasets\fullsign225_manual5_team_features_v2\WATER\CED_BATCH01_MANUAL16_WATER_076_B26C3BF6.npy,copied,"(30, 225)",
CED,BATCH01_MANUAL16,WATER,C:\BSIT 3RD YEAR\New VovGest\external_datasets\team_incoming_recorded_features\CED\batch_01_manual16\recorded_features\fullsign225_manual5_team_features,C:\BSIT 3RD YEAR\New VovGest\external_datasets\team_incoming_recorded_features\CED\batch_01_manual16\recorded_features\fullsign225_manual5_team_features\WATER\manual_fullsign225_20260519_155440_seq0007.npy,C:\BSIT 3RD YEAR\New VovGest\external_datasets\fullsign225_manual5_team_features_v2\WATER\CED_BATCH01_MANUAL16_WATER_077_E42294E4.npy,copied,"(30, 225)",
CED,BATCH01_MANUAL16,WATER,C:\BSIT 3RD YEAR\New VovGest\external_datasets\team_incoming_recorded_features\CED\batch_01_manual16\recorded_features\fullsign225_manual5_team_features,C:\BSIT 3RD YEAR\New VovGest\external_datasets\team_incoming_recorded_features\CED\batch_01_manual16\recorded_features\fullsign225_manual5_team_features\WATER\manual_fullsign225_20260519_155440_seq0008.npy,C:\BSIT 3RD YEAR\New VovGest\external_datasets\fullsign225_manual5_team_features_v2\WATER\CED_BATCH01_MANUAL16_WATER_078_8C2CC7F8.npy,copied,"(30, 225)",
CED,BATCH01_MANUAL16,WATER,C:\BSIT 3RD YEAR\New VovGest\external_datasets\team_incoming_recorded_features\CED\batch_01_manual16\recorded_features\fullsign225_manual5_team_features,C:\BSIT 3RD YEAR\New VovGest\external_datasets\team_incoming_recorded_features\CED\batch_01_manual16\recorded_features\fullsign225_manual5_team_features\WATER\manual_fullsign225_20260519_155440_seq0009.npy,C:\BSIT 3RD YEAR\New VovGest\external_datasets\fullsign225_manual5_team_features_v2\WATER\CED_BATCH01_MANUAL16_WATER_079_F39BD999.npy,copied,"(30, 225)",
CED,BATCH01_MANUAL16,WATER,C:\BSIT 3RD YEAR\New VovGest\external_datasets\team_incoming_recorded_features\CED\batch_01_manual16\recorded_features\fullsign225_manual5_team_features,C:\BSIT 3RD YEAR\New VovGest\external_datasets\team_incoming_recorded_features\CED\batch_01_manual16\recorded_features\fullsign225_manual5_team_features\WATER\manual_fullsign225_20260519_155440_seq0010.npy,C:\BSIT 3RD YEAR\New VovGest\external_datasets\fullsign225_manual5_team_features_v2\WATER\CED_BATCH01_MANUAL16_WATER_080_43D43553.npy,copied,"(30, 225)",
CED,BATCH01_MANUAL16,WATER,C:\BSIT 3RD YEAR\New VovGest\external_datasets\team_incoming_recorded_features\CED\batch_01_manual16\recorded_features\fullsign225_manual5_team_features,C:\BSIT 3RD YEAR\New VovGest\external_datasets\team_incoming_recorded_features\CED\batch_01_manual16\recorded_features\fullsign225_manual5_team_features\WATER\manual_fullsign225_20260519_155440_seq0011.npy,C:\BSIT 3RD YEAR\New VovGest\external_datasets\fullsign225_manual5_team_features_v2\WATER\CED_BATCH01_MANUAL16_WATER_081_88DCC218.npy,copied,"(30, 225)",
CED,BATCH01_MANUAL16,WATER,C:\BSIT 3RD YEAR\New VovGest\external_datasets\team_incoming_recorded_features\CED\batch_01_manual16\recorded_features\fullsign225_manual5_team_features,C:\BSIT 3RD YEAR\New VovGest\external_datasets\team_incoming_recorded_features\CED\batch_01_manual16\recorded_features\fullsign225_manual5_team_features\WATER\manual_fullsign225_20260519_155440_seq0012.npy,C:\BSIT 3RD YEAR\New VovGest\external_datasets\fullsign225_manual5_team_features_v2\WATER\CED_BATCH01_MANUAL16_WATER_082_2B0EF527.npy,copied,"(30, 225)",
CED,BATCH01_MANUAL16,WATER,C:\BSIT 3RD YEAR\New VovGest\external_datasets\team_incoming_recorded_features\CED\batch_01_manual16\recorded_features\fullsign225_manual5_team_features,C:\BSIT 3RD YEAR\New VovGest\external_datasets\team_incoming_recorded_features\CED\batch_01_manual16\recorded_features\fullsign225_manual5_team_features\WATER\manual_fullsign225_20260519_155440_seq0013.npy,C:\BSIT 3RD YEAR\New VovGest\external_datasets\fullsign225_manual5_team_features_v2\WATER\CED_BATCH01_MANUAL16_WATER_083_584F512A.npy,copied,"(30, 225)",
CED,BATCH01_MANUAL16,WATER,C:\BSIT 3RD YEAR\New VovGest\external_datasets\team_incoming_recorded_features\CED\batch_01_manual16\recorded_features\fullsign225_manual5_team_features,C:\BSIT 3RD YEAR\New VovGest\external_datasets\team_incoming_recorded_features\CED\batch_01_manual16\recorded_features\fullsign225_manual5_team_features\WATER\manual_fullsign225_20260519_155440_seq0014.npy,C:\BSIT 3RD YEAR\New VovGest\external_datasets\fullsign225_manual5_team_features_v2\WATER\CED_BATCH01_MANUAL16_WATER_084_D05091AD.npy,copied,"(30, 225)",
CED,BATCH01_MANUAL16,WATER,C:\BSIT 3RD YEAR\New VovGest\external_datasets\team_incoming_recorded_features\CED\batch_01_manual16\recorded_features\fullsign225_manual5_team_features,C:\BSIT 3RD YEAR\New VovGest\external_datasets\team_incoming_recorded_features\CED\batch_01_manual16\recorded_features\fullsign225_manual5_team_features\WATER\manual_fullsign225_20260519_155440_seq0015.npy,C:\BSIT 3RD YEAR\New VovGest\external_datasets\fullsign225_manual5_team_features_v2\WATER\CED_BATCH01_MANUAL16_WATER_085_0DDF5BC6.npy,copied,"(30, 225)",
CED,BATCH01_MANUAL16,WATER,C:\BSIT 3RD YEAR\New VovGest\external_datasets\team_incoming_recorded_features\CED\batch_01_manual16\recorded_features\fullsign225_manual5_team_features,C:\BSIT 3RD YEAR\New VovGest\external_datasets\team_incoming_recorded_features\CED\batch_01_manual16\recorded_features\fullsign225_manual5_team_features\WATER\manual_fullsign225_20260519_155440_seq0016.npy,C:\BSIT 3RD YEAR\New VovGest\external_datasets\fullsign225_manual5_team_features_v2\WATER\CED_BATCH01_MANUAL16_WATER_086_D64851B9.npy,copied,"(30, 225)",
CED,BATCH01_MANUAL16,WATER,C:\BSIT 3RD YEAR\New VovGest\external_datasets\team_incoming_recorded_features\CED\batch_01_manual16\recorded_features\fullsign225_manual5_team_features,C:\BSIT 3RD YEAR\New VovGest\external_datasets\team_incoming_recorded_features\CED\batch_01_manual16\recorded_features\fullsign225_manual5_team_features\WATER\manual_fullsign225_20260519_155440_seq0017.npy,C:\BSIT 3RD YEAR\New VovGest\external_datasets\fullsign225_manual5_team_features_v2\WATER\CED_BATCH01_MANUAL16_WATER_087_C238E38D.npy,copied,"(30, 225)",
CED,BATCH01_MANUAL16,WATER,C:\BSIT 3RD YEAR\New VovGest\external_datasets\team_incoming_recorded_features\CED\batch_01_manual16\recorded_features\fullsign225_manual5_team_features,C:\BSIT 3RD YEAR\New VovGest\external_datasets\team_incoming_recorded_features\CED\batch_01_manual16\recorded_features\fullsign225_manual5_team_features\WATER\manual_fullsign225_20260519_155440_seq0018.npy,C:\BSIT 3RD YEAR\New VovGest\external_datasets\fullsign225_manual5_team_features_v2\WATER\CED_BATCH01_MANUAL16_WATER_088_5BAAF7EE.npy,copied,"(30, 225)",
CED,BATCH01_MANUAL16,WATER,C:\BSIT 3RD YEAR\New VovGest\external_datasets\team_incoming_recorded_features\CED\batch_01_manual16\recorded_features\fullsign225_manual5_team_features,C:\BSIT 3RD YEAR\New VovGest\external_datasets\team_incoming_recorded_features\CED\batch_01_manual16\recorded_features\fullsign225_manual5_team_features\WATER\manual_fullsign225_20260519_155440_seq0019.npy,C:\BSIT 3RD YEAR\New VovGest\external_datasets\fullsign225_manual5_team_features_v2\WATER\CED_BATCH01_MANUAL16_WATER_089_C9F9CC7E.npy,copied,"(30, 225)",
CED,BATCH01_MANUAL16,WATER,C:\BSIT 3RD YEAR\New VovGest\external_datasets\team_incoming_recorded_features\CED\batch_01_manual16\recorded_features\fullsign225_manual5_team_features,C:\BSIT 3RD YEAR\New VovGest\external_datasets\team_incoming_recorded_features\CED\batch_01_manual16\recorded_features\fullsign225_manual5_team_features\WATER\manual_fullsign225_20260519_155440_seq0020.npy,C:\BSIT 3RD YEAR\New VovGest\external_datasets\fullsign225_manual5_team_features_v2\WATER\CED_BATCH01_MANUAL16_WATER_090_8839FB49.npy,copied,"(30, 225)",
CED,BATCH01_MANUAL16,WATER,C:\BSIT 3RD YEAR\New VovGest\external_datasets\team_incoming_recorded_features\CED\batch_01_manual16\recorded_features\fullsign225_manual5_team_features,C:\BSIT 3RD YEAR\New VovGest\external_datasets\team_incoming_recorded_features\CED\batch_01_manual16\recorded_features\fullsign225_manual5_team_features\WATER\manual_fullsign225_20260519_155440_seq0021.npy,C:\BSIT 3RD YEAR\New VovGest\external_datasets\fullsign225_manual5_team_features_v2\WATER\CED_BATCH01_MANUAL16_WATER_091_6A37E509.npy,copied,"(30, 225)",
CED,BATCH01_MANUAL16,WATER,C:\BSIT 3RD YEAR\New VovGest\external_datasets\team_incoming_recorded_features\CED\batch_01_manual16\recorded_features\fullsign225_manual5_team_features,C:\BSIT 3RD YEAR\New VovGest\external_datasets\team_incoming_recorded_features\CED\batch_01_manual16\recorded_features\fullsign225_manual5_team_features\WATER\manual_fullsign225_20260519_155440_seq0022.npy,C:\BSIT 3RD YEAR\New VovGest\external_datasets\fullsign225_manual5_team_features_v2\WATER\CED_BATCH01_MANUAL16_WATER_092_839E676E.npy,copied,"(30, 225)",
CED,BATCH01_MANUAL16,WATER,C:\BSIT 3RD YEAR\New VovGest\external_datasets\team_incoming_recorded_features\CED\batch_01_manual16\recorded_features\fullsign225_manual5_team_features,C:\BSIT 3RD YEAR\New VovGest\external_datasets\team_incoming_recorded_features\CED\batch_01_manual16\recorded_features\fullsign225_manual5_team_features\WATER\manual_fullsign225_20260519_155440_seq0023.npy,C:\BSIT 3RD YEAR\New VovGest\external_datasets\fullsign225_manual5_team_features_v2\WATER\CED_BATCH01_MANUAL16_WATER_093_76741020.npy,copied,"(30, 225)",
CED,BATCH01_MANUAL16,WATER,C:\BSIT 3RD YEAR\New VovGest\external_datasets\team_incoming_recorded_features\CED\batch_01_manual16\recorded_features\fullsign225_manual5_team_features,C:\BSIT 3RD YEAR\New VovGest\external_datasets\team_incoming_recorded_features\CED\batch_01_manual16\recorded_features\fullsign225_manual5_team_features\WATER\manual_fullsign225_20260519_155440_seq0024.npy,C:\BSIT 3RD YEAR\New VovGest\external_datasets\fullsign225_manual5_team_features_v2\WATER\CED_BATCH01_MANUAL16_WATER_094_2CFD2BE7.npy,copied,"(30, 225)",
CED,BATCH01_MANUAL16,WATER,C:\BSIT 3RD YEAR\New VovGest\external_datasets\team_incoming_recorded_features\CED\batch_01_manual16\recorded_features\fullsign225_manual5_team_features,C:\BSIT 3RD YEAR\New VovGest\external_datasets\team_incoming_recorded_features\CED\batch_01_manual16\recorded_features\fullsign225_manual5_team_features\WATER\manual_fullsign225_20260519_155440_seq0025.npy,C:\BSIT 3RD YEAR\New VovGest\external_datasets\fullsign225_manual5_team_features_v2\WATER\CED_BATCH01_MANUAL16_WATER_095_236E0268.npy,copied,"(30, 225)",
CED,BATCH01_MANUAL16,WATER,C:\BSIT 3RD YEAR\New VovGest\external_datasets\team_incoming_recorded_features\CED\batch_01_manual16\recorded_features\fullsign225_manual5_team_features,C:\BSIT 3RD YEAR\New VovGest\external_datasets\team_incoming_recorded_features\CED\batch_01_manual16\recorded_features\fullsign225_manual5_team_features\WATER\manual_fullsign225_20260519_155440_seq0026.npy,C:\BSIT 3RD YEAR\New VovGest\external_datasets\fullsign225_manual5_team_features_v2\WATER\CED_BATCH01_MANUAL16_WATER_096_F2B14903.npy,copied,"(30, 225)",
CED,BATCH01_MANUAL16,WATER,C:\BSIT 3RD YEAR\New VovGest\external_datasets\team_incoming_recorded_features\CED\batch_01_manual16\recorded_features\fullsign225_manual5_team_features,C:\BSIT 3RD YEAR\New VovGest\external_datasets\team_incoming_recorded_features\CED\batch_01_manual16\recorded_features\fullsign225_manual5_team_features\WATER\manual_fullsign225_20260519_155440_seq0027.npy,C:\BSIT 3RD YEAR\New VovGest\external_datasets\fullsign225_manual5_team_features_v2\WATER\CED_BATCH01_MANUAL16_WATER_097_7AD8AF36.npy,copied,"(30, 225)",
CED,BATCH01_MANUAL16,WATER,C:\BSIT 3RD YEAR\New VovGest\external_datasets\team_incoming_recorded_features\CED\batch_01_manual16\recorded_features\fullsign225_manual5_team_features,C:\BSIT 3RD YEAR\New VovGest\external_datasets\team_incoming_recorded_features\CED\batch_01_manual16\recorded_features\fullsign225_manual5_team_features\WATER\manual_fullsign225_20260519_155440_seq0028.npy,C:\BSIT 3RD YEAR\New VovGest\external_datasets\fullsign225_manual5_team_features_v2\WATER\CED_BATCH01_MANUAL16_WATER_098_9B597980.npy,copied,"(30, 225)",
CED,BATCH01_MANUAL16,WATER,C:\BSIT 3RD YEAR\New VovGest\external_datasets\team_incoming_recorded_features\CED\batch_01_manual16\recorded_features\fullsign225_manual5_team_features,C:\BSIT 3RD YEAR\New VovGest\external_datasets\team_incoming_recorded_features\CED\batch_01_manual16\recorded_features\fullsign225_manual5_team_features\WATER\manual_fullsign225_20260519_155440_seq0029.npy,C:\BSIT 3RD YEAR\New VovGest\external_datasets\fullsign225_manual5_team_features_v2\WATER\CED_BATCH01_MANUAL16_WATER_099_9E8FDE7E.npy,copied,"(30, 225)",
CED,BATCH01_MANUAL16,WATER,C:\BSIT 3RD YEAR\New VovGest\external_datasets\team_incoming_recorded_features\CED\batch_01_manual16\recorded_features\fullsign225_manual5_team_features,C:\BSIT 3RD YEAR\New VovGest\external_datasets\team_incoming_recorded_features\CED\batch_01_manual16\recorded_features\fullsign225_manual5_team_features\WATER\manual_fullsign225_20260519_155440_seq0030.npy,C:\BSIT 3RD YEAR\New VovGest\external_datasets\fullsign225_manual5_team_features_v2\WATER\CED_BATCH01_MANUAL16_WATER_100_0CE73744.npy,copied,"(30, 225)",
CED,BATCH01_MANUAL16,WATER,C:\BSIT 3RD YEAR\New VovGest\external_datasets\team_incoming_recorded_features\CED\batch_01_manual16\recorded_features\fullsign225_manual5_team_features,C:\BSIT 3RD YEAR\New VovGest\external_datasets\team_incoming_recorded_features\CED\batch_01_manual16\recorded_features\fullsign225_manual5_team_features\WATER\manual_fullsign225_20260522_013906_seq0031.npy,C:\BSIT 3RD YEAR\New VovGest\external_datasets\fullsign225_manual5_team_features_v2\WATER\CED_BATCH01_MANUAL16_WATER_101_9CCDBF31.npy,copied,"(30, 225)",
CED,BATCH01_MANUAL16,WATER,C:\BSIT 3RD YEAR\New VovGest\external_datasets\team_incoming_recorded_features\CED\batch_01_manual16\recorded_features\fullsign225_manual5_team_features,C:\BSIT 3RD YEAR\New VovGest\external_datasets\team_incoming_recorded_features\CED\batch_01_manual16\recorded_features\fullsign225_manual5_team_features\WATER\manual_fullsign225_20260522_013906_seq0032.npy,C:\BSIT 3RD YEAR\New VovGest\external_datasets\fullsign225_manual5_team_features_v2\WATER\CED_BATCH01_MANUAL16_WATER_102_D4D7F8F9.npy,copied,"(30, 225)",
CED,BATCH01_MANUAL16,WATER,C:\BSIT 3RD YEAR\New VovGest\external_datasets\team_incoming_recorded_features\CED\batch_01_manual16\recorded_features\fullsign225_manual5_team_features,C:\BSIT 3RD YEAR\New VovGest\external_datasets\team_incoming_recorded_features\CED\batch_01_manual16\recorded_features\fullsign225_manual5_team_features\WATER\manual_fullsign225_20260522_013906_seq0033.npy,C:\BSIT 3RD YEAR\New VovGest\external_datasets\fullsign225_manual5_team_features_v2\WATER\CED_BATCH01_MANUAL16_WATER_103_E1B3E186.npy,copied,"(30, 225)",
CED,BATCH01_MANUAL16,WATER,C:\BSIT 3RD YEAR\New VovGest\external_datasets\team_incoming_recorded_features\CED\batch_01_manual16\recorded_features\fullsign225_manual5_team_features,C:\BSIT 3RD YEAR\New VovGest\external_datasets\team_incoming_recorded_features\CED\batch_01_manual16\recorded_features\fullsign225_manual5_team_features\WATER\manual_fullsign225_20260522_013906_seq0034.npy,C:\BSIT 3RD YEAR\New VovGest\external_datasets\fullsign225_manual5_team_features_v2\WATER\CED_BATCH01_MANUAL16_WATER_104_5EA780A7.npy,copied,"(30, 225)",
CED,BATCH01_MANUAL16,WATER,C:\BSIT 3RD YEAR\New VovGest\external_datasets\team_incoming_recorded_features\CED\batch_01_manual16\recorded_features\fullsign225_manual5_team_features,C:\BSIT 3RD YEAR\New VovGest\external_datasets\team_incoming_recorded_features\CED\batch_01_manual16\recorded_features\fullsign225_manual5_team_features\WATER\manual_fullsign225_20260522_013906_seq0035.npy,C:\BSIT 3RD YEAR\New VovGest\external_datasets\fullsign225_manual5_team_features_v2\WATER\CED_BATCH01_MANUAL16_WATER_105_2724F850.npy,copied,"(30, 225)",
CED,BATCH01_MANUAL16,WATER,C:\BSIT 3RD YEAR\New VovGest\external_datasets\team_incoming_recorded_features\CED\batch_01_manual16\recorded_features\fullsign225_manual5_team_features,C:\BSIT 3RD YEAR\New VovGest\external_datasets\team_incoming_recorded_features\CED\batch_01_manual16\recorded_features\fullsign225_manual5_team_features\WATER\manual_fullsign225_20260522_013906_seq0036.npy,C:\BSIT 3RD YEAR\New VovGest\external_datasets\fullsign225_manual5_team_features_v2\WATER\CED_BATCH01_MANUAL16_WATER_106_B8E01AF5.npy,copied,"(30, 225)",
CED,BATCH01_MANUAL16,WATER,C:\BSIT 3RD YEAR\New VovGest\external_datasets\team_incoming_recorded_features\CED\batch_01_manual16\recorded_features\fullsign225_manual5_team_features,C:\BSIT 3RD YEAR\New VovGest\external_datasets\team_incoming_recorded_features\CED\batch_01_manual16\recorded_features\fullsign225_manual5_team_features\WATER\manual_fullsign225_20260522_013906_seq0037.npy,C:\BSIT 3RD YEAR\New VovGest\external_datasets\fullsign225_manual5_team_features_v2\WATER\CED_BATCH01_MANUAL16_WATER_107_D7B56245.npy,copied,"(30, 225)",
CED,BATCH01_MANUAL16,WATER,C:\BSIT 3RD YEAR\New VovGest\external_datasets\team_incoming_recorded_features\CED\batch_01_manual16\recorded_features\fullsign225_manual5_team_features,C:\BSIT 3RD YEAR\New VovGest\external_datasets\team_incoming_recorded_features\CED\batch_01_manual16\recorded_features\fullsign225_manual5_team_features\WATER\manual_fullsign225_20260522_013906_seq0038.npy,C:\BSIT 3RD YEAR\New VovGest\external_datasets\fullsign225_manual5_team_features_v2\WATER\CED_BATCH01_MANUAL16_WATER_108_58D36219.npy,copied,"(30, 225)",
CED,BATCH01_MANUAL16,WATER,C:\BSIT 3RD YEAR\New VovGest\external_datasets\team_incoming_recorded_features\CED\batch_01_manual16\recorded_features\fullsign225_manual5_team_features,C:\BSIT 3RD YEAR\New VovGest\external_datasets\team_incoming_recorded_features\CED\batch_01_manual16\recorded_features\fullsign225_manual5_team_features\WATER\manual_fullsign225_20260522_013906_seq0039.npy,C:\BSIT 3RD YEAR\New VovGest\external_datasets\fullsign225_manual5_team_features_v2\WATER\CED_BATCH01_MANUAL16_WATER_109_9DFA1BF3.npy,copied,"(30, 225)",
CED,BATCH01_MANUAL16,WATER,C:\BSIT 3RD YEAR\New VovGest\external_datasets\team_incoming_recorded_features\CED\batch_01_manual16\recorded_features\fullsign225_manual5_team_features,C:\BSIT 3RD YEAR\New VovGest\external_datasets\team_incoming_recorded_features\CED\batch_01_manual16\recorded_features\fullsign225_manual5_team_features\WATER\manual_fullsign225_20260522_013906_seq0040.npy,C:\BSIT 3RD YEAR\New VovGest\external_datasets\fullsign225_manual5_team_features_v2\WATER\CED_BATCH01_MANUAL16_WATER_110_16EB02C4.npy,copied,"(30, 225)",
CED,BATCH01_MANUAL16,WATER,C:\BSIT 3RD YEAR\New VovGest\external_datasets\team_incoming_recorded_features\CED\batch_01_manual16\recorded_features\fullsign225_manual5_team_features,C:\BSIT 3RD YEAR\New VovGest\external_datasets\team_incoming_recorded_features\CED\batch_01_manual16\recorded_features\fullsign225_manual5_team_features\WATER\manual_fullsign225_20260522_013906_seq0041.npy,C:\BSIT 3RD YEAR\New VovGest\external_datasets\fullsign225_manual5_team_features_v2\WATER\CED_BATCH01_MANUAL16_WATER_111_75A21291.npy,copied,"(30, 225)",
CED,BATCH01_MANUAL16,WATER,C:\BSIT 3RD YEAR\New VovGest\external_datasets\team_incoming_recorded_features\CED\batch_01_manual16\recorded_features\fullsign225_manual5_team_features,C:\BSIT 3RD YEAR\New VovGest\external_datasets\team_incoming_recorded_features\CED\batch_01_manual16\recorded_features\fullsign225_manual5_team_features\WATER\manual_fullsign225_20260522_013906_seq0042.npy,C:\BSIT 3RD YEAR\New VovGest\external_datasets\fullsign225_manual5_team_features_v2\WATER\CED_BATCH01_MANUAL16_WATER_112_252E7737.npy,copied,"(30, 225)",
CED,BATCH01_MANUAL16,WATER,C:\BSIT 3RD YEAR\New VovGest\external_datasets\team_incoming_recorded_features\CED\batch_01_manual16\recorded_features\fullsign225_manual5_team_features,C:\BSIT 3RD YEAR\New VovGest\external_datasets\team_incoming_recorded_features\CED\batch_01_manual16\recorded_features\fullsign225_manual5_team_features\WATER\manual_fullsign225_20260522_013906_seq0043.npy,C:\BSIT 3RD YEAR\New VovGest\external_datasets\fullsign225_manual5_team_features_v2\WATER\CED_BATCH01_MANUAL16_WATER_113_A6209AE4.npy,copied,"(30, 225)",
CED,BATCH01_MANUAL16,WATER,C:\BSIT 3RD YEAR\New VovGest\external_datasets\team_incoming_recorded_features\CED\batch_01_manual16\recorded_features\fullsign225_manual5_team_features,C:\BSIT 3RD YEAR\New VovGest\external_datasets\team_incoming_recorded_features\CED\batch_01_manual16\recorded_features\fullsign225_manual5_team_features\WATER\manual_fullsign225_20260522_013906_seq0044.npy,C:\BSIT 3RD YEAR\New VovGest\external_datasets\fullsign225_manual5_team_features_v2\WATER\CED_BATCH01_MANUAL16_WATER_114_D6372ACB.npy,copied,"(30, 225)",
CED,BATCH01_MANUAL16,WATER,C:\BSIT 3RD YEAR\New VovGest\external_datasets\team_incoming_recorded_features\CED\batch_01_manual16\recorded_features\fullsign225_manual5_team_features,C:\BSIT 3RD YEAR\New VovGest\external_datasets\team_incoming_recorded_features\CED\batch_01_manual16\recorded_features\fullsign225_manual5_team_features\WATER\manual_fullsign225_20260522_013906_seq0045.npy,C:\BSIT 3RD YEAR\New VovGest\external_datasets\fullsign225_manual5_team_features_v2\WATER\CED_BATCH01_MANUAL16_WATER_115_2BF9F48F.npy,copied,"(30, 225)",
CED,BATCH01_MANUAL16,WATER,C:\BSIT 3RD YEAR\New VovGest\external_datasets\team_incoming_recorded_features\CED\batch_01_manual16\recorded_features\fullsign225_manual5_team_features,C:\BSIT 3RD YEAR\New VovGest\external_datasets\team_incoming_recorded_features\CED\batch_01_manual16\recorded_features\fullsign225_manual5_team_features\WATER\manual_fullsign225_20260522_013906_seq0046.npy,C:\BSIT 3RD YEAR\New VovGest\external_datasets\fullsign225_manual5_team_features_v2\WATER\CED_BATCH01_MANUAL16_WATER_116_B8E59CDE.npy,copied,"(30, 225)",
CED,BATCH01_MANUAL16,WATER,C:\BSIT 3RD YEAR\New VovGest\external_datasets\team_incoming_recorded_features\CED\batch_01_manual16\recorded_features\fullsign225_manual5_team_features,C:\BSIT 3RD YEAR\New VovGest\external_datasets\team_incoming_recorded_features\CED\batch_01_manual16\recorded_features\fullsign225_manual5_team_features\WATER\manual_fullsign225_20260522_013906_seq0047.npy,C:\BSIT 3RD YEAR\New VovGest\external_datasets\fullsign225_manual5_team_features_v2\WATER\CED_BATCH01_MANUAL16_WATER_117_E61A3ECE.npy,copied,"(30, 225)",
CED,BATCH01_MANUAL16,WATER,C:\BSIT 3RD YEAR\New VovGest\external_datasets\team_incoming_recorded_features\CED\batch_01_manual16\recorded_features\fullsign225_manual5_team_features,C:\BSIT 3RD YEAR\New VovGest\external_datasets\team_incoming_recorded_features\CED\batch_01_manual16\recorded_features\fullsign225_manual5_team_features\WATER\manual_fullsign225_20260522_013906_seq0048.npy,C:\BSIT 3RD YEAR\New VovGest\external_datasets\fullsign225_manual5_team_features_v2\WATER\CED_BATCH01_MANUAL16_WATER_118_3851813C.npy,copied,"(30, 225)",
CED,BATCH01_MANUAL16,WATER,C:\BSIT 3RD YEAR\New VovGest\external_datasets\team_incoming_recorded_features\CED\batch_01_manual16\recorded_features\fullsign225_manual5_team_features,C:\BSIT 3RD YEAR\New VovGest\external_datasets\team_incoming_recorded_features\CED\batch_01_manual16\recorded_features\fullsign225_manual5_team_features\WATER\manual_fullsign225_20260522_013906_seq0049.npy,C:\BSIT 3RD YEAR\New VovGest\external_datasets\fullsign225_manual5_team_features_v2\WATER\CED_BATCH01_MANUAL16_WATER_119_B4E4C312.npy,copied,"(30, 225)",
CED,BATCH01_MANUAL16,WATER,C:\BSIT 3RD YEAR\New VovGest\external_datasets\team_incoming_recorded_features\CED\batch_01_manual16\recorded_features\fullsign225_manual5_team_features,C:\BSIT 3RD YEAR\New VovGest\external_datasets\team_incoming_recorded_features\CED\batch_01_manual16\recorded_features\fullsign225_manual5_team_features\WATER\manual_fullsign225_20260522_013906_seq0050.npy,C:\BSIT 3RD YEAR\New VovGest\external_datasets\fullsign225_manual5_team_features_v2\WATER\CED_BATCH01_MANUAL16_WATER_120_EED31DC1.npy,copied,"(30, 225)",
CED,BATCH01_MANUAL16,,C:\BSIT 3RD YEAR\New VovGest\external_datasets\team_incoming_recorded_features\CED\batch_01_manual16\recorded_features\fullsign225_manual5_team_features,C:\BSIT 3RD YEAR\New VovGest\external_datasets\team_incoming_recorded_features\CED\batch_01_manual16\recorded_features\fullsign225_manual5_team_features\YES\manual_fullsign225_20260519_154453_seq0001.npy,,skipped_unknown_label,,
CED,BATCH01_MANUAL16,,C:\BSIT 3RD YEAR\New VovGest\external_datasets\team_incoming_recorded_features\CED\batch_01_manual16\recorded_features\fullsign225_manual5_team_features,C:\BSIT 3RD YEAR\New VovGest\external_datasets\team_incoming_recorded_features\CED\batch_01_manual16\recorded_features\fullsign225_manual5_team_features\YES\manual_fullsign225_20260519_154453_seq0002.npy,,skipped_unknown_label,,
CED,BATCH01_MANUAL16,,C:\BSIT 3RD YEAR\New VovGest\external_datasets\team_incoming_recorded_features\CED\batch_01_manual16\recorded_features\fullsign225_manual5_team_features,C:\BSIT 3RD YEAR\New VovGest\external_datasets\team_incoming_recorded_features\CED\batch_01_manual16\recorded_features\fullsign225_manual5_team_features\YES\manual_fullsign225_20260519_154453_seq0003.npy,,skipped_unknown_label,,
CED,BATCH01_MANUAL16,,C:\BSIT 3RD YEAR\New VovGest\external_datasets\team_incoming_recorded_features\CED\batch_01_manual16\recorded_features\fullsign225_manual5_team_features,C:\BSIT 3RD YEAR\New VovGest\external_datasets\team_incoming_recorded_features\CED\batch_01_manual16\recorded_features\fullsign225_manual5_team_features\YES\manual_fullsign225_20260519_154453_seq0004.npy,,skipped_unknown_label,,
CED,BATCH01_MANUAL16,,C:\BSIT 3RD YEAR\New VovGest\external_datasets\team_incoming_recorded_features\CED\batch_01_manual16\recorded_features\fullsign225_manual5_team_features,C:\BSIT 3RD YEAR\New VovGest\external_datasets\team_incoming_recorded_features\CED\batch_01_manual16\recorded_features\fullsign225_manual5_team_features\YES\manual_fullsign225_20260519_154453_seq0005.npy,,skipped_unknown_label,,
CED,BATCH01_MANUAL16,,C:\BSIT 3RD YEAR\New VovGest\external_datasets\team_incoming_recorded_features\CED\batch_01_manual16\recorded_features\fullsign225_manual5_team_features,C:\BSIT 3RD YEAR\New VovGest\external_datasets\team_incoming_recorded_features\CED\batch_01_manual16\recorded_features\fullsign225_manual5_team_features\YES\manual_fullsign225_20260519_154453_seq0006.npy,,skipped_unknown_label,,
CED,BATCH01_MANUAL16,,C:\BSIT 3RD YEAR\New VovGest\external_datasets\team_incoming_recorded_features\CED\batch_01_manual16\recorded_features\fullsign225_manual5_team_features,C:\BSIT 3RD YEAR\New VovGest\external_datasets\team_incoming_recorded_features\CED\batch_01_manual16\recorded_features\fullsign225_manual5_team_features\YES\manual_fullsign225_20260519_154453_seq0007.npy,,skipped_unknown_label,,
CED,BATCH01_MANUAL16,,C:\BSIT 3RD YEAR\New VovGest\external_datasets\team_incoming_recorded_features\CED\batch_01_manual16\recorded_features\fullsign225_manual5_team_features,C:\BSIT 3RD YEAR\New VovGest\external_datasets\team_incoming_recorded_features\CED\batch_01_manual16\recorded_features\fullsign225_manual5_team_features\YES\manual_fullsign225_20260519_154453_seq0008.npy,,skipped_unknown_label,,
CED,BATCH01_MANUAL16,,C:\BSIT 3RD YEAR\New VovGest\external_datasets\team_incoming_recorded_features\CED\batch_01_manual16\recorded_features\fullsign225_manual5_team_features,C:\BSIT 3RD YEAR\New VovGest\external_datasets\team_incoming_recorded_features\CED\batch_01_manual16\recorded_features\fullsign225_manual5_team_features\YES\manual_fullsign225_20260519_154453_seq0009.npy,,skipped_unknown_label,,
CED,BATCH01_MANUAL16,,C:\BSIT 3RD YEAR\New VovGest\external_datasets\team_incoming_recorded_features\CED\batch_01_manual16\recorded_features\fullsign225_manual5_team_features,C:\BSIT 3RD YEAR\New VovGest\external_datasets\team_incoming_recorded_features\CED\batch_01_manual16\recorded_features\fullsign225_manual5_team_features\YES\manual_fullsign225_20260519_154453_seq0010.npy,,skipped_unknown_label,,
CED,BATCH01_MANUAL16,,C:\BSIT 3RD YEAR\New VovGest\external_datasets\team_incoming_recorded_features\CED\batch_01_manual16\recorded_features\fullsign225_manual5_team_features,C:\BSIT 3RD YEAR\New VovGest\external_datasets\team_incoming_recorded_features\CED\batch_01_manual16\recorded_features\fullsign225_manual5_team_features\YES\manual_fullsign225_20260519_154453_seq0011.npy,,skipped_unknown_label,,
CED,BATCH01_MANUAL16,,C:\BSIT 3RD YEAR\New VovGest\external_datasets\team_incoming_recorded_features\CED\batch_01_manual16\recorded_features\fullsign225_manual5_team_features,C:\BSIT 3RD YEAR\New VovGest\external_datasets\team_incoming_recorded_features\CED\batch_01_manual16\recorded_features\fullsign225_manual5_team_features\YES\manual_fullsign225_20260519_154453_seq0012.npy,,skipped_unknown_label,,
CED,BATCH01_MANUAL16,,C:\BSIT 3RD YEAR\New VovGest\external_datasets\team_incoming_recorded_features\CED\batch_01_manual16\recorded_features\fullsign225_manual5_team_features,C:\BSIT 3RD YEAR\New VovGest\external_datasets\team_incoming_recorded_features\CED\batch_01_manual16\recorded_features\fullsign225_manual5_team_features\YES\manual_fullsign225_20260519_154453_seq0013.npy,,skipped_unknown_label,,
CED,BATCH01_MANUAL16,,C:\BSIT 3RD YEAR\New VovGest\external_datasets\team_incoming_recorded_features\CED\batch_01_manual16\recorded_features\fullsign225_manual5_team_features,C:\BSIT 3RD YEAR\New VovGest\external_datasets\team_incoming_recorded_features\CED\batch_01_manual16\recorded_features\fullsign225_manual5_team_features\YES\manual_fullsign225_20260519_154453_seq0014.npy,,skipped_unknown_label,,
CED,BATCH01_MANUAL16,,C:\BSIT 3RD YEAR\New VovGest\external_datasets\team_incoming_recorded_features\CED\batch_01_manual16\recorded_features\fullsign225_manual5_team_features,C:\BSIT 3RD YEAR\New VovGest\external_datasets\team_incoming_recorded_features\CED\batch_01_manual16\recorded_features\fullsign225_manual5_team_features\YES\manual_fullsign225_20260519_154453_seq0015.npy,,skipped_unknown_label,,
CED,BATCH01_MANUAL16,,C:\BSIT 3RD YEAR\New VovGest\external_datasets\team_incoming_recorded_features\CED\batch_01_manual16\recorded_features\fullsign225_manual5_team_features,C:\BSIT 3RD YEAR\New VovGest\external_datasets\team_incoming_recorded_features\CED\batch_01_manual16\recorded_features\fullsign225_manual5_team_features\YES\manual_fullsign225_20260519_154453_seq0016.npy,,skipped_unknown_label,,
CED,BATCH01_MANUAL16,,C:\BSIT 3RD YEAR\New VovGest\external_datasets\team_incoming_recorded_features\CED\batch_01_manual16\recorded_features\fullsign225_manual5_team_features,C:\BSIT 3RD YEAR\New VovGest\external_datasets\team_incoming_recorded_features\CED\batch_01_manual16\recorded_features\fullsign225_manual5_team_features\YES\manual_fullsign225_20260519_154453_seq0017.npy,,skipped_unknown_label,,
CED,BATCH01_MANUAL16,,C:\BSIT 3RD YEAR\New VovGest\external_datasets\team_incoming_recorded_features\CED\batch_01_manual16\recorded_features\fullsign225_manual5_team_features,C:\BSIT 3RD YEAR\New VovGest\external_datasets\team_incoming_recorded_features\CED\batch_01_manual16\recorded_features\fullsign225_manual5_team_features\YES\manual_fullsign225_20260519_154453_seq0018.npy,,skipped_unknown_label,,
CED,BATCH01_MANUAL16,,C:\BSIT 3RD YEAR\New VovGest\external_datasets\team_incoming_recorded_features\CED\batch_01_manual16\recorded_features\fullsign225_manual5_team_features,C:\BSIT 3RD YEAR\New VovGest\external_datasets\team_incoming_recorded_features\CED\batch_01_manual16\recorded_features\fullsign225_manual5_team_features\YES\manual_fullsign225_20260519_154453_seq0019.npy,,skipped_unknown_label,,
CED,BATCH01_MANUAL16,,C:\BSIT 3RD YEAR\New VovGest\external_datasets\team_incoming_recorded_features\CED\batch_01_manual16\recorded_features\fullsign225_manual5_team_features,C:\BSIT 3RD YEAR\New VovGest\external_datasets\team_incoming_recorded_features\CED\batch_01_manual16\recorded_features\fullsign225_manual5_team_features\YES\manual_fullsign225_20260519_154453_seq0020.npy,,skipped_unknown_label,,
CED,BATCH01_MANUAL16,,C:\BSIT 3RD YEAR\New VovGest\external_datasets\team_incoming_recorded_features\CED\batch_01_manual16\recorded_features\fullsign225_manual5_team_features,C:\BSIT 3RD YEAR\New VovGest\external_datasets\team_incoming_recorded_features\CED\batch_01_manual16\recorded_features\fullsign225_manual5_team_features\YES\manual_fullsign225_20260519_154453_seq0021.npy,,skipped_unknown_label,,
CED,BATCH01_MANUAL16,,C:\BSIT 3RD YEAR\New VovGest\external_datasets\team_incoming_recorded_features\CED\batch_01_manual16\recorded_features\fullsign225_manual5_team_features,C:\BSIT 3RD YEAR\New VovGest\external_datasets\team_incoming_recorded_features\CED\batch_01_manual16\recorded_features\fullsign225_manual5_team_features\YES\manual_fullsign225_20260519_154453_seq0022.npy,,skipped_unknown_label,,
CED,BATCH01_MANUAL16,,C:\BSIT 3RD YEAR\New VovGest\external_datasets\team_incoming_recorded_features\CED\batch_01_manual16\recorded_features\fullsign225_manual5_team_features,C:\BSIT 3RD YEAR\New VovGest\external_datasets\team_incoming_recorded_features\CED\batch_01_manual16\recorded_features\fullsign225_manual5_team_features\YES\manual_fullsign225_20260519_154453_seq0023.npy,,skipped_unknown_label,,
CED,BATCH01_MANUAL16,,C:\BSIT 3RD YEAR\New VovGest\external_datasets\team_incoming_recorded_features\CED\batch_01_manual16\recorded_features\fullsign225_manual5_team_features,C:\BSIT 3RD YEAR\New VovGest\external_datasets\team_incoming_recorded_features\CED\batch_01_manual16\recorded_features\fullsign225_manual5_team_features\YES\manual_fullsign225_20260519_154453_seq0024.npy,,skipped_unknown_label,,
CED,BATCH01_MANUAL16,,C:\BSIT 3RD YEAR\New VovGest\external_datasets\team_incoming_recorded_features\CED\batch_01_manual16\recorded_features\fullsign225_manual5_team_features,C:\BSIT 3RD YEAR\New VovGest\external_datasets\team_incoming_recorded_features\CED\batch_01_manual16\recorded_features\fullsign225_manual5_team_features\YES\manual_fullsign225_20260519_154453_seq0025.npy,,skipped_unknown_label,,
CED,BATCH01_MANUAL16,,C:\BSIT 3RD YEAR\New VovGest\external_datasets\team_incoming_recorded_features\CED\batch_01_manual16\recorded_features\fullsign225_manual5_team_features,C:\BSIT 3RD YEAR\New VovGest\external_datasets\team_incoming_recorded_features\CED\batch_01_manual16\recorded_features\fullsign225_manual5_team_features\YES\manual_fullsign225_20260519_154453_seq0026.npy,,skipped_unknown_label,,
CED,BATCH01_MANUAL16,,C:\BSIT 3RD YEAR\New VovGest\external_datasets\team_incoming_recorded_features\CED\batch_01_manual16\recorded_features\fullsign225_manual5_team_features,C:\BSIT 3RD YEAR\New VovGest\external_datasets\team_incoming_recorded_features\CED\batch_01_manual16\recorded_features\fullsign225_manual5_team_features\YES\manual_fullsign225_20260519_154453_seq0027.npy,,skipped_unknown_label,,
CED,BATCH01_MANUAL16,,C:\BSIT 3RD YEAR\New VovGest\external_datasets\team_incoming_recorded_features\CED\batch_01_manual16\recorded_features\fullsign225_manual5_team_features,C:\BSIT 3RD YEAR\New VovGest\external_datasets\team_incoming_recorded_features\CED\batch_01_manual16\recorded_features\fullsign225_manual5_team_features\YES\manual_fullsign225_20260519_154453_seq0028.npy,,skipped_unknown_label,,
CED,BATCH01_MANUAL16,,C:\BSIT 3RD YEAR\New VovGest\external_datasets\team_incoming_recorded_features\CED\batch_01_manual16\recorded_features\fullsign225_manual5_team_features,C:\BSIT 3RD YEAR\New VovGest\external_datasets\team_incoming_recorded_features\CED\batch_01_manual16\recorded_features\fullsign225_manual5_team_features\YES\manual_fullsign225_20260519_154453_seq0029.npy,,skipped_unknown_label,,
CED,BATCH01_MANUAL16,,C:\BSIT 3RD YEAR\New VovGest\external_datasets\team_incoming_recorded_features\CED\batch_01_manual16\recorded_features\fullsign225_manual5_team_features,C:\BSIT 3RD YEAR\New VovGest\external_datasets\team_incoming_recorded_features\CED\batch_01_manual16\recorded_features\fullsign225_manual5_team_features\YES\manual_fullsign225_20260519_154453_seq0030.npy,,skipped_unknown_label,,
